machine_id,timestamp,temperature,humidity,vibration,load_pct,operating_hours,days_since_maintenance,failure
MAQ-002,2026-01-01 00:00:00,84.44440859874172,61.87042962063305,4.323959363289256,69.09683323673141,17614.239533655807,118.0,0
MAQ-016,2026-01-01 00:30:00,59.13083422723413,54.0392528002868,6.8427915171012295,68.27285694756175,35751.95875799415,148.0,0
MAQ-014,2026-01-01 01:00:00,57.193611661188825,74.55386650371457,3.6533128436508173,62.23778626473715,18121.78588764074,235.0,0
MAQ-009,2026-01-01 01:30:00,76.89558932522482,43.894368932414004,2.4030489522482164,98.67111424479594,28936.244949308806,50.0,0
MAQ-009,2026-01-01 02:00:00,84.82829863697972,,3.732924707899276,50.734665418086834,18554.795785970262,216.0,0
MAQ-018,2026-01-01 02:30:00,70.60384753000695,64.69296136553949,3.8600451986442805,58.5465092508189,14981.059369573473,230.0,0
MAQ-002,2026-01-01 03:00:00,50.70409997374455,54.783461441818964,1.952606623616728,40.25329709840007,17692.390974396083,112.0,0
MAQ-014,2026-01-01 03:30:00,49.59612450566009,49.33114046637138,7.599461937290137,79.53462154649011,30759.181253667837,80.0,0
MAQ-005,2026-01-01 04:00:00,48.592953967206384,98.68001965716465,1.328265057035267,53.35701987284653,30200.801629532587,38.0,0
MAQ-002,2026-01-01 04:30:00,43.485668305909286,,6.481339424525187,55.59928836547357,17327.151326754472,11.0,0
MAQ-011,2026-01-01 05:00:00,71.64228039170631,60.36279718543146,3.6471455330241596,54.661267356856385,10777.935274603755,236.0,0
MAQ-020,2026-01-01 05:30:00,86.87565882562038,41.496056735641616,2.4196511914326564,66.25443832124776,5651.168859441435,103.0,0
MAQ-015,2026-01-01 06:00:00,69.79876319612787,87.1411734751835,4.684816202533417,39.98480830681708,154.65080557174528,160.0,0
MAQ-016,2026-01-01 06:30:00,36.09377863993222,70.96287391838567,2.8193890351106927,20.135094677954783,4618.977564624259,57.0,0
MAQ-015,2026-01-01 07:00:00,67.13859309498177,42.78970218085941,0.9412112285603388,74.15408074785543,6669.74508115673,77.0,0
MAQ-016,2026-01-01 07:30:00,67.55801505051089,64.2267098817621,1.2431643750307761,22.728845875925792,27628.517860145435,196.0,0
MAQ-011,2026-01-01 08:00:00,101.43998125338159,59.638522982977996,2.682413138639565,82.08275567954757,32734.84348945736,157.0,1
MAQ-003,2026-01-01 08:30:00,48.142931306206656,45.7007542844547,2.1755085183569127,96.17055499070295,29504.132082625238,52.0,0
MAQ-017,2026-01-01 09:00:00,64.13983596101207,68.64695591010712,6.381640337971887,61.71552392129934,28956.987411373975,1.0,0
MAQ-010,2026-01-01 09:30:00,95.58779020816846,62.00749703987938,2.0962634880755164,90.9898589344098,39773.392527492346,196.0,1
MAQ-011,2026-01-01 10:00:00,76.74967512019822,58.88257684994714,1.9935656287030543,64.51487160913561,38507.64979890752,19.0,0
MAQ-008,2026-01-01 10:30:00,78.44969610274637,54.245445197638084,1.7874370469370786,96.9848231815574,10827.00308565654,8.0,0
MAQ-004,2026-01-01 11:00:00,71.71876655535817,62.75898086679372,1.6632550857306048,55.875642957735785,5889.5199069794335,72.0,0
MAQ-019,2026-01-01 11:30:00,74.94915307985897,59.12897790686427,1.709151826378778,17.702363811377566,6216.599693633959,222.0,0
MAQ-016,2026-01-01 12:00:00,81.66414295417803,56.06367999445031,1.0791537641185815,63.40176511786996,35834.706161380185,154.0,0
MAQ-013,2026-01-01 12:30:00,57.85770521660851,43.46171351222386,3.758987420950005,99.15926386821477,4183.63923343579,10.0,0
MAQ-009,2026-01-01 13:00:00,83.170878683623,85.48779233372487,3.001268991692852,75.69936611880836,13671.752338368675,220.0,1
MAQ-017,2026-01-01 13:30:00,49.40495474671691,36.09244101972615,2.9081429477868226,54.69353542924312,21260.82648400079,225.0,0
MAQ-011,2026-01-01 14:00:00,74.92551959247307,62.69745193983541,0.7638535932825187,71.57802338569464,24576.67509695918,167.0,0
MAQ-009,2026-01-01 14:30:00,72.68111444929491,49.23566663857421,4.406270706002891,84.42249676905105,23869.732248813503,17.0,0
MAQ-010,2026-01-01 15:00:00,60.75560367711838,86.6718508500874,4.7179788450222775,63.28767122171058,31477.668113383,3.0,0
MAQ-005,2026-01-01 15:30:00,69.6597208701153,38.73731432997087,8.848990399183563,117.52780170684758,22910.5612153564,209.0,1
MAQ-002,2026-01-01 16:00:00,60.6618977100167,41.76526128831402,4.542408788580442,54.651640869610254,34056.75691932395,197.0,0
MAQ-012,2026-01-01 16:30:00,53.92448009707384,37.543274861287145,10.031801330195501,85.05021444089496,3476.745940480173,199.0,0
MAQ-018,2026-01-01 17:00:00,64.69577887579534,60.82237091711099,1.9152464957027842,80.238744729636,34372.72159704974,116.0,1
MAQ-002,2026-01-01 17:30:00,53.44017046942508,30.285088127764446,9.162737046159853,51.00345150603885,23641.12611500244,142.0,0
MAQ-018,2026-01-01 18:00:00,74.84196196139872,46.386487094360206,,56.511194653046545,8995.009377428983,41.0,0
MAQ-017,2026-01-01 18:30:00,52.74871758771455,16.257415188622872,4.245001778738815,85.3619729495873,39111.95322904488,8.0,0
MAQ-006,2026-01-01 19:00:00,80.67965534486576,59.32758437430563,2.85266656264826,67.89575775208482,37595.39752178031,53.0,0
MAQ-013,2026-01-01 19:30:00,52.277813981067695,45.99613254238727,2.4121205137063377,71.76143453454546,33844.46028478109,149.0,0
MAQ-004,2026-01-01 20:00:00,61.505576266284905,28.214978609226645,2.035767889101002,32.280652925912854,36472.685810977506,96.0,0
MAQ-016,2026-01-01 20:30:00,60.630948876772315,74.54096925353306,9.367592108480006,78.11997310324203,15347.454669707731,148.0,0
MAQ-015,2026-01-01 21:00:00,89.87720093312258,31.461995829071093,2.7844011140154996,70.74593688165136,9189.41441073862,105.0,0
MAQ-008,2026-01-01 21:30:00,74.95434918424888,69.34498642050788,4.703557840364432,63.72179954717693,7397.864080203352,133.0,0
MAQ-002,2026-01-01 22:00:00,66.82399296183408,42.38126516821952,5.4332477386358144,72.21783726118153,34963.0227435856,228.0,1
MAQ-020,2026-01-01 22:30:00,77.48079161604585,83.82828480211766,5.380576384489725,56.81564585751501,33082.59082115336,151.0,1
MAQ-009,2026-01-01 23:00:00,38.39211479005468,68.49190970067063,,53.16194992233052,39239.441495064006,228.0,0
MAQ-018,2026-01-01 23:30:00,69.35299615538639,36.85513832426749,9.051877465269797,60.1622893672178,33945.25884801847,232.0,1
MAQ-014,2026-01-02 00:00:00,99.96271266707144,38.49251406021449,4.449223013241656,55.71593643363405,25331.39996566696,148.0,0
MAQ-016,2026-01-02 00:30:00,71.9851975960401,65.89945369403758,1.9941735998279835,108.61059122086401,5777.041859774847,238.0,0
MAQ-016,2026-01-02 01:00:00,71.01869753754004,50.277193647217,2.5006233290382207,83.2374145768718,6677.416780333792,59.0,0
MAQ-004,2026-01-02 01:30:00,78.22192569463294,51.95183487361542,0.8080046076822066,45.63062152056598,19000.61111917539,124.0,0
MAQ-008,2026-01-02 02:00:00,83.43407864971519,77.90029951189777,4.069050535062982,105.72592004521684,30735.041692660187,17.0,0
MAQ-010,2026-01-02 02:30:00,40.03799960665211,41.52360027934078,4.979442115163761,56.342867771273745,7013.688068092311,22.0,0
MAQ-010,2026-01-02 03:00:00,44.7651027731346,56.64328789915818,5.278485989731306,65.5891073492857,36629.14856636122,31.0,0
MAQ-001,2026-01-02 03:30:00,73.1543693662922,72.18330028574151,4.645372050973515,82.9483438986264,27383.25014642555,32.0,0
MAQ-011,2026-01-02 04:00:00,59.27685157153736,69.5641147909408,2.8601578788825015,25.600229122047693,12561.13270881214,98.0,0
MAQ-004,2026-01-02 04:30:00,89.68037893329871,52.12697198462789,3.2757686044227,60.25948306118062,35441.80772720595,172.0,0
MAQ-015,2026-01-02 05:00:00,65.27238415172164,49.79969414465215,3.282828194509858,53.53332298065665,23985.351690419535,236.0,1
MAQ-014,2026-01-02 05:30:00,40.98203896430323,23.70132167462323,6.396751077941279,69.1016015908827,29353.023432802547,235.0,0
MAQ-019,2026-01-02 06:00:00,50.979791247340046,35.987590132026476,0.5210896251019864,72.40099366530885,15479.144029596751,42.0,0
MAQ-015,2026-01-02 06:30:00,28.75485970554137,60.7304660783452,2.2853108666302226,63.45481269335297,15802.666518601767,104.0,0
MAQ-008,2026-01-02 07:00:00,66.48811694075631,52.51812059903975,1.4000328846071364,62.52705403642024,603.4410622106684,103.0,0
MAQ-020,2026-01-02 07:30:00,67.17423809103425,56.34868741419208,11.483376414647777,86.3026274527089,21562.290707924873,23.0,1
MAQ-009,2026-01-02 08:00:00,63.633059353271534,73.7065649734131,7.25465564697469,71.02971860668076,30455.792552771283,9.0,0
MAQ-007,2026-01-02 08:30:00,86.18318558544608,33.62818403687906,2.3620006162955227,65.82850020103886,38756.098092105494,84.0,0
MAQ-019,2026-01-02 09:00:00,87.9777975477504,50.7487545598123,0.976109283956707,67.95741182920278,35699.85078465868,205.0,0
MAQ-008,2026-01-02 09:30:00,67.44417364965832,58.39679734140192,1.2464301728712077,101.71777995060437,3570.944544974923,92.0,0
MAQ-002,2026-01-02 10:00:00,37.97959498784716,42.32512112365871,6.338688483673821,68.45347953968212,39222.75280223666,92.0,0
MAQ-010,2026-01-02 10:30:00,79.25922370738388,80.76658805069351,0.7841129010869661,54.711029900685894,6064.279491133937,239.0,0
MAQ-016,2026-01-02 11:00:00,78.33040342762862,71.35456242903666,3.31503541078803,26.820018227778817,1740.4605058441127,90.0,0
MAQ-004,2026-01-02 11:30:00,74.64087355235418,60.2223998875976,5.656812683050117,36.32125251930093,29982.30043518219,164.0,1
MAQ-010,2026-01-02 12:00:00,84.72219623962174,87.29617202791457,1.1385748775228075,55.65948209840478,36244.869368133135,235.0,0
MAQ-003,2026-01-02 12:30:00,52.527578553084396,28.01988496701744,3.2888962884060917,62.83246312091705,37996.33795040507,28.0,0
MAQ-014,2026-01-02 13:00:00,100.13133079277708,54.86092694009773,2.3929485109701014,53.88757080779523,33016.54669987186,122.0,0
MAQ-010,2026-01-02 13:30:00,55.60858370287198,61.5940654408131,2.1534708730118197,72.0228795409162,8275.75800688408,80.0,0
MAQ-007,2026-01-02 14:00:00,81.23834390801282,38.5380091577094,1.8701277718029152,53.62983910983383,6244.716288327001,28.0,0
MAQ-005,2026-01-02 14:30:00,44.68978458379972,60.41286175271911,5.976579837550045,46.7102145972914,2452.8422551009685,11.0,0
MAQ-012,2026-01-02 15:00:00,56.04602969094924,35.08151511181819,8.284874696196905,77.25287670714826,23320.566287775513,155.0,0
MAQ-014,2026-01-02 15:30:00,92.74552970088004,67.43003172893656,2.6912953800737722,92.38788993756026,19540.124928905338,156.0,0
MAQ-019,2026-01-02 16:00:00,66.08650265498726,74.04102582632032,4.257977386818281,42.85664804506904,4460.415976611224,134.0,0
MAQ-009,2026-01-02 16:30:00,82.59883907699196,59.90200122030991,3.3449788981172266,69.87431727415624,18646.60203499536,161.0,0
MAQ-004,2026-01-02 17:00:00,73.55433083078869,21.64963932883098,0.5993803842920918,26.89990683692364,22736.211262326036,172.0,0
MAQ-017,2026-01-02 17:30:00,68.4256276599974,37.59771661901138,2.6104773048754235,35.509237385456814,28945.890276068887,13.0,0
MAQ-013,2026-01-02 18:00:00,90.45775487399035,65.1647800578369,0.4789146552562087,53.224683440456545,16626.483044333487,8.0,0
MAQ-015,2026-01-02 18:30:00,66.4501176302215,55.381575583222585,2.237757870592826,87.69820864754386,12802.262638429744,80.0,0
MAQ-002,2026-01-02 19:00:00,43.288928386547944,6.507952881535218,3.222156039084909,49.425879405890505,26660.600006349778,136.0,0
MAQ-007,2026-01-02 19:30:00,57.951398620724426,77.37094690962833,5.352174304645144,48.677990504689014,27400.523357517257,216.0,0
MAQ-016,2026-01-02 20:00:00,78.2678759305254,57.459817112568984,3.991210095419886,65.721745637889,10890.099411125766,235.0,1
MAQ-017,2026-01-02 20:30:00,75.93263659543763,40.256656047999186,6.08107741800295,65.74167222299701,890.9409812613553,198.0,0
MAQ-009,2026-01-02 21:00:00,46.494126246468426,72.90920075619995,1.6268103296921619,49.297370544906606,37833.05373272653,69.0,0
MAQ-017,2026-01-02 21:30:00,59.13486220887698,42.80427976767582,7.605546115270878,104.72443134526478,30235.927617720972,137.0,0
MAQ-017,2026-01-02 22:00:00,61.2741797619663,42.60786188312414,8.290637315946816,59.692732537692535,8124.062945087823,27.0,0
MAQ-008,2026-01-02 22:30:00,64.51795608828662,61.45034771825265,0.45156180531510365,67.2716996483616,22670.059474655212,116.0,0
MAQ-018,2026-01-02 23:00:00,49.36129617097673,87.0586922663613,0.7385685540268577,56.96440924579116,23838.40647397517,23.0,0
MAQ-006,2026-01-02 23:30:00,60.57443337820782,84.22456920351195,3.1660639461271796,73.79943124302359,5126.946416627601,238.0,0
MAQ-005,2026-01-03 00:00:00,59.070842721107084,61.47480698027392,2.106334804871783,89.69915119408233,7747.117784848373,108.0,0
MAQ-014,2026-01-03 00:30:00,81.57299889642879,63.32294185930576,2.376464612226238,98.27327393909145,38272.590006905135,173.0,0
MAQ-013,2026-01-03 01:00:00,82.13681966485366,69.24698077752686,3.9653953560253408,49.75468649472239,20369.633314833816,24.0,0
MAQ-003,2026-01-03 01:30:00,67.81284312866777,32.374293843351715,6.244626395175593,87.01590352602425,7738.544553799695,228.0,1
MAQ-017,2026-01-03 02:00:00,64.11940306193902,66.59467006873568,1.554258489190963,75.99361639102037,31923.232688350938,125.0,0
MAQ-004,2026-01-03 02:30:00,72.0988646805867,41.7866775734165,6.94999447564246,84.49073218920155,18875.87477108556,17.0,0
MAQ-017,2026-01-03 03:00:00,57.75137338816638,60.732605202338455,1.8424518309416176,63.16241454614405,25572.64212258048,88.0,0
MAQ-001,2026-01-03 03:30:00,52.797518767488384,50.90558270306793,12.49128947309234,61.25918453435639,11970.311192179299,50.0,0
MAQ-016,2026-01-03 04:00:00,55.89668186611425,64.02174988805587,7.641788082017224,83.71429291427987,2410.3735204255922,16.0,0
MAQ-016,2026-01-03 04:30:00,60.47780254042815,57.12586237011628,2.001364899922804,84.09385012112574,6681.274520205366,7.0,0
MAQ-016,2026-01-03 05:00:00,52.54789300311593,-0.3145448747833939,0.9973826837675478,96.31441127723772,38924.1724355248,170.0,0
MAQ-014,2026-01-03 05:30:00,72.43089338594312,58.22005081069325,1.9638379597256295,68.97095110900979,24981.178589545794,208.0,0
MAQ-010,2026-01-03 06:00:00,80.94573510675562,66.55875314138673,1.7478117429728184,62.86170744730486,33260.299423118784,158.0,0
MAQ-015,2026-01-03 06:30:00,46.193525488026374,63.02671027009217,4.905050580076524,15.802928400115917,958.6303611603865,166.0,0
MAQ-006,2026-01-03 07:00:00,70.3769306682405,53.15345296824557,0.464974155767687,32.77478924009331,30641.953796059246,8.0,0
MAQ-016,2026-01-03 07:30:00,66.70096307100496,84.5589104547473,0.7480505768482086,57.11496789633214,19449.587455020366,42.0,0
MAQ-012,2026-01-03 08:00:00,75.12263028305205,60.6047163241899,4.809094655778757,42.9788213750757,26645.78428716077,8.0,0
MAQ-010,2026-01-03 08:30:00,69.80591847844617,62.878119403475914,1.6855896160991777,81.28261130866493,14392.381109596916,233.0,0
MAQ-011,2026-01-03 09:00:00,48.19601080102554,73.80085409291024,2.2608803671118345,38.799580768420924,24872.666190073724,177.0,0
MAQ-012,2026-01-03 09:30:00,51.06416051714252,61.526673994538776,5.639394627245832,54.97391343299424,1521.228734731544,229.0,0
MAQ-001,2026-01-03 10:00:00,70.4413536337746,38.83568043854434,6.432662026494733,55.759470137230224,1918.9896302147617,217.0,0
MAQ-003,2026-01-03 10:30:00,85.43171379618263,11.109926551966801,7.399817736805931,89.09486166798892,31973.5727552154,53.0,0
MAQ-005,2026-01-03 11:00:00,36.78718943435496,46.41182376367453,5.321389123949376,52.835225019607115,5066.164185237564,122.0,0
MAQ-003,2026-01-03 11:30:00,75.1858986970237,,2.7878144767327675,74.04824236095976,657.9589899868487,155.0,0
MAQ-009,2026-01-03 12:00:00,87.84433007931464,48.64426603447949,2.6129854695829624,68.91412255045434,36507.013936502466,177.0,0
MAQ-014,2026-01-03 12:30:00,67.70461185690681,69.42121070107113,2.3827276136599695,83.0657697089456,10694.717333467142,160.0,0
MAQ-014,2026-01-03 13:00:00,78.25303744039661,57.677107166564916,1.1426109677799277,82.0043010423296,23337.04831552789,108.0,0
MAQ-010,2026-01-03 13:30:00,59.45396378653297,78.18518926471933,1.5003139806591113,64.33119774260912,33572.78712448634,0.0,0
MAQ-018,2026-01-03 14:00:00,68.20950701084685,49.6860992718281,6.768595393528917,31.074109747856397,29861.692469074605,225.0,0
MAQ-012,2026-01-03 14:30:00,45.68629722537773,63.417066878218385,1.8315540265669854,60.36518226708741,1960.450050356239,165.0,0
MAQ-002,2026-01-03 15:00:00,34.83485037371689,64.10593116163646,1.1493742127744326,64.60088710935695,22481.853164267846,200.0,0
MAQ-016,2026-01-03 15:30:00,84.14148701837912,82.02883370736147,7.146349888738022,70.72018466305556,21717.734897108043,53.0,0
MAQ-012,2026-01-03 16:00:00,55.22507608413337,24.280528485982998,3.7935913247361537,50.2488970955838,14068.199110597438,25.0,0
MAQ-013,2026-01-03 16:30:00,63.167082324948545,46.748651058043166,9.500849576799748,87.81802236817227,30167.162956597225,216.0,1
MAQ-012,2026-01-03 17:00:00,49.2033662009471,70.27328989699308,8.848573781921704,65.27238836629985,38563.82575322323,193.0,1
MAQ-012,2026-01-03 17:30:00,48.85045445374186,82.82613663601566,1.2443684648896294,46.590053043757486,5972.7474920429695,201.0,0
MAQ-002,2026-01-03 18:00:00,67.39243449858076,59.32128722755745,3.011965411650663,55.835443225166394,5894.437749400051,105.0,0
MAQ-012,2026-01-03 18:30:00,59.056342087965305,,1.40389530286199,103.5708530793366,29415.967176488677,217.0,1
MAQ-016,2026-01-03 19:00:00,75.66956496992047,68.62813063614,1.393053469945584,78.28755785892997,18231.2147656345,53.0,0
MAQ-007,2026-01-03 19:30:00,76.78807628469387,70.63664815417029,2.3285762959923737,85.96913111128808,31829.23533013067,181.0,0
MAQ-013,2026-01-03 20:00:00,74.81274469486911,48.52608978398847,5.00463178744833,44.16826060573172,5728.996624918117,118.0,1
MAQ-001,2026-01-03 20:30:00,73.57901186392665,60.94553161919583,5.02517531617645,51.22340615632398,1690.316011274183,39.0,0
MAQ-007,2026-01-03 21:00:00,93.6665230739783,76.24949072341545,4.602425889486169,51.3715538823751,27947.569586580477,172.0,1
MAQ-009,2026-01-03 21:30:00,53.986093464326714,89.02826187894013,,68.68787475177244,39788.971012869006,86.0,1
MAQ-020,2026-01-03 22:00:00,69.17597700695623,68.36688926623526,5.212087646940485,61.519963378288814,3882.4485907984526,38.0,0
MAQ-005,2026-01-03 22:30:00,86.99034730779383,55.79450013998068,1.1335318386407944,55.210111774859584,34587.081789073745,170.0,0
MAQ-006,2026-01-03 23:00:00,88.96809714007054,54.02664683131765,3.8376286905284993,57.718608149930915,15473.060656859247,185.0,0
MAQ-009,2026-01-03 23:30:00,48.67354525983141,65.03313802948522,3.29930664993812,49.11929626649861,769.9028571949759,77.0,0
MAQ-020,2026-01-04 00:00:00,65.31466837516196,52.917888835369894,2.6546401868119665,61.4032142619718,20449.86953955131,232.0,1
MAQ-018,2026-01-04 00:30:00,90.3718164380089,58.41352898240299,3.9449974698153034,87.26431167667495,11226.282864280314,170.0,0
MAQ-001,2026-01-04 01:00:00,77.62118657798598,35.95822723844425,1.4283983904707793,34.73721296900492,27766.78534665519,5.0,0
MAQ-005,2026-01-04 01:30:00,72.92894547219659,78.34702953684086,4.729777581751495,71.9295886727046,11584.441835160169,80.0,0
MAQ-017,2026-01-04 02:00:00,66.73472959848014,34.476674911323784,3.236025069112823,92.60185389759246,19319.834924978542,233.0,1
MAQ-002,2026-01-04 02:30:00,64.24298611438383,47.22198831184578,0.8217852251370377,61.33625802868866,8102.553528633151,42.0,0
MAQ-018,2026-01-04 03:00:00,74.32328594635486,56.756678695332646,3.1810370129211774,54.42247941708208,33141.26014593806,228.0,1
MAQ-006,2026-01-04 03:30:00,66.21438812523274,90.8377638379955,2.1235478637793492,83.48462971901178,37024.71532853751,124.0,1
MAQ-019,2026-01-04 04:00:00,69.36132068433334,47.391706272658105,6.882681104613613,45.31556246262313,16193.096593236907,162.0,0
MAQ-006,2026-01-04 04:30:00,71.17898059172556,43.01171534871287,1.2117775156054311,64.54616940122538,18010.3132994625,164.0,0
MAQ-009,2026-01-04 05:00:00,59.82892707259751,45.085295487991715,1.2519966991160176,44.203117992285456,39309.07856114012,122.0,0
MAQ-014,2026-01-04 05:30:00,77.98194060822158,84.86014901700362,4.3109976407773205,27.5979805995144,5770.4075213140695,124.0,0
MAQ-003,2026-01-04 06:00:00,113.7136697262313,4.377754116891616,2.8670270163507237,61.96031470410409,32363.918632142544,136.0,1
MAQ-012,2026-01-04 06:30:00,43.34520041010887,36.950715781325435,2.7627931931809018,39.732098734660326,22734.416373424625,154.0,0
MAQ-011,2026-01-04 07:00:00,74.8601878628497,104.16319676487193,12.537884448637973,64.76658973341662,35241.3033940771,177.0,1
MAQ-016,2026-01-04 07:30:00,58.597148670716415,65.63587732284947,5.1243579412214375,87.30059248761413,11767.898938593786,105.0,0
MAQ-020,2026-01-04 08:00:00,78.66103866278876,35.09227091189404,,102.08510813359246,11916.702852191698,104.0,0
MAQ-014,2026-01-04 08:30:00,70.69836209991792,54.24547632085411,0.7193937080029088,66.87058567886417,13100.215927410742,186.0,0
MAQ-009,2026-01-04 09:00:00,81.42782161063695,56.21418218922151,2.389012346916914,85.38431663951198,763.5801846859206,181.0,0
MAQ-009,2026-01-04 09:30:00,87.6325986476317,70.2302544263009,1.0998616878123577,72.97925300213267,6878.726673214524,155.0,0
MAQ-009,2026-01-04 10:00:00,72.88631676652273,88.11103605080615,1.5100890496281643,57.337727722498826,39784.00698068102,110.0,0
MAQ-017,2026-01-04 10:30:00,86.98078432621267,61.99393026302588,1.5547381539879244,26.50447292138211,10033.048093978909,137.0,0
MAQ-007,2026-01-04 11:00:00,34.83553159316984,45.283810545766706,6.518148089325283,97.52984654164237,894.6922006495001,137.0,0
MAQ-004,2026-01-04 11:30:00,93.85678446874034,69.16751995776768,0.8924123234332275,44.01795621437755,11213.758530135978,104.0,0
MAQ-007,2026-01-04 12:00:00,75.62593227838511,42.4314514564685,6.082496062219675,92.65541822835539,16394.76770258501,42.0,0
MAQ-001,2026-01-04 12:30:00,86.16765033617773,36.399925072197476,4.451455179867375,75.73615258524502,21956.712443367105,128.0,0
MAQ-003,2026-01-04 13:00:00,51.701863827377174,23.32164030478399,4.40498217607657,45.47974429505282,2835.7841926305146,106.0,0
MAQ-002,2026-01-04 13:30:00,57.53845177591997,26.827688898992783,1.4570658140705635,71.23996723637906,31638.113896220166,12.0,0
MAQ-016,2026-01-04 14:00:00,72.1890744121716,38.86398718976311,5.540981021605973,107.6582212257066,33037.500601062595,229.0,0
MAQ-015,2026-01-04 14:30:00,69.74443165993806,33.799784181384325,1.309761480560718,95.71305161727543,8605.107096980884,160.0,0
MAQ-014,2026-01-04 15:00:00,74.24602882014985,60.63825749274491,8.377920264395858,54.74573887731103,31956.885710575643,27.0,0
MAQ-010,2026-01-04 15:30:00,86.26772741394949,33.41076713516736,6.622074490523927,50.76038483630636,14520.93360690614,49.0,0
MAQ-015,2026-01-04 16:00:00,43.52169527045726,-1.585993436445392,9.341535204485115,67.00416074632143,16982.09609751711,137.0,0
MAQ-004,2026-01-04 16:30:00,84.60728607575963,36.20958805738962,3.312167303897335,61.68972542060327,37461.89134712926,206.0,0
MAQ-019,2026-01-04 17:00:00,70.1242286493689,46.50652634101445,2.865467265570078,88.9947477128546,35686.98519930468,116.0,1
MAQ-011,2026-01-04 17:30:00,66.94327208313179,44.10190921830463,2.3376236780402007,79.79178272843609,15066.917456300513,194.0,0
MAQ-019,2026-01-04 18:00:00,47.933271484226644,82.35144422756531,12.363707509958534,31.155167969431552,19575.601198331846,30.0,0
MAQ-004,2026-01-04 18:30:00,77.54573002565297,43.9562339327953,4.973404427479895,74.17350510847822,11532.2991425164,126.0,1
MAQ-010,2026-01-04 19:00:00,33.78838223453444,70.85662233758556,1.1116192225194947,61.41818078265264,20665.826908111605,198.0,0
MAQ-014,2026-01-04 19:30:00,79.7259101685807,54.65831320574449,7.743586128042662,65.74216272056132,27308.12532311423,203.0,1
MAQ-010,2026-01-04 20:00:00,47.61841246790512,54.23851493789322,2.7820356163772275,69.97886028521317,3797.4411212976975,57.0,0
MAQ-009,2026-01-04 20:30:00,70.80186868926211,39.96315480073534,0.18863567573527873,88.97458010553203,36801.66093441002,160.0,0
MAQ-004,2026-01-04 21:00:00,68.2124674400812,53.941912271546194,1.7425255958941215,84.55585927092042,28783.071328972725,9.0,0
MAQ-008,2026-01-04 21:30:00,87.54307220940825,41.228269715846494,6.6190756652275535,50.00514518625409,3960.4320581467287,33.0,0
MAQ-005,2026-01-04 22:00:00,67.32017246479165,58.060437656582266,4.462210038182144,63.82776064620661,34772.66077995582,216.0,0
MAQ-007,2026-01-04 22:30:00,59.587921582815014,50.74750661277361,5.102762755123611,56.02957214285576,29772.946363089006,177.0,0
MAQ-014,2026-01-04 23:00:00,62.40095956043196,37.996697202551196,7.692854256878369,31.363080621868043,12593.759991626677,49.0,0
MAQ-013,2026-01-04 23:30:00,89.09324153131996,72.85409811461071,0.5947903647234708,62.812589847978195,20905.180223085328,238.0,0
MAQ-013,2026-01-05 00:00:00,78.0444545377134,62.683128640385654,1.760650563801127,101.89508855118191,34419.21330166767,238.0,0
MAQ-008,2026-01-05 00:30:00,64.21555027715257,46.93487078543953,3.368056660440677,30.75913212500506,38728.21236130212,9.0,0
MAQ-020,2026-01-05 01:00:00,66.4533037005323,57.61887484663558,6.7528383812891,64.51876412679866,11314.988098310532,6.0,0
MAQ-002,2026-01-05 01:30:00,46.4923436412183,53.491194612964655,1.3030409326176535,63.87723709180649,26057.27147486025,58.0,0
MAQ-007,2026-01-05 02:00:00,75.82711301277311,39.38336312926107,2.4868444959665177,70.7547094352864,34423.85226731115,190.0,0
MAQ-003,2026-01-05 02:30:00,43.60276438456802,56.268932122380946,3.2094885066822205,45.74550085212139,39527.857268833504,143.0,0
MAQ-007,2026-01-05 03:00:00,81.27694698753184,43.82178841346726,1.687047422261222,36.497788184000925,2921.6676969878545,123.0,0
MAQ-020,2026-01-05 03:30:00,71.929323887369,37.99119095883822,3.18205175187609,37.42804686410748,20194.516436251055,99.0,0
MAQ-008,2026-01-05 04:00:00,105.80427699360884,25.790188055202552,2.8546539724427356,91.61867516662957,34959.26389739533,115.0,0
MAQ-019,2026-01-05 04:30:00,53.497966694135414,48.54506763630465,2.0811574130615673,45.34628051276286,226.00915955117597,153.0,0
MAQ-010,2026-01-05 05:00:00,68.46006863439051,65.20547187250702,5.531219220765437,55.00875616693654,17545.68526225718,15.0,0
MAQ-014,2026-01-05 05:30:00,96.97431551384594,42.496131639180525,4.859028624246676,107.09265197225947,23409.529092373345,140.0,1
MAQ-010,2026-01-05 06:00:00,87.87084460437121,100.37275645884345,5.702391720722603,50.31488686447088,21106.96331140891,53.0,1
MAQ-006,2026-01-05 06:30:00,,70.94234176574918,6.051380022717114,71.84799195901851,29337.630184736503,189.0,1
MAQ-016,2026-01-05 07:00:00,73.35951142560171,78.4779423878886,0.7900249693665269,86.27623353251013,2714.331269463841,46.0,0
MAQ-020,2026-01-05 07:30:00,70.02999034622631,69.31437421732765,0.8840727059900927,85.31440373958486,31438.12727107514,17.0,0
MAQ-006,2026-01-05 08:00:00,74.22933801091236,88.3515695488943,5.209498267387858,38.368472859126385,11398.504391725988,104.0,0
MAQ-016,2026-01-05 08:30:00,59.519793460227554,40.83396429749424,2.241865418030617,50.732951045970026,32986.752522305826,105.0,0
MAQ-006,2026-01-05 09:00:00,68.66019395948898,8.90672705814481,2.0168443754588634,71.0472795250397,16837.568278492432,124.0,0
MAQ-015,2026-01-05 09:30:00,46.029214370849296,46.969739049648105,1.772081836987066,103.58034914766586,1812.4518129395562,206.0,0
MAQ-016,2026-01-05 10:00:00,72.02685177802122,65.04793435985567,5.840135936991409,49.76978682717609,38560.199150288114,167.0,0
MAQ-009,2026-01-05 10:30:00,76.75031010132749,57.72730549146361,11.854727821900292,55.12774031777846,31243.916690832168,87.0,1
MAQ-015,2026-01-05 11:00:00,66.58870881034174,59.95850699742011,6.029521149243792,73.3914884280201,13977.859688065739,174.0,0
MAQ-006,2026-01-05 11:30:00,45.774236641228185,78.7763800480577,2.160313960431532,77.39316454696754,10874.09199191269,120.0,0
MAQ-002,2026-01-05 12:00:00,84.82797794277194,61.87703634032499,5.63732950687757,78.60508008605474,23599.652765157163,53.0,1
MAQ-002,2026-01-05 12:30:00,75.46787556989203,69.3804326966384,0.8566501750679688,48.072882703303996,39493.05465267406,5.0,0
MAQ-009,2026-01-05 13:00:00,59.10977353448535,38.087870646650344,2.7019708682051884,54.35903726131189,11677.656284771934,0.0,0
MAQ-019,2026-01-05 13:30:00,65.79099329742904,,0.5957045939641392,69.31002399603938,37936.0175581715,53.0,0
MAQ-003,2026-01-05 14:00:00,,84.05405061444077,2.2452803175981253,90.24622625256563,13282.446072781702,196.0,0
MAQ-010,2026-01-05 14:30:00,54.618848083331436,56.81622763264722,3.6469355466122573,60.230318357631454,28193.500833786216,111.0,0
MAQ-015,2026-01-05 15:00:00,61.93282980464291,43.78187469796957,13.298348089541536,64.55396199832362,15331.200875902388,108.0,0
MAQ-005,2026-01-05 15:30:00,88.42631218420226,43.81489911615187,7.122328723929687,44.48143125721181,3493.5837379450854,95.0,0
MAQ-015,2026-01-05 16:00:00,,43.31578381051136,0.6093220174543471,102.26453663784486,37453.95568797023,61.0,0
MAQ-007,2026-01-05 16:30:00,79.60320488993138,42.23873762117485,0.6758275388314013,68.0852589428342,6640.726989192177,171.0,0
MAQ-017,2026-01-05 17:00:00,61.9252569570763,31.903339553134124,1.6970056676270566,86.55509559113483,37793.18957310419,3.0,0
MAQ-012,2026-01-05 17:30:00,73.71921341277812,27.992432760030844,10.125119306386848,65.59794416135202,4221.942354561314,146.0,0
MAQ-011,2026-01-05 18:00:00,67.87906746784297,51.48992120222046,0.6408946396788274,66.70534130486824,10751.203053764302,224.0,0
MAQ-004,2026-01-05 18:30:00,83.09584900139114,44.32733433423281,1.783784425919716,34.99382218295878,36844.84759791276,211.0,0
MAQ-010,2026-01-05 19:00:00,61.97782992672163,74.92886713797931,1.775661825003229,21.984762606148664,26375.780430012164,88.0,0
MAQ-018,2026-01-05 19:30:00,46.41207624996339,60.2753797588045,4.305310267090078,90.03810423671918,7660.389090083654,205.0,0
MAQ-001,2026-01-05 20:00:00,49.27076452954551,59.775718241403695,5.737301609131843,66.5611642852484,23724.523127065735,57.0,0
MAQ-016,2026-01-05 20:30:00,62.02183759085864,41.623832664019886,,69.12856245973236,7297.609200618604,57.0,0
MAQ-010,2026-01-05 21:00:00,51.26410043982921,52.82148851596044,3.878482225287656,40.01892495599179,34990.23850004664,82.0,0
MAQ-015,2026-01-05 21:30:00,76.15318023519328,61.498019865365926,0.8209575195613593,46.93871644412753,2088.1614328070505,4.0,0
MAQ-014,2026-01-05 22:00:00,63.013477527128835,67.89152331482816,3.443415407494543,86.24604002269969,21238.130141322184,63.0,0
MAQ-009,2026-01-05 22:30:00,105.61909825039648,53.30994712266942,7.8406703855640325,99.80287541682873,2632.5737305955568,205.0,1
MAQ-007,2026-01-05 23:00:00,43.93428107294302,74.42422802783577,9.635082814200395,52.57451972454896,27831.407767598248,182.0,1
MAQ-013,2026-01-05 23:30:00,73.05449768064702,55.14380756034297,4.222210347241038,78.42966576726111,37438.30968422732,78.0,0
MAQ-003,2026-01-06 00:00:00,53.08070464741496,69.27124813331824,0.6158933023022155,68.8004986536321,33259.55134189897,74.0,0
MAQ-012,2026-01-06 00:30:00,62.59897989425982,46.1826602453953,4.274495940642561,62.589421198445486,14931.940223590142,83.0,0
MAQ-002,2026-01-06 01:00:00,72.12129210010816,22.373409401764448,2.847712967797753,102.03918040356639,9552.50572864239,28.0,0
MAQ-013,2026-01-06 01:30:00,35.1194293768857,59.83046178433341,0.7270238257556368,55.93596707954496,4928.996946236633,38.0,0
MAQ-013,2026-01-06 02:00:00,73.55239175182041,,1.2333487268805345,89.81425274034972,34957.59709656307,238.0,0
MAQ-002,2026-01-06 02:30:00,98.54361193411252,65.35625197253626,1.456447317275733,72.62846634084097,3336.254248991755,166.0,0
MAQ-016,2026-01-06 03:00:00,63.198425524471105,62.59935990587392,5.22222655766362,64.66221355270362,25190.28474395289,162.0,0
MAQ-009,2026-01-06 03:30:00,73.89711785208264,48.72543461281023,9.366119052610127,92.44034346066157,14753.972032918608,67.0,0
MAQ-016,2026-01-06 04:00:00,85.37382539688099,40.47856747397934,4.670450050873101,70.80268996846056,39831.554903001466,205.0,1
MAQ-001,2026-01-06 04:30:00,67.54069749959505,64.93110884278805,5.339816787796803,63.071449401754386,20402.050209381963,42.0,0
MAQ-004,2026-01-06 05:00:00,61.28559717202775,62.67605349156895,,92.58884345964066,21996.7588931661,232.0,1
MAQ-010,2026-01-06 05:30:00,35.863953944173716,44.90381636481113,1.9904399455191932,89.98524507543783,36723.76252209256,120.0,0
MAQ-004,2026-01-06 06:00:00,79.6148607909246,74.96963540545703,4.762423546695221,89.03926642307752,38788.512439707825,79.0,0
MAQ-007,2026-01-06 06:30:00,68.30247385406655,39.10842073814319,3.916424830857078,-12.75608683239328,23387.09479767213,180.0,0
MAQ-014,2026-01-06 07:00:00,54.80974222917757,44.49657918176127,1.5800563999480064,73.80353251476821,31867.664782219766,100.0,0
MAQ-003,2026-01-06 07:30:00,,84.45565382214997,3.725498035920075,69.24234386139939,25427.193289427014,64.0,0
MAQ-014,2026-01-06 08:00:00,61.244794647907284,70.63447487921043,3.1593838109045667,64.30273491829028,17153.278513345384,164.0,0
MAQ-003,2026-01-06 08:30:00,62.073608033267114,48.555832493961596,2.4712198625540185,77.19559267945357,2386.8827552604034,173.0,0
MAQ-004,2026-01-06 09:00:00,,60.17285277358391,1.931852154351633,70.21113745009056,28737.980554317157,144.0,0
MAQ-012,2026-01-06 09:30:00,49.92426383014234,57.78626040142909,4.219380209358001,78.55614834654362,28040.4846171899,110.0,0
MAQ-016,2026-01-06 10:00:00,85.70972929110638,5.57895043040719,2.0400239258563264,59.64076384490014,4756.422036880139,78.0,0
MAQ-004,2026-01-06 10:30:00,49.034707553223946,38.68346890947913,11.865076424925158,94.96361260352985,9279.748110758994,96.0,0
MAQ-006,2026-01-06 11:00:00,60.05947887467104,54.08476089203293,4.558433207088283,80.57888383545652,29311.91465630075,209.0,1
MAQ-019,2026-01-06 11:30:00,98.84419291099866,48.58099342193249,4.271014687495469,75.8505318102968,6073.507906022138,86.0,0
MAQ-020,2026-01-06 12:00:00,86.91032142463634,59.44784616694757,2.7606858524455586,74.87410467413727,27668.307873866197,232.0,1
MAQ-012,2026-01-06 12:30:00,71.4640598874316,75.33068163306255,2.2992805698342074,88.14562614987128,28747.28992907461,34.0,0
MAQ-009,2026-01-06 13:00:00,55.89204676748175,49.2123558762293,0.465162497970351,85.43375573870979,14198.419852003051,39.0,0
MAQ-007,2026-01-06 13:30:00,62.0609153995016,35.96221366978843,1.6748208157946443,62.744558929074245,10401.45580619914,79.0,0
MAQ-013,2026-01-06 14:00:00,71.09912971878545,60.847329853198815,0.6006928171223935,84.80620761646593,14984.272503034164,0.0,0
MAQ-012,2026-01-06 14:30:00,70.56284848509398,49.120779995779536,0.5915163846741969,68.48104480084089,14431.94519357647,211.0,0
MAQ-006,2026-01-06 15:00:00,68.63693605561056,52.190856985205755,1.0635222970165616,103.33853583000658,24320.090247612836,81.0,0
MAQ-001,2026-01-06 15:30:00,69.53751228873723,49.74807305524458,7.292122019918234,86.95455622093931,29779.54715878265,24.0,1
MAQ-004,2026-01-06 16:00:00,66.7843733544233,95.35308040019774,7.268091086363873,52.48781362876613,34483.930130529516,148.0,1
MAQ-020,2026-01-06 16:30:00,48.370318965399804,14.66732330203699,1.709573299930565,111.6142137890053,1296.6921316843514,229.0,0
MAQ-009,2026-01-06 17:00:00,62.25233886758751,48.009989743612365,0.8006241212007417,22.95920328020341,29089.40713903784,238.0,0
MAQ-010,2026-01-06 17:30:00,83.7193608098027,54.93359753832895,2.214906269854972,77.74709481338084,12636.022129737494,25.0,0
MAQ-010,2026-01-06 18:00:00,49.47498553673324,40.939435138909985,5.18491519688775,51.07505341109428,33561.81622734782,190.0,0
MAQ-016,2026-01-06 18:30:00,67.15666732691082,71.1968649783091,6.299016996778034,102.64360587346039,3121.106693666348,86.0,0
MAQ-002,2026-01-06 19:00:00,57.70369106843734,69.63863821695351,3.685785945018419,70.05612130590573,22091.862955905355,200.0,1
MAQ-002,2026-01-06 19:30:00,71.67025644097167,54.14041686720627,4.180772120337641,49.124090698257575,21992.076231185132,145.0,0
MAQ-006,2026-01-06 20:00:00,64.17050228399773,50.127872403813505,3.888288642533196,59.67010575560833,13127.807340791609,175.0,0
MAQ-010,2026-01-06 20:30:00,92.16090497462004,52.98477698383036,0.6498915625732183,50.72137082668817,38815.233234399275,201.0,0
MAQ-014,2026-01-06 21:00:00,77.5987473128538,53.113840234339406,0.8848877456457649,58.88446042859842,4366.233731630634,214.0,0
MAQ-010,2026-01-06 21:30:00,50.32295251334183,53.58928549373627,9.624052357184885,58.4270476822099,5542.249618043399,34.0,0
MAQ-009,2026-01-06 22:00:00,80.06842017420547,51.61601617269761,3.672810281151756,49.97688262597891,25805.95796771218,173.0,1
MAQ-019,2026-01-06 22:30:00,58.38022215606905,59.544087662663074,0.3375681269512005,70.40127623165247,20620.53906328176,33.0,0
MAQ-004,2026-01-06 23:00:00,61.345054429337,68.55781716690157,4.36586884112919,72.82448326813464,10652.238429226667,226.0,0
MAQ-012,2026-01-06 23:30:00,74.70728530160683,32.85531734322562,,45.073872174480655,12240.44467865193,150.0,0
MAQ-011,2026-01-07 00:00:00,62.62378870404798,36.08804981380332,6.651623658877205,31.834624739120045,6365.23001748189,46.0,0
MAQ-010,2026-01-07 00:30:00,83.39283724484433,23.526675469296574,6.1694011529455235,71.21912904299143,34723.789142583744,70.0,0
MAQ-017,2026-01-07 01:00:00,58.38234907729907,70.59515320643679,4.982829018154429,75.63841102239067,22823.803038273647,214.0,1
MAQ-006,2026-01-07 01:30:00,60.71580171112955,59.50581927742834,3.6413912403670863,79.60433523922467,9868.899588537883,154.0,0
MAQ-020,2026-01-07 02:00:00,60.15443659677837,64.09481528678987,7.775624597933022,76.02348763188256,15797.488232602778,55.0,0
MAQ-007,2026-01-07 02:30:00,61.515418774674416,29.26903170945757,8.316456122421279,96.4543355147398,36276.733666764834,196.0,1
MAQ-011,2026-01-07 03:00:00,86.4878733332172,87.12906621184248,1.427373276421047,84.94135773862527,35484.96234995721,172.0,1
MAQ-011,2026-01-07 03:30:00,79.43194440415455,44.04068365338356,4.944151490622433,118.59656392831153,2857.3569754169903,18.0,0
MAQ-017,2026-01-07 04:00:00,95.64915931018106,58.02770452800261,1.950365416163212,127.0129439366589,26198.595517360147,67.0,0
MAQ-009,2026-01-07 04:30:00,104.01466305848882,70.3789238922107,1.243032353921313,29.83794824710573,6203.549721691979,202.0,0
MAQ-006,2026-01-07 05:00:00,54.53924452101491,37.23436439567071,8.311583463055875,21.05722737528309,8514.24628537546,84.0,0
MAQ-001,2026-01-07 05:30:00,71.05628690990933,45.166161546771995,5.517813709534646,64.8521740430657,34581.88293063201,9.0,0
MAQ-008,2026-01-07 06:00:00,52.356995250348504,58.22509194281574,,75.08464859760643,35818.09366729073,144.0,0
MAQ-017,2026-01-07 06:30:00,58.335911083776,106.4345153583647,1.5559759077085829,63.482299819885554,3399.4074441685466,215.0,0
MAQ-001,2026-01-07 07:00:00,60.548762346164956,60.420245371336435,8.477122587673744,79.0716089211552,34969.540846199874,133.0,1
MAQ-018,2026-01-07 07:30:00,54.14267688792589,83.91450071135293,1.3752403898056398,59.595158492032496,29166.89275844466,234.0,0
MAQ-011,2026-01-07 08:00:00,54.2216909065238,76.7021166134552,1.1008748115123792,51.12098473171753,31050.843494341294,27.0,0
MAQ-003,2026-01-07 08:30:00,67.83573432219617,61.62418065690134,3.166691430379812,54.14218280297911,31693.43157306784,160.0,0
MAQ-007,2026-01-07 09:00:00,51.749223724203894,37.194476110647784,5.184215390008731,60.99663261871592,20338.60754234602,155.0,0
MAQ-012,2026-01-07 09:30:00,82.6319043870645,74.07556499472824,2.398488829910746,81.87024688120299,37881.61495522925,236.0,1
MAQ-007,2026-01-07 10:00:00,56.23369693873729,28.034013850335153,3.5973657143848365,55.2651860666834,8094.348198825751,125.0,0
MAQ-003,2026-01-07 10:30:00,112.14353455144588,83.81575222618766,1.9434207393314067,59.220625941665894,20248.107789949965,197.0,1
MAQ-014,2026-01-07 11:00:00,63.229233235534075,58.600095547928596,2.134766497703142,76.40433688088707,12810.247937547343,34.0,0
MAQ-014,2026-01-07 11:30:00,71.08026462875578,7.295976148632832,10.354226132031412,61.024072049096205,32915.00658782005,10.0,0
MAQ-003,2026-01-07 12:00:00,50.56988223300947,48.870890289426896,2.939817665346976,87.33421101290779,3399.758413938218,171.0,0
MAQ-006,2026-01-07 12:30:00,95.59137637191459,66.77106077661293,8.116014172586205,46.609875355298776,17403.77162827829,0.0,0
MAQ-005,2026-01-07 13:00:00,86.79251021204374,50.7335702852842,0.5674455156233057,42.27272487069026,30961.758484188646,209.0,0
MAQ-014,2026-01-07 13:30:00,74.45373806104169,67.87010459788432,6.744914006927667,71.09258068036685,12562.402371153805,4.0,0
MAQ-015,2026-01-07 14:00:00,49.797961768306514,39.69956498117868,1.6254364093138987,73.08576924529592,9695.003742390905,165.0,0
MAQ-015,2026-01-07 14:30:00,73.1600031658693,31.492317289823067,5.612240384581476,47.700810118331745,10575.711276316357,108.0,0
MAQ-019,2026-01-07 15:00:00,,53.713982745143106,1.6133299043048073,91.87190802654851,28572.245285521156,154.0,0
MAQ-016,2026-01-07 15:30:00,91.9353289521004,55.56818201121847,2.2644538506276723,103.49873619540452,11542.628765969352,149.0,1
MAQ-007,2026-01-07 16:00:00,82.13792097779759,48.72908168087822,1.2082637773328155,52.44291574318569,16167.073463972898,106.0,0
MAQ-003,2026-01-07 16:30:00,71.43158557731604,77.09124063955946,5.68843750231636,94.74601345462382,21872.15668882319,115.0,0
MAQ-013,2026-01-07 17:00:00,33.45436505129017,39.69626724749696,6.327424782127186,17.357356559985547,37636.327149973,120.0,0
MAQ-019,2026-01-07 17:30:00,55.24876032011454,60.63698093198229,1.6730005333534659,86.52224533436049,31794.467639488466,162.0,0
MAQ-020,2026-01-07 18:00:00,80.31641697399809,56.22345948094525,0.7446617939907049,47.844744577431655,7492.738402538289,170.0,0
MAQ-005,2026-01-07 18:30:00,88.19325537584734,26.979112861550497,8.037468199133025,84.5214536394428,35335.060878123986,107.0,0
MAQ-005,2026-01-07 19:00:00,86.63754717238197,31.257456693966777,1.8541381545261442,45.77448028086668,33806.22058408962,84.0,0
MAQ-001,2026-01-07 19:30:00,46.11980496637817,55.214398292475366,2.8198554813123895,63.6302493074641,29834.458330239264,10.0,0
MAQ-003,2026-01-07 20:00:00,74.52328460219356,90.66159997636535,1.415787163931471,48.79768806916321,20724.548393400597,187.0,0
MAQ-012,2026-01-07 20:30:00,85.23272824724394,65.4268566141786,5.306758400457557,60.72238604435838,2885.616714766716,54.0,0
MAQ-011,2026-01-07 21:00:00,45.124966516266326,23.93857314739661,5.40156766229268,101.5984805786089,28489.05913142772,104.0,1
MAQ-008,2026-01-07 21:30:00,69.88143226940146,-0.9887851721480772,8.949183935473219,62.84124406813188,20781.852599870777,238.0,1
MAQ-007,2026-01-07 22:00:00,74.10763597462685,68.19496467407883,6.881703914946362,107.20603247851672,12460.019540136444,188.0,1
MAQ-017,2026-01-07 22:30:00,65.48853122729898,53.26815730729242,6.557665009646962,57.28374877814328,496.5262007291258,83.0,0
MAQ-010,2026-01-07 23:00:00,42.217572168981974,75.54278745118665,3.028768103096703,94.83529407613604,9318.854332976318,113.0,0
MAQ-017,2026-01-07 23:30:00,65.11452834889407,39.14707742719405,2.74275208328111,32.48614786974394,24267.03808541775,77.0,0
MAQ-020,2026-01-08 00:00:00,65.09041854617465,61.30382496145347,5.254234635288001,59.26981889243618,4581.032794645053,150.0,1
MAQ-007,2026-01-08 00:30:00,67.77891393178369,70.23112233450152,2.8970210853715734,54.27780029349285,26251.206393807322,36.0,0
MAQ-005,2026-01-08 01:00:00,61.547928618623956,46.945654512283326,7.044585355603583,95.75411201594284,32804.91634399827,228.0,1
MAQ-020,2026-01-08 01:30:00,63.35481770137799,47.33045973584082,1.3343581959072357,68.70497572072148,12795.315795376435,236.0,0
MAQ-013,2026-01-08 02:00:00,69.40440576479533,55.45473095977103,0.5542263350895533,23.238336607050094,3371.2230242530727,71.0,0
MAQ-006,2026-01-08 02:30:00,76.63681907454567,,4.821602117567869,38.79740690552875,5673.981738006117,55.0,0
MAQ-013,2026-01-08 03:00:00,65.43359855714999,,2.0591965321381727,44.74675501241199,14380.566408142708,129.0,0
MAQ-011,2026-01-08 03:30:00,63.85526607447997,72.53193407967075,1.1506119452665111,83.68100588224337,32556.026685061257,155.0,0
MAQ-019,2026-01-08 04:00:00,71.38531057381687,46.68516659319346,12.767133581216903,81.10014967312551,25407.720916538932,154.0,0
MAQ-006,2026-01-08 04:30:00,41.18626111157228,31.088886301664026,3.2525618779509053,58.99201134077761,34728.717159037784,10.0,0
MAQ-020,2026-01-08 05:00:00,77.15552690839687,90.58555662603723,0.9083246317433656,54.029804127648546,39777.64179398187,170.0,0
MAQ-019,2026-01-08 05:30:00,69.99155354315562,44.116592742235966,1.8555474326934123,79.32776481700105,8182.391495676459,15.0,0
MAQ-004,2026-01-08 06:00:00,70.59540289896343,44.76804249308055,2.5597889547286155,42.40953815136079,27823.37530584806,82.0,0
MAQ-004,2026-01-08 06:30:00,84.41101461391696,53.81554022070068,4.749653402078448,74.15337955900705,18714.01633251117,172.0,0
MAQ-011,2026-01-08 07:00:00,40.70776704927628,56.20925997377166,1.8638713098355584,72.45035993740466,19789.77463177813,212.0,0
MAQ-001,2026-01-08 07:30:00,40.39249195211555,48.03969443521091,2.8536404106404016,59.508208138664706,13090.698002076098,152.0,0
MAQ-006,2026-01-08 08:00:00,74.10705767985279,54.686189854917835,3.9696692137236473,72.9535593009143,13766.23737847648,38.0,0
MAQ-009,2026-01-08 08:30:00,69.89324717307227,54.28427983429287,4.5338527373407365,67.04188706149368,27083.64974107092,163.0,0
MAQ-020,2026-01-08 09:00:00,72.55265414787898,58.14674788637453,3.020579759093552,74.9483898951308,24870.036396121064,8.0,0
MAQ-020,2026-01-08 09:30:00,63.068093872413314,12.565225738228314,10.244888605937264,38.317953830398125,12808.292468034575,55.0,0
MAQ-004,2026-01-08 10:00:00,79.96530511359897,88.85577352614129,5.347073552453859,77.29003961057404,4831.378660881524,29.0,0
MAQ-018,2026-01-08 10:30:00,83.9895826448668,52.34881035637797,5.137712220107315,85.53202659004545,23171.827363597276,236.0,1
MAQ-002,2026-01-08 11:00:00,77.25973440927291,65.45120715004573,5.003935953306832,71.41902841128889,29601.914164098926,88.0,0
MAQ-015,2026-01-08 11:30:00,66.08757312393125,30.194175852387566,7.082096762274656,77.02431701983,22389.00942955894,134.0,0
MAQ-017,2026-01-08 12:00:00,38.38465918578396,,3.7737234998973266,62.80161365180475,245.66187091998682,189.0,0
MAQ-018,2026-01-08 12:30:00,81.53854312055692,42.89831440623254,1.3138936484364803,82.82665132526087,11364.388947704729,232.0,0
MAQ-005,2026-01-08 13:00:00,88.32592999326388,81.45502776115381,4.376915835088998,66.3049425595971,31165.31565143697,238.0,0
MAQ-018,2026-01-08 13:30:00,79.6683761797597,44.455355076954106,4.789243037728631,42.041174350907795,29727.673390541855,39.0,0
MAQ-003,2026-01-08 14:00:00,56.8053635894874,68.64543976492165,7.849449299319077,81.40432309766521,515.3690764055607,94.0,0
MAQ-011,2026-01-08 14:30:00,80.10691590501636,43.29243185188248,1.192441814172108,32.317075049844554,18864.81968713112,97.0,0
MAQ-010,2026-01-08 15:00:00,82.90794561942168,46.852859086229,1.483149548641238,70.65559488576766,17548.995088748565,191.0,0
MAQ-007,2026-01-08 15:30:00,93.38224371698628,50.580097026387655,3.3347025107190564,57.31554299906041,26126.026914008584,80.0,0
MAQ-001,2026-01-08 16:00:00,56.85835113658064,78.1092122829274,5.106735009998374,56.037485005905765,5086.70359859341,55.0,0
MAQ-016,2026-01-08 16:30:00,66.60318123183792,20.98265213745787,0.9897682309724547,68.4397749985241,24894.46779200257,181.0,0
MAQ-007,2026-01-08 17:00:00,81.20908076715183,31.31805600506021,1.22387862246487,50.81423618364012,37882.02900442592,118.0,1
MAQ-014,2026-01-08 17:30:00,70.86115107157237,19.948507017583296,5.99421729622193,75.24412028255665,14932.806431148474,179.0,0
MAQ-009,2026-01-08 18:00:00,53.240085969230876,35.4249618442939,1.030919757768396,66.13593265244005,13560.521064624349,91.0,0
MAQ-008,2026-01-08 18:30:00,76.21924427540054,40.39119907854207,1.5020449782858554,52.65412097175604,1228.113223437931,116.0,0
MAQ-018,2026-01-08 19:00:00,78.6799245072275,25.939337426372997,6.262550642279147,91.76359140092637,2390.0628523217174,2.0,0
MAQ-002,2026-01-08 19:30:00,71.31944344496503,41.78534056093596,5.053371309988003,69.09565220598996,37269.74063249577,3.0,0
MAQ-015,2026-01-08 20:00:00,73.29377390769916,18.735139343198533,1.8807413529080153,77.61601866848963,39022.5236768937,0.0,0
MAQ-015,2026-01-08 20:30:00,66.11941147471404,36.67620297218174,4.642636544206367,93.33177458988843,325.1038474198109,42.0,0
MAQ-008,2026-01-08 21:00:00,92.1741840357409,76.6075671983836,4.015583920817382,93.00357071588745,36037.11948509228,83.0,0
MAQ-006,2026-01-08 21:30:00,56.489617244309855,62.26458526505985,2.9285655374484945,76.59570907712376,7041.005224164754,12.0,0
MAQ-001,2026-01-08 22:00:00,61.19018855854332,58.3744180991055,2.349412593233093,58.946835979803915,22498.212874391542,38.0,0
MAQ-019,2026-01-08 22:30:00,70.16478270291289,36.94998598697594,4.510545752373713,36.405924249255776,27157.8228487971,203.0,0
MAQ-019,2026-01-08 23:00:00,83.1843104155134,27.350470737194968,1.1223322426916618,69.13381400959491,14426.442551367109,205.0,0
MAQ-005,2026-01-08 23:30:00,47.53940244858195,34.495190640382944,4.4729543093478075,86.89168631634772,21206.624861651613,69.0,0
MAQ-001,2026-01-09 00:00:00,50.345548753518415,54.22222311587173,3.7425585004924486,72.0862963878657,25138.93330739668,227.0,0
MAQ-003,2026-01-09 00:30:00,39.434072383979235,70.62718203508003,3.946778160531693,-3.8916809953579445,7837.659345453271,28.0,0
MAQ-002,2026-01-09 01:00:00,70.49042837879907,71.24261350843577,1.4426276161152207,82.40124309652934,39770.83920126872,7.0,0
MAQ-017,2026-01-09 01:30:00,53.22541274190184,66.3510225247,7.983909463800956,83.62998309551483,8234.88523986089,85.0,0
MAQ-018,2026-01-09 02:00:00,64.23174834973125,41.723976446777,1.8863690840059393,58.97555612547373,512.5047409960861,63.0,0
MAQ-004,2026-01-09 02:30:00,79.92067284837562,55.44189698327178,2.149310069870298,84.76723350507045,37776.95522497944,18.0,0
MAQ-015,2026-01-09 03:00:00,60.3768591882573,49.21583445932957,2.83794441960181,77.55930828786752,17222.19526447931,203.0,0
MAQ-004,2026-01-09 03:30:00,73.46923034115046,51.378584257094495,5.044965727223897,51.289864154359414,16004.926785166494,234.0,0
MAQ-008,2026-01-09 04:00:00,65.50993138372417,91.66830214527664,3.858921651758159,90.4260223243537,11099.285606806305,64.0,0
MAQ-012,2026-01-09 04:30:00,80.08171472644655,23.283995733934976,0.7154684062836975,39.650461537877725,1130.6938789675887,75.0,0
MAQ-015,2026-01-09 05:00:00,77.12692101022013,50.7758173133993,3.216566802100185,63.85510657922129,10656.27091586803,172.0,0
MAQ-018,2026-01-09 05:30:00,59.620994557380854,76.81148032953082,3.4261777708895758,61.8599537445583,15792.683668382677,223.0,0
MAQ-001,2026-01-09 06:00:00,67.47022369899321,28.61395308939631,8.115900071083592,48.491236956224384,20861.137029782218,68.0,0
MAQ-004,2026-01-09 06:30:00,85.65615096580741,43.412546345207495,2.5256470158055317,71.0758773529793,18360.004382867097,163.0,0
MAQ-006,2026-01-09 07:00:00,75.90065305381145,45.47730704378249,4.735653997246228,91.20737799146116,35173.54468739051,5.0,0
MAQ-007,2026-01-09 07:30:00,,50.98078500302828,16.695766839120534,89.95483743722775,36462.06149101295,135.0,1
MAQ-020,2026-01-09 08:00:00,79.83427091757073,26.27277112708809,7.189078528831931,79.47328429483831,12754.48138044703,236.0,1
MAQ-016,2026-01-09 08:30:00,53.730840663456426,65.71514908608471,1.3707284497765722,31.08154986239409,38386.22829563083,114.0,0
MAQ-007,2026-01-09 09:00:00,91.1876960494151,66.9931710852366,5.530238055832987,38.28095398245762,34610.87346760214,153.0,0
MAQ-020,2026-01-09 09:30:00,85.36148259761538,64.15075585032307,4.486694112232915,68.32338239517537,37112.629179736505,164.0,1
MAQ-010,2026-01-09 10:00:00,74.34828213877601,39.333273862760535,2.4583345102300425,64.31529917832918,28282.602207273103,151.0,0
MAQ-011,2026-01-09 10:30:00,72.3584926515429,56.55719423417131,5.575648583895971,55.0384034500337,8011.046548689105,164.0,1
MAQ-009,2026-01-09 11:00:00,66.8645161595887,38.810075687756424,1.3517847617391379,103.10646394909665,7889.588927045201,212.0,0
MAQ-003,2026-01-09 11:30:00,80.17785927100041,49.013260106112774,1.919660605345697,67.11720306342282,36355.19736704933,2.0,0
MAQ-019,2026-01-09 12:00:00,64.43832745806907,93.7624226890758,2.8618412540568343,75.84825482381638,20331.113851384285,212.0,0
MAQ-001,2026-01-09 12:30:00,73.5335480595984,56.722516796732606,2.3662007548030224,84.75787761896892,35629.64555543414,217.0,0
MAQ-004,2026-01-09 13:00:00,83.07901549779177,33.62452163223088,5.1576602530166085,66.0991689934492,28849.860379653746,216.0,1
MAQ-005,2026-01-09 13:30:00,61.57290184711616,58.24603613195045,3.148733802166173,116.82124335824739,8579.240942969198,88.0,0
MAQ-006,2026-01-09 14:00:00,60.757108900139585,30.667673330860424,2.174892284821292,46.19255395128593,15451.916820511853,139.0,0
MAQ-003,2026-01-09 14:30:00,52.084517789133116,33.41781293472979,7.1078263218137145,52.878568202117556,38716.22607939808,84.0,0
MAQ-001,2026-01-09 15:00:00,54.032908808107415,36.25978355292176,5.020097079010527,46.143485634349865,881.3521815958235,201.0,0
MAQ-014,2026-01-09 15:30:00,,47.0024298604777,0.8709545204946111,96.25316572854607,28611.896137400483,97.0,0
MAQ-020,2026-01-09 16:00:00,80.94743183523295,71.86544192060563,0.8536238045371325,81.04171748437294,39153.30991330072,75.0,0
MAQ-003,2026-01-09 16:30:00,97.13371813124157,65.4111675643031,2.1877795740258428,54.116961745628146,4255.463142352755,164.0,0
MAQ-006,2026-01-09 17:00:00,91.37993415205459,64.41391590845191,0.9838888379278989,47.72247250090439,10952.514912380457,11.0,0
MAQ-011,2026-01-09 17:30:00,45.60873267060225,35.21935781937024,6.34523323109003,92.69781001205207,21925.82351517952,90.0,0
MAQ-019,2026-01-09 18:00:00,80.87282007334301,45.25634160215832,1.9985595705740034,72.23375430677719,33766.2206170933,49.0,0
MAQ-014,2026-01-09 18:30:00,91.33159524885335,59.89601992389739,4.73138871517733,93.20835937232675,20309.823606525355,89.0,1
MAQ-016,2026-01-09 19:00:00,63.14785028892004,43.69024026300857,5.475988403795384,63.79701298436887,2477.8822750834092,107.0,0
MAQ-012,2026-01-09 19:30:00,71.52171145975075,49.98940407458023,0.47126624300044767,75.230706448672,5174.654500913024,15.0,0
MAQ-009,2026-01-09 20:00:00,39.88160423792995,62.94445646553909,2.076623388792201,71.00455310488006,15100.140416419319,207.0,0
MAQ-004,2026-01-09 20:30:00,74.00104251964962,48.72209173837656,2.759686783966779,52.51777331251862,12969.372883045904,99.0,0
MAQ-018,2026-01-09 21:00:00,54.04660405847924,,3.9864974375033255,62.11711682381981,8865.177384050534,86.0,0
MAQ-017,2026-01-09 21:30:00,72.99452526867272,83.66911220835223,6.100345081611301,41.313933114033105,33621.13657381305,35.0,0
MAQ-001,2026-01-09 22:00:00,46.581956167166794,51.906541618234044,13.142802661163039,74.88213647454486,1172.5791815745533,238.0,1
MAQ-015,2026-01-09 22:30:00,78.14287336716394,76.22808057494571,9.575808402505624,80.2249749269372,33190.8354863054,205.0,1
MAQ-002,2026-01-09 23:00:00,85.36769013140035,65.06866121153244,3.1197613493937153,84.80322400210639,36875.03892846595,115.0,0
MAQ-015,2026-01-09 23:30:00,58.252302074272485,28.5896441172382,3.091122250659103,78.33089786342012,25241.42987958746,80.0,0
MAQ-017,2026-01-10 00:00:00,52.94616127884348,35.16153347325657,8.915884073596091,62.435797269939506,25051.480903651787,112.0,0
MAQ-003,2026-01-10 00:30:00,37.659654361750285,39.99527410474187,3.253069099044546,96.03941290153969,6045.806748120725,230.0,0
MAQ-009,2026-01-10 01:00:00,66.00379698887234,39.6129714952099,2.0372992337594527,82.8461697545909,22775.877754612193,53.0,0
MAQ-003,2026-01-10 01:30:00,61.27609098577592,53.374784570077345,6.417407303624611,92.7709260331421,15069.458318128689,164.0,0
MAQ-012,2026-01-10 02:00:00,46.73470881477918,66.0635928654728,,94.02573408940701,9239.08548465581,216.0,0
MAQ-019,2026-01-10 02:30:00,76.79528134468258,77.59285150068501,0.8399632748512587,62.488006893862185,23374.849278635702,181.0,0
MAQ-002,2026-01-10 03:00:00,63.250444272030265,60.54715159705148,2.5436143597160816,72.75758913786474,147.49963578761609,208.0,0
MAQ-008,2026-01-10 03:30:00,,46.97776799104223,1.0147384581814178,80.49130366994956,11128.870382532123,227.0,0
MAQ-020,2026-01-10 04:00:00,61.68141391539329,17.519657614662265,0.18802711598206934,42.0171642493115,26276.076769108666,14.0,0
MAQ-007,2026-01-10 04:30:00,86.06956808394423,56.270612357512086,10.465528796441891,42.460536552424,18256.120359242937,57.0,1
MAQ-003,2026-01-10 05:00:00,79.04405415632833,55.463863486509844,3.578529210748591,39.01376708009846,5911.05756612751,34.0,0
MAQ-010,2026-01-10 05:30:00,68.04960907752265,,2.620597407121652,62.837998229602206,152.59265882331516,136.0,0
MAQ-011,2026-01-10 06:00:00,79.28657527697278,92.91232535865998,2.173774584337129,58.33365881576804,10890.528631391635,97.0,0
MAQ-014,2026-01-10 06:30:00,52.586320654198914,77.33073783147529,3.3005057114035647,36.28658743409523,22007.466307609593,9.0,0
MAQ-007,2026-01-10 07:00:00,70.48555151090545,69.13109652849974,2.150935950470017,67.98716455397356,21428.36804803366,133.0,0
MAQ-020,2026-01-10 07:30:00,72.20983495729706,37.6826116587112,1.3937355013856723,63.08762166566815,5329.768784939603,24.0,0
MAQ-011,2026-01-10 08:00:00,62.9524523725191,45.766094514458615,2.2579621575256783,88.64480340153986,24586.51600636581,97.0,0
MAQ-006,2026-01-10 08:30:00,76.53187503936127,53.29279707528696,8.335705885731977,105.25958158264916,39957.08269118049,87.0,0
MAQ-020,2026-01-10 09:00:00,58.29349818033323,41.04267176781364,6.316935305073815,74.12900680828466,23436.18955981802,214.0,0
MAQ-019,2026-01-10 09:30:00,77.64731061664176,64.00836144973212,2.260384576065446,51.067389572675296,21152.76321079925,163.0,0
MAQ-010,2026-01-10 10:00:00,78.27788157296938,61.42435928588268,11.173714615684935,77.93448754694137,24943.061631357363,149.0,1
MAQ-001,2026-01-10 10:30:00,26.242601789544004,35.410459725015535,3.0910403321674504,65.18605846640946,35198.868521403245,199.0,0
MAQ-012,2026-01-10 11:00:00,87.85458555265177,76.54270076373024,1.6894996093871326,60.197494924370034,37845.37385335584,43.0,0
MAQ-012,2026-01-10 11:30:00,24.28551151970869,56.84158600855949,4.265341625180597,47.767977576403766,1737.2372785310856,61.0,0
MAQ-003,2026-01-10 12:00:00,60.75926461665812,23.876719358639477,9.230815297297472,55.71559921555986,8279.252736314636,180.0,0
MAQ-013,2026-01-10 12:30:00,85.38022051386632,54.07582854979055,8.071260299364994,61.44417977452345,4718.986153837975,179.0,1
MAQ-017,2026-01-10 13:00:00,65.2406991212134,60.06171620661229,1.7635898866813575,81.08192784330897,30916.91604953533,5.0,0
MAQ-003,2026-01-10 13:30:00,48.007210262956875,72.51026250584333,1.1468692262695586,75.22051160815732,1917.9580721826412,53.0,0
MAQ-015,2026-01-10 14:00:00,53.59394407424994,48.92542474372091,2.432971478024266,101.51152285856992,36115.13438494611,54.0,0
MAQ-003,2026-01-10 14:30:00,85.4035861948093,69.90288881404973,4.793751896889392,78.48676147692943,920.1590596349195,1.0,0
MAQ-015,2026-01-10 15:00:00,41.17743204177043,58.36855576186388,5.744789960493688,73.48589849124721,24141.617836670033,158.0,0
MAQ-009,2026-01-10 15:30:00,86.93486651443025,31.32901703732357,7.311128432831774,58.875392690548516,11095.490139812659,13.0,0
MAQ-001,2026-01-10 16:00:00,69.17346851436567,29.52699807731475,3.7271014234600974,44.25074036306579,18875.48464514833,201.0,0
MAQ-020,2026-01-10 16:30:00,52.1140700433635,75.20607766268827,3.818788677208673,53.60213116293713,17731.247968794814,140.0,0
MAQ-004,2026-01-10 17:00:00,61.25327391545963,76.52771521087185,3.6253501264992583,51.003226744761456,29980.84150188692,182.0,0
MAQ-012,2026-01-10 17:30:00,54.741634883475385,60.81236614728501,6.675374523207064,13.781863641363884,19916.019832290738,119.0,0
MAQ-004,2026-01-10 18:00:00,82.99337801287793,81.92272098124052,5.815649575927226,44.82736434851657,16906.71112204938,232.0,1
MAQ-019,2026-01-10 18:30:00,80.98641714644258,74.01897728274892,1.708816094195048,97.04419522731946,29238.056393115738,64.0,0
MAQ-015,2026-01-10 19:00:00,44.2125829918593,67.30531713063498,5.327929778907874,72.37200425917986,37039.69608026374,133.0,0
MAQ-017,2026-01-10 19:30:00,63.94611822220999,38.596393202793905,6.382899025875903,57.46952289309807,31777.50382079031,1.0,0
MAQ-009,2026-01-10 20:00:00,57.05221506483584,86.16571751858218,6.735513249204841,72.96959644280042,29495.009556951904,199.0,0
MAQ-010,2026-01-10 20:30:00,89.40264952689056,64.65342577974891,4.1335382379804555,25.93190948541251,19560.111037312494,136.0,0
MAQ-013,2026-01-10 21:00:00,49.74851322810369,48.05490205699081,3.9701943681210428,70.64195432924848,36018.610351425115,42.0,0
MAQ-016,2026-01-10 21:30:00,94.0634365702752,42.97113990450464,3.1953000214907035,90.54984526294966,19503.906951125362,196.0,1
MAQ-017,2026-01-10 22:00:00,69.50057890724594,59.62210806724942,3.4544730903560903,62.57768105821239,37218.40283408991,237.0,0
MAQ-001,2026-01-10 22:30:00,52.570983904298686,24.920936472907815,10.056960111788486,29.560209475028635,32136.59827062224,16.0,0
MAQ-014,2026-01-10 23:00:00,59.840887239860834,67.59411895635152,3.542585138556153,56.72118930446606,6095.38340084417,202.0,0
MAQ-003,2026-01-10 23:30:00,57.97571738847324,37.83572533550752,1.8296876055324511,90.5852398996624,1974.9876918213497,176.0,0
MAQ-006,2026-01-11 00:00:00,50.88072396976741,61.67094595883716,4.197712371249613,70.17259313795338,29660.141905956018,85.0,0
MAQ-017,2026-01-11 00:30:00,71.42240289595563,45.61083392755313,5.666165460407726,36.63379810412867,27464.982547853502,152.0,0
MAQ-006,2026-01-11 01:00:00,51.58126673962235,50.24046317095534,6.5457280717095125,112.35258358367741,24123.34629532083,188.0,0
MAQ-016,2026-01-11 01:30:00,37.29450686892717,41.37562229022883,1.3791999130225434,39.92382967509734,39051.94727269211,115.0,0
MAQ-010,2026-01-11 02:00:00,64.3048529372774,52.09787023874557,8.718732911484757,60.14150836773571,21861.581606101245,159.0,1
MAQ-005,2026-01-11 02:30:00,42.95715705373176,89.00883182831237,5.518787669782106,44.25227998695593,13981.204697344383,11.0,0
MAQ-007,2026-01-11 03:00:00,58.71758697898719,79.93107328687553,8.392009994840002,44.279959701727975,22642.13744782091,222.0,0
MAQ-011,2026-01-11 03:30:00,56.36345667094966,,0.94614187675225,55.95697768529687,1233.6289249677043,221.0,0
MAQ-016,2026-01-11 04:00:00,56.93175891961279,54.54470321983086,6.9113681566479235,77.72300319692155,23212.642959354966,50.0,0
MAQ-013,2026-01-11 04:30:00,100.01444652385231,70.19562143247194,1.318975152989642,90.81062890439203,36106.965181136824,114.0,0
MAQ-019,2026-01-11 05:00:00,70.84617350754357,75.33946709393601,2.665251886907167,57.276636559350806,272.7697338737991,57.0,0
MAQ-018,2026-01-11 05:30:00,73.68056513492998,40.06326912026447,5.6448107264650424,44.79712891630151,33827.62210590685,95.0,0
MAQ-016,2026-01-11 06:00:00,43.35402555486558,53.60610038262036,1.2022457462401839,74.57278633319616,32096.962874554614,66.0,0
MAQ-013,2026-01-11 06:30:00,60.19055299544617,22.204751867774554,2.1370931619778712,75.15927157858374,4333.514878863803,206.0,0
MAQ-006,2026-01-11 07:00:00,73.22953944912268,75.21583798469611,0.9288096641401006,69.807526711069,33888.53667555653,166.0,1
MAQ-009,2026-01-11 07:30:00,54.63206630630491,92.1704366386154,5.5410707215728285,70.51479625813465,30565.45610276304,202.0,1
MAQ-003,2026-01-11 08:00:00,83.62094265276978,56.44148724321554,1.6840273383601816,62.74867107312637,19692.753656637833,190.0,0
MAQ-008,2026-01-11 08:30:00,51.95955121148455,16.749817751745702,3.3742008926235485,66.96301709111762,9884.036142150948,174.0,0
MAQ-019,2026-01-11 09:00:00,65.70450796202236,65.96002929838656,4.492752186610963,61.36697742752858,11595.206592329301,39.0,0
MAQ-009,2026-01-11 09:30:00,61.20922540036662,38.726395009316555,4.162961403160321,86.40487454074244,24529.76952633241,199.0,0
MAQ-003,2026-01-11 10:00:00,72.46480989072874,43.05971005003972,3.891566228818567,109.56919001411754,9927.529575082315,187.0,1
MAQ-014,2026-01-11 10:30:00,60.39264892216861,66.27837501623807,3.8860026785722264,68.59306303414385,13081.691459391335,29.0,0
MAQ-020,2026-01-11 11:00:00,65.93659559393593,59.58197425922904,0.9917954496068231,64.86855504057279,37240.45340289726,21.0,0
MAQ-018,2026-01-11 11:30:00,66.45804862333021,46.21404204390517,2.782424304576849,70.11722731380137,29200.21179859949,182.0,1
MAQ-006,2026-01-11 12:00:00,58.984183639130485,43.30709861317004,3.8604667398121038,51.841563980334165,29469.35458370754,93.0,0
MAQ-010,2026-01-11 12:30:00,77.2764080274567,57.265048993974986,3.5570699427585613,80.2995674220964,38241.863242655,78.0,0
MAQ-011,2026-01-11 13:00:00,73.57582562256138,47.629620054777384,3.0386828477674297,73.82352818162258,331.1813901447449,95.0,0
MAQ-005,2026-01-11 13:30:00,68.67079082120249,35.033731595145866,1.8868535597806388,56.59059583914619,9854.98515056878,208.0,0
MAQ-006,2026-01-11 14:00:00,63.54312499807063,49.013862733389516,4.097304942820958,83.04133638084957,26353.16112211977,87.0,0
MAQ-005,2026-01-11 14:30:00,81.94816045779996,61.112667218593316,4.661999625792261,65.37979536690774,17587.03420409194,88.0,1
MAQ-020,2026-01-11 15:00:00,66.46248634278729,51.7941375972466,2.376578075009767,45.5988672305125,4600.917430481592,95.0,0
MAQ-015,2026-01-11 15:30:00,65.39954068261095,29.556845231532666,6.57678685728103,72.0320889084592,31271.224074259288,13.0,0
MAQ-017,2026-01-11 16:00:00,71.57035044832189,72.80316318475971,8.840209916445854,69.73985006798652,1978.1941097890765,8.0,0
MAQ-017,2026-01-11 16:30:00,95.44880024456276,5.701394135019996,3.424917939830293,84.2083629222125,21799.659376360574,99.0,0
MAQ-020,2026-01-11 17:00:00,49.894656879681946,46.96542720948817,1.7417539894715892,81.63093900149698,22542.326828546433,4.0,0
MAQ-003,2026-01-11 17:30:00,81.54785339583032,43.83642781802951,1.1883140257434424,62.81547338742476,25474.85665246509,181.0,0
MAQ-018,2026-01-11 18:00:00,41.602432581428424,57.66721980168547,2.634823790137984,55.55826127172939,12693.489478600339,101.0,0
MAQ-002,2026-01-11 18:30:00,73.25909737342936,65.10991254044924,3.2378904895437564,65.03487500115598,1041.6775551493076,120.0,0
MAQ-010,2026-01-11 19:00:00,93.62624241413096,75.28176654869864,1.1295307176391167,72.26617759337313,35570.43311461923,80.0,0
MAQ-012,2026-01-11 19:30:00,77.3300278670096,42.17671227966112,2.5714131396886266,74.67508755530099,37175.27131365539,183.0,1
MAQ-008,2026-01-11 20:00:00,72.5593761780969,65.55848207200268,6.344121860717671,71.02824416272236,19331.350203472222,102.0,0
MAQ-003,2026-01-11 20:30:00,61.59325796795387,58.5247309818663,0.3856424556478849,63.18476113056462,923.5501039129776,8.0,0
MAQ-004,2026-01-11 21:00:00,70.46570800732832,24.19229124670198,3.5877439261210937,84.93634040046447,23276.759292915613,117.0,0
MAQ-017,2026-01-11 21:30:00,66.21905776894965,89.20972459781397,2.126387877499476,51.513962118134465,12705.601081350556,42.0,0
MAQ-007,2026-01-11 22:00:00,58.21035088102967,29.102047709676413,3.3144788213384775,114.58806904309645,7381.174515664503,142.0,0
MAQ-007,2026-01-11 22:30:00,65.65186576787696,62.55095090157487,9.156174285210257,80.26140760307518,6841.210989610095,135.0,0
MAQ-019,2026-01-11 23:00:00,72.9757174093966,62.01927899555946,3.1978870036324953,42.4502919365998,7252.292069293385,113.0,0
MAQ-003,2026-01-11 23:30:00,58.491743972040396,59.961462081923386,2.8553284077715886,68.70458661872831,13300.55592311454,92.0,0
MAQ-019,2026-01-12 00:00:00,57.90577268972974,46.097616121091065,5.29606479573709,80.45367036064263,11296.746606137694,143.0,0
MAQ-019,2026-01-12 00:30:00,49.59634843611738,69.89054772052904,4.138046794336105,58.01261788960581,33473.350814882266,163.0,0
MAQ-012,2026-01-12 01:00:00,75.86087539133344,26.91338546902428,3.5991646237517525,35.09711904846586,19863.056824861967,210.0,1
MAQ-004,2026-01-12 01:30:00,78.17984892950591,53.81508180386939,4.24644003959071,44.21872116802209,17163.134949355423,231.0,1
MAQ-004,2026-01-12 02:00:00,73.47490666354776,44.85025582205574,7.538287451176373,75.84185888691103,5918.758928867286,19.0,1
MAQ-006,2026-01-12 02:30:00,84.47755739092999,42.808637042793436,6.067339786840399,29.907670548632566,35048.04264553444,158.0,0
MAQ-012,2026-01-12 03:00:00,71.31801455621091,62.717460174163826,2.7049237931144834,36.013108563079555,2287.406011172183,20.0,0
MAQ-004,2026-01-12 03:30:00,75.88016406048635,74.3946137689543,8.836348131608174,75.73669493867853,9657.301219091763,100.0,0
MAQ-010,2026-01-12 04:00:00,999.0,48.82139628693641,2.2341299170208835,60.54901566306341,24896.743801839173,177.0,0
MAQ-003,2026-01-12 04:30:00,68.62689970872688,69.052259618664,3.588107476500963,51.08439220790406,28122.26587761371,130.0,0
MAQ-011,2026-01-12 05:00:00,62.03767257805529,55.89533197800277,3.8964711353338917,55.105357053549334,32066.147335283968,193.0,0
MAQ-001,2026-01-12 05:30:00,103.21228923687866,38.93082023371585,2.605139883844316,35.58372374311361,16470.622928657278,219.0,0
MAQ-015,2026-01-12 06:00:00,63.22073530219737,50.35686232166085,8.211764045644056,74.68906860909891,13934.929456992568,233.0,0
MAQ-002,2026-01-12 06:30:00,60.011834333193455,49.60925396575093,2.5036120845468592,48.86912889965109,11613.209556720803,161.0,0
MAQ-004,2026-01-12 07:00:00,76.5101473517516,42.46012157490196,3.009904005301272,54.284956308322585,22766.977376001283,161.0,0
MAQ-004,2026-01-12 07:30:00,73.77781622942507,62.712692715805005,6.678445976180671,71.93570273174356,14010.561044299953,192.0,0
MAQ-017,2026-01-12 08:00:00,48.92812678584509,59.22363137868567,2.3019317253391565,59.86744929091567,13190.960202969729,55.0,0
MAQ-002,2026-01-12 08:30:00,86.84017381845608,26.368305431150475,1.0854084826371768,50.90693380731328,773.9450520723218,72.0,0
MAQ-009,2026-01-12 09:00:00,68.5870813697375,25.272532085691562,,25.211231505521425,37937.80790291015,81.0,0
MAQ-012,2026-01-12 09:30:00,53.33603357176419,62.644320157703575,1.4082403128283203,72.34851691735629,2517.7103483895485,178.0,0
MAQ-011,2026-01-12 10:00:00,87.83176171530812,40.324844281698375,1.2702957712996295,66.57985935216803,10907.773580606485,84.0,0
MAQ-014,2026-01-12 10:30:00,,60.43674079180583,0.3968826821995048,54.652250846332535,36864.643130893775,33.0,0
MAQ-017,2026-01-12 11:00:00,51.03187012078129,69.05676840596539,0.46596910463140684,44.25201789066307,29440.392990967583,191.0,0
MAQ-008,2026-01-12 11:30:00,96.65774260386587,32.12284892669993,0.5091082190512256,65.2552495730705,23167.778187078857,179.0,0
MAQ-017,2026-01-12 12:00:00,79.88196052549289,29.59232941762867,9.611460912839567,74.60943521051537,26466.475136495377,142.0,1
MAQ-007,2026-01-12 12:30:00,69.84705826562431,85.13977028311531,0.5067701779599727,66.95517762648608,3972.6961072305407,211.0,0
MAQ-020,2026-01-12 13:00:00,93.8532820843267,61.32827409332426,1.3763632512539485,97.76131040984305,32365.029011843366,190.0,1
MAQ-011,2026-01-12 13:30:00,72.38946675744461,47.45366817988112,3.0488549641570133,79.09549005210057,10079.259795125861,216.0,0
MAQ-015,2026-01-12 14:00:00,69.57875387343952,38.189071852367256,5.133745485727256,62.854338206519174,38252.937717366935,62.0,0
MAQ-018,2026-01-12 14:30:00,60.095498259670165,45.81206471966897,5.505213391581157,79.76557512193128,9331.846691381348,27.0,1
MAQ-016,2026-01-12 15:00:00,78.72775658960617,33.569697949960414,1.7426947315890422,65.97324556782156,25052.040207649836,81.0,0
MAQ-018,2026-01-12 15:30:00,77.14904450985969,70.90141913363063,3.539673476199273,65.90385509045308,21858.44723128556,199.0,1
MAQ-011,2026-01-12 16:00:00,70.22020209834567,41.018479235086225,2.9812367943930544,90.92727594622045,5809.813449349882,221.0,0
MAQ-001,2026-01-12 16:30:00,58.150204691985955,74.68362258789281,3.391523949271956,47.03884243718962,14580.793995890803,26.0,0
MAQ-010,2026-01-12 17:00:00,71.94894781249111,47.788679444139795,3.7339619581293646,65.46619296109917,31273.580914083414,205.0,0
MAQ-004,2026-01-12 17:30:00,68.95301821356793,36.219696694888334,4.4819645740770255,88.7942000529921,8582.264152564412,114.0,0
MAQ-018,2026-01-12 18:00:00,49.99788521898698,47.32657141575157,2.0939271117740943,71.17981116349782,38518.00686219393,196.0,0
MAQ-005,2026-01-12 18:30:00,47.92281473013722,7.764998004974501,2.518759943904345,57.61894029262444,11889.797182039514,163.0,0
MAQ-005,2026-01-12 19:00:00,78.47730068214653,52.82616561986787,12.774839008798638,30.876804692516608,25106.19421325542,14.0,0
MAQ-005,2026-01-12 19:30:00,30.971675274224665,51.93785455965715,2.2001864872363526,19.593061156125813,24792.794879635614,116.0,0
MAQ-013,2026-01-12 20:00:00,73.0811579044189,69.84536943786341,3.586322122942895,106.52362379521496,18884.051862390093,21.0,0
MAQ-012,2026-01-12 20:30:00,62.828754133692634,21.046511296299172,3.0018590369405365,71.17023642501623,26248.882520213792,81.0,0
MAQ-019,2026-01-12 21:00:00,89.62369910319865,75.91359449554386,3.483108275396881,53.318537218274756,29768.72005868818,181.0,1
MAQ-009,2026-01-12 21:30:00,62.597976862691866,69.77078730995781,6.798265695120007,71.98913778259681,24798.218556501448,164.0,1
MAQ-006,2026-01-12 22:00:00,79.89226321377843,77.53678414657593,2.871783265542751,46.046517233933,22443.785311425767,169.0,1
MAQ-001,2026-01-12 22:30:00,64.04629238143312,54.051015231925525,1.2213674514634363,58.37597445207468,24304.43358210327,158.0,0
MAQ-001,2026-01-12 23:00:00,71.70622230229215,73.2501430138496,2.06292788899559,46.1811921401407,16138.041224038201,3.0,0
MAQ-008,2026-01-12 23:30:00,81.05254796380076,28.51760737167571,2.876740759598417,36.73452830870991,2927.83936854885,139.0,0
MAQ-019,2026-01-13 00:00:00,63.0616642551313,67.8348561736816,3.822869887560347,22.90030108324156,6471.9653293930005,116.0,0
MAQ-011,2026-01-13 00:30:00,84.94832326747606,41.11907028220099,1.7497639149037125,33.046852155423316,24307.491317283813,126.0,0
MAQ-018,2026-01-13 01:00:00,55.09453184340275,25.27476701638715,1.9170902492677722,85.4257552787492,37094.23830745594,51.0,0
MAQ-003,2026-01-13 01:30:00,74.41889263837568,34.765470673041506,3.9246906911738155,45.262360775799365,1127.0478879901714,169.0,0
MAQ-002,2026-01-13 02:00:00,83.8395958418178,55.09956049532687,4.023561251090652,75.6978422360576,21807.00436278161,145.0,1
MAQ-017,2026-01-13 02:30:00,79.90056237685502,40.16261425208314,6.162045108276232,84.13294779690428,10157.25117706667,96.0,0
MAQ-003,2026-01-13 03:00:00,98.74667315103116,61.7693235705244,2.041760271711598,65.33159370414916,22513.422228832074,13.0,0
MAQ-002,2026-01-13 03:30:00,58.54841024034009,22.451724009927688,4.795927219435926,59.02865575357858,30011.328573574698,16.0,0
MAQ-009,2026-01-13 04:00:00,49.31276122977118,16.71224421491449,3.006156560073433,67.66045841055328,29444.579973566753,86.0,0
MAQ-019,2026-01-13 04:30:00,55.08497337257321,79.70297381458437,2.288341318914713,56.66759266951772,29022.94333294354,128.0,0
MAQ-014,2026-01-13 05:00:00,79.90663849822656,71.26840232922582,3.0814508804592884,89.0781852411326,31179.046290983533,239.0,0
MAQ-002,2026-01-13 05:30:00,77.46884401404068,36.112656953551465,3.411577064701732,102.53067748288984,2997.166404156209,173.0,1
MAQ-017,2026-01-13 06:00:00,71.53384989471124,54.94600641753029,1.1008749930206128,93.9962366074191,20432.155573326294,116.0,0
MAQ-017,2026-01-13 06:30:00,53.15564426339305,73.35112708362382,1.1849036397180672,21.96873530452865,10544.961566348713,71.0,0
MAQ-017,2026-01-13 07:00:00,81.5030093999359,62.5456109492309,5.258279498173796,56.259464822797725,36858.69538399628,40.0,0
MAQ-019,2026-01-13 07:30:00,51.6294283352419,57.66801573130261,2.470295909410118,65.08318277562313,31336.8809585769,33.0,0
MAQ-005,2026-01-13 08:00:00,87.3842437356535,74.71277346362675,3.843036494115324,74.26115920845086,4391.039409599752,17.0,0
MAQ-020,2026-01-13 08:30:00,112.86157634709798,41.84717544637803,5.15129605905221,30.45370924595904,9805.52054830418,218.0,1
MAQ-007,2026-01-13 09:00:00,75.49676719857325,55.56121207596332,3.095353145822424,30.13112679262069,18263.28819437597,3.0,0
MAQ-017,2026-01-13 09:30:00,78.74662203486615,54.67872451073695,4.8573432796037945,91.13579499250784,38520.05401007638,207.0,1
MAQ-012,2026-01-13 10:00:00,62.60710346656661,50.09028314192123,3.427684622487528,53.81761362780441,4475.960046429969,140.0,0
MAQ-016,2026-01-13 10:30:00,42.84680018369775,47.98350079442646,3.5466777244453396,35.25187323093536,22762.097504830974,148.0,0
MAQ-013,2026-01-13 11:00:00,60.95920955454666,56.311628280912835,7.172060555385952,42.92718384554078,13717.37177566488,230.0,0
MAQ-013,2026-01-13 11:30:00,53.606571383518755,55.619334927739494,2.847682811293722,72.8094928662443,25888.979635129035,188.0,0
MAQ-013,2026-01-13 12:00:00,48.294931353774764,36.12830243437854,5.299881991473768,48.549046270730074,25983.39840820591,35.0,0
MAQ-016,2026-01-13 12:30:00,95.83539912993474,69.43232637820806,0.9179009898873721,69.832512843681,9699.600318692339,232.0,0
MAQ-015,2026-01-13 13:00:00,74.0929377703866,37.42506626020735,3.7438284299283175,45.425452745069926,31453.79507221204,42.0,0
MAQ-003,2026-01-13 13:30:00,75.69531370920976,51.07179799815087,8.396303222293117,30.11599745231959,3741.3726062588357,136.0,0
MAQ-017,2026-01-13 14:00:00,65.36466452205626,49.68495149103907,13.368639920867674,93.48760326442648,32743.740956384587,153.0,1
MAQ-011,2026-01-13 14:30:00,67.40693376334845,61.445865027865885,0.9657599733220461,72.96379822577951,8557.477657321813,58.0,0
MAQ-007,2026-01-13 15:00:00,84.46826023359,16.85612907608801,2.460560675005816,58.32498277523767,23624.214009816944,151.0,0
MAQ-011,2026-01-13 15:30:00,69.51494321957176,71.03637666873024,1.43696478762916,54.57276556636781,13957.658103420526,153.0,0
MAQ-020,2026-01-13 16:00:00,77.96040907037099,42.81417374298105,2.934578798632739,94.2980073815047,24430.2150822136,235.0,1
MAQ-018,2026-01-13 16:30:00,67.05993553232476,76.95933930598697,5.897981687599217,76.8306009105745,10769.972146147658,219.0,0
MAQ-017,2026-01-13 17:00:00,64.86770663901929,46.39303135870922,7.343739388266725,87.93626063271518,22801.650510825377,95.0,1
MAQ-010,2026-01-13 17:30:00,48.89628751597207,54.12081545678781,7.502070733972503,53.326146450216,427.11058252121074,165.0,0
MAQ-016,2026-01-13 18:00:00,40.33376406449308,89.44814872123163,0.8800569939316265,66.01333080359157,15040.732858926358,197.0,0
MAQ-008,2026-01-13 18:30:00,66.07657148400398,50.00791224171397,3.3571744364735063,73.04397831993063,33072.936224581346,6.0,0
MAQ-014,2026-01-13 19:00:00,70.84745037989849,77.29929792412226,2.007799128886027,53.99861781372317,18573.96280156976,164.0,1
MAQ-013,2026-01-13 19:30:00,50.70804944936813,55.70281154016208,2.806108164887516,63.0893578199272,20020.517849699634,220.0,0
MAQ-005,2026-01-13 20:00:00,69.4828770244805,62.47753894528282,2.245942274371469,53.327793202335,24900.91583276832,28.0,0
MAQ-006,2026-01-13 20:30:00,70.80628844485753,56.25925460940474,0.9265327053060651,72.98118395004434,17424.962993475896,180.0,0
MAQ-002,2026-01-13 21:00:00,37.659879909109314,70.26132927340224,7.3914700264628,38.57211672298838,34696.36143618017,14.0,0
MAQ-003,2026-01-13 21:30:00,56.27313010780748,42.66043096864507,1.7647232915142042,76.43940038494117,16192.654326942726,96.0,0
MAQ-009,2026-01-13 22:00:00,76.10895840603203,37.28712658565466,2.0391354738170606,71.21426403485822,37707.8421263057,196.0,0
MAQ-010,2026-01-13 22:30:00,75.80588094093616,43.50562857321361,8.429503337272283,60.93382942985356,35089.8271306379,236.0,1
MAQ-004,2026-01-13 23:00:00,52.69487625400359,56.794786773833636,0.7681076039532095,73.99034291304167,16901.40252809351,174.0,0
MAQ-009,2026-01-13 23:30:00,72.37672075749603,51.02526186009407,4.436597064843935,57.70119072534045,14695.454896485624,173.0,0
MAQ-013,2026-01-14 00:00:00,85.33610838040708,67.78494777648118,6.4616509041398364,51.59738517345426,27097.457954116715,62.0,0
MAQ-005,2026-01-14 00:30:00,81.65609438486348,78.48517059678736,7.993135131407087,75.87452309577357,30236.739272095092,198.0,1
MAQ-007,2026-01-14 01:00:00,68.57071319479098,37.434909929769844,4.225098392584716,76.74028010308744,7515.876935251064,158.0,0
MAQ-008,2026-01-14 01:30:00,62.980355300135614,41.788921750949214,5.366777705868264,54.85459522381932,9717.703607140647,226.0,0
MAQ-011,2026-01-14 02:00:00,60.559832734982436,29.14769047036863,6.459316979074487,53.13895415513883,5935.475414274868,144.0,0
MAQ-008,2026-01-14 02:30:00,77.01729674364486,91.54671383366387,2.969558946052668,61.34053032479087,30451.605939713907,9.0,0
MAQ-015,2026-01-14 03:00:00,72.92655959714332,60.48405098419288,1.5565670400285574,53.95988694371965,28604.634412665488,122.0,0
MAQ-007,2026-01-14 03:30:00,79.441060091533,63.6364417609284,8.84890022755699,95.50238219764537,7643.2471913032105,185.0,0
MAQ-009,2026-01-14 04:00:00,71.97810719681728,30.876249069441133,4.976571895730724,71.32951428388414,21521.303967558288,189.0,0
MAQ-008,2026-01-14 04:30:00,82.28145925521163,54.978940197876256,3.354285539163729,65.2920046709443,30593.15043221565,92.0,0
MAQ-004,2026-01-14 05:00:00,71.4188879943655,64.16646371943554,0.9755368505166558,46.345500526219425,37886.443643460574,41.0,0
MAQ-014,2026-01-14 05:30:00,81.7703307419753,50.45036157038035,0.29913902486828686,79.77978894073281,7223.053899828154,208.0,0
MAQ-005,2026-01-14 06:00:00,83.06234155549959,74.3627012468751,4.375728654533546,52.76790200111169,12242.7582175986,197.0,0
MAQ-006,2026-01-14 06:30:00,57.932100546627794,96.61296026157093,0.2734001443895418,51.945053778379204,13998.757367199045,210.0,1
MAQ-016,2026-01-14 07:00:00,42.87783929693881,37.95286911230887,3.327291549025881,80.45229326153171,25036.59662941505,160.0,0
MAQ-019,2026-01-14 07:30:00,93.1523928402183,36.60242957241946,1.8352778920174626,72.74645441983795,5543.112123338587,198.0,1
MAQ-014,2026-01-14 08:00:00,73.84988096068392,39.20039082048562,2.241426565854994,14.93104781728885,7817.819863130573,96.0,0
MAQ-019,2026-01-14 08:30:00,44.28271156755818,83.91158488029683,7.556104238949132,61.84458472471382,31239.42981194025,187.0,1
MAQ-018,2026-01-14 09:00:00,59.29270754171934,73.76239570653432,1.850129011281545,67.5103924109524,21727.941267657214,117.0,0
MAQ-010,2026-01-14 09:30:00,81.57811438554742,52.56049927971433,3.452352223737994,58.208076884376794,6499.410637985483,190.0,0
MAQ-016,2026-01-14 10:00:00,65.80484753300661,55.658073959215734,1.8586099832188863,68.2072733137961,15598.466645528191,35.0,0
MAQ-007,2026-01-14 10:30:00,62.31907871021309,40.30221472845901,4.09092600137437,28.806239941819783,5466.318393736138,71.0,0
MAQ-010,2026-01-14 11:00:00,91.0132279046945,71.02048883937732,3.6848804622647324,8.379588013185497,14571.331049349992,51.0,0
MAQ-011,2026-01-14 11:30:00,54.290692804242845,48.16176716604603,3.328990222946111,45.490635232594585,16067.951878944263,97.0,0
MAQ-020,2026-01-14 12:00:00,58.02769963367749,50.31862228981001,6.475381701172773,70.644942435343,4573.205423853311,195.0,0
MAQ-017,2026-01-14 12:30:00,73.17079712572401,65.95821588752662,0.7700913048497381,0.5008754295821944,2487.3537048230774,27.0,0
MAQ-010,2026-01-14 13:00:00,75.85682398080823,51.61609111450202,0.5672728580395295,48.12907865520985,35275.91542127547,175.0,0
MAQ-014,2026-01-14 13:30:00,77.44514551511097,50.770612117038766,1.1565298218594124,26.54478061601226,35517.158776644734,199.0,0
MAQ-005,2026-01-14 14:00:00,83.6685706685342,55.19035369952335,3.698548454580004,60.147516549373044,202.89712098473012,161.0,0
MAQ-017,2026-01-14 14:30:00,72.97867931022276,69.31639744827538,4.598258142909282,104.15798515911699,25684.043447323045,155.0,0
MAQ-012,2026-01-14 15:00:00,77.34075908407614,84.636875358709,0.0903160793116289,60.656480106717964,3837.7924008052955,33.0,0
MAQ-011,2026-01-14 15:30:00,66.11186111027375,65.53875218042947,4.555827851557327,62.84994309338264,32424.65165669958,147.0,0
MAQ-016,2026-01-14 16:00:00,70.94047454855071,69.45965602523681,2.509430742878761,81.78461881576465,35194.53944693469,54.0,0
MAQ-013,2026-01-14 16:30:00,71.61301270080452,51.40262688217976,8.999146654692606,65.42613115621147,24702.944699272015,59.0,1
MAQ-002,2026-01-14 17:00:00,73.22647203728555,42.259638462963096,4.322961087881387,60.70016459621321,24564.90274239739,206.0,0
MAQ-006,2026-01-14 17:30:00,81.58809711374141,66.77175218023207,8.319868254097626,83.53291848290007,14922.112211243597,147.0,1
MAQ-004,2026-01-14 18:00:00,78.32718522917247,58.08233484281028,7.306545127000996,74.43774301023612,10053.81187757818,238.0,0
MAQ-015,2026-01-14 18:30:00,70.66325504350274,29.392684322504515,2.5104928528606347,70.77251523132905,20020.90608321453,109.0,0
MAQ-001,2026-01-14 19:00:00,57.863110225884405,49.094746778339236,5.915474291328724,62.22439694865069,5435.317216714505,85.0,0
MAQ-005,2026-01-14 19:30:00,71.01506887094064,53.507853577332035,2.5061765692422964,58.078705905458726,26921.773304950457,238.0,0
MAQ-012,2026-01-14 20:00:00,69.57973322656385,45.81175839348738,9.74066997649809,83.34341770463325,18856.467125650768,149.0,1
MAQ-014,2026-01-14 20:30:00,72.89772369719797,81.6712407017583,2.6984942587241885,58.27074760241654,7186.300090634136,207.0,1
MAQ-011,2026-01-14 21:00:00,103.09787960710602,63.637102664239904,4.754189755134543,89.62505758712027,23573.738686292385,10.0,0
MAQ-018,2026-01-14 21:30:00,62.143408321881466,79.71714852199565,10.945063453510995,44.05707267421435,31833.580679770588,126.0,0
MAQ-019,2026-01-14 22:00:00,76.33433528688039,59.741654709738874,4.902214205573657,93.67567909011555,23593.098520518524,196.0,0
MAQ-003,2026-01-14 22:30:00,86.02693100866448,56.4649810556514,2.3031028779607934,74.44080166176836,21233.490325096114,194.0,0
MAQ-020,2026-01-14 23:00:00,71.47002871149074,38.141239283015516,1.0315189216057539,45.62930153895988,33923.92737741932,171.0,0
MAQ-013,2026-01-14 23:30:00,105.06767678758249,55.214731597538204,0.7774833854192554,75.17957269104613,529.1398615331152,39.0,0
MAQ-013,2026-01-15 00:00:00,64.32941062402784,55.23497066215792,4.539609346874521,51.9939420336544,24708.230350601716,131.0,0
MAQ-002,2026-01-15 00:30:00,74.8613383348007,30.391950087383805,3.080705605467699,65.66856108694951,16446.71810946324,24.0,0
MAQ-013,2026-01-15 01:00:00,58.01791382660527,45.28850554413289,1.1766719107635044,55.267457257094975,7823.289331441005,192.0,0
MAQ-015,2026-01-15 01:30:00,64.72712897285061,49.18091322670548,5.4853083769087085,62.341756717338434,39185.156218435375,151.0,1
MAQ-012,2026-01-15 02:00:00,73.73400865594986,62.44263179300299,5.433032936349572,83.82861587619733,16212.171782972855,46.0,0
MAQ-002,2026-01-15 02:30:00,82.69456093461595,63.30430201574271,3.038831352187738,75.37023304293373,13476.98621644468,174.0,0
MAQ-011,2026-01-15 03:00:00,74.78642251035362,,8.562663573350775,42.49269216461843,6843.436745651804,172.0,0
MAQ-019,2026-01-15 03:30:00,88.88672274002104,63.439652845753926,0.6301430987313075,43.638071166831224,39910.861454694816,12.0,0
MAQ-015,2026-01-15 04:00:00,68.57552034110992,51.722579271726694,2.3751943008655405,70.41551220530667,34256.4491055841,21.0,0
MAQ-003,2026-01-15 04:30:00,65.01747205241492,3.3468395526107813,4.8836448665952865,71.86374253791553,2891.8995051305524,48.0,0
MAQ-020,2026-01-15 05:00:00,110.5597766091908,46.27536342487224,1.3097896207491844,51.511100412258045,22673.579657474613,16.0,0
MAQ-020,2026-01-15 05:30:00,75.91356474163047,74.42179552256282,5.863325960348165,96.82630965964074,5981.308313931088,128.0,0
MAQ-004,2026-01-15 06:00:00,59.20777681032179,24.727496380701766,7.068407757410942,81.26989874539191,28659.678459016584,211.0,0
MAQ-017,2026-01-15 06:30:00,59.58604356627897,57.02844160747972,0.17336202077188023,52.488472692304114,19414.928827491436,15.0,0
MAQ-009,2026-01-15 07:00:00,55.85980128202989,83.53470185533517,8.754537688438838,50.55489368368014,4504.519671551108,147.0,0
MAQ-012,2026-01-15 07:30:00,84.04854033785182,41.30896684581135,4.677236728985518,60.44373572573506,22325.851761445167,101.0,0
MAQ-009,2026-01-15 08:00:00,64.53434060660138,55.03868344769835,2.1526441655129243,58.3629117785168,36435.95847900221,200.0,0
MAQ-016,2026-01-15 08:30:00,71.91043713484729,31.527707369897417,0.8502792516455737,90.12314987463554,13713.667825092785,115.0,0
MAQ-020,2026-01-15 09:00:00,69.04736988342597,84.29016054994429,6.407305920070922,84.69045945989774,2127.1440290029614,160.0,0
MAQ-016,2026-01-15 09:30:00,80.97238611911402,53.500012714060944,1.1183904320701132,65.70139027002782,37813.763739459304,221.0,0
MAQ-019,2026-01-15 10:00:00,57.2988386067397,55.839283170292326,4.67111327655989,78.5581112177843,5757.787601577078,32.0,0
MAQ-019,2026-01-15 10:30:00,53.86641570785477,79.3774083791012,1.163849668006116,81.45950452689098,19054.574835161224,75.0,0
MAQ-002,2026-01-15 11:00:00,73.36445960772392,66.90661110361866,3.2705967642672333,66.16521456533069,21832.61740114654,64.0,0
MAQ-006,2026-01-15 11:30:00,79.01438927049846,39.23868281505868,6.214019324784158,73.0523735873818,9559.789780932144,40.0,0
MAQ-015,2026-01-15 12:00:00,74.98798469646461,43.348997366428314,2.176587167948012,76.88375108184565,7178.979478321746,155.0,0
MAQ-012,2026-01-15 12:30:00,57.85819406354008,63.90876348141938,8.715000075031005,74.75211447297768,4614.2413365329,1.0,0
MAQ-002,2026-01-15 13:00:00,80.16227263137091,43.76582100886708,4.963900169614084,49.42392343048418,2891.215765923539,92.0,0
MAQ-002,2026-01-15 13:30:00,58.842086093565484,16.88962038183051,1.3138354401053174,51.445804853078755,20374.24925244576,29.0,0
MAQ-011,2026-01-15 14:00:00,62.17692032820425,54.0416656244966,0.9219199457239393,59.228106766279,33696.62899568923,147.0,0
MAQ-013,2026-01-15 14:30:00,55.84069712916997,28.35617209975343,1.6675137462148424,50.86671441906223,5157.674977527392,180.0,0
MAQ-004,2026-01-15 15:00:00,89.51737522978047,84.09307156414707,3.1521618189415186,35.53798854728694,28054.699234975385,112.0,0
MAQ-004,2026-01-15 15:30:00,79.50132311541023,58.18217747973675,9.26858875867694,78.51903921898082,16563.568739901635,106.0,0
MAQ-003,2026-01-15 16:00:00,79.0749006351831,38.70684897861564,10.445448783302545,71.92816253738003,1505.4471349263865,107.0,0
MAQ-012,2026-01-15 16:30:00,88.70817131713676,42.42461653607583,2.107660706999107,38.212668474149076,21485.295169188386,47.0,0
MAQ-001,2026-01-15 17:00:00,112.18973872358086,20.990843418269435,2.052475142758925,60.18166576544927,10155.129818713738,90.0,1
MAQ-012,2026-01-15 17:30:00,44.36160844134767,35.20968603795093,5.559553548062612,61.31428365494745,24249.638312316045,223.0,0
MAQ-010,2026-01-15 18:00:00,58.924351286843375,73.29381764573259,5.527830328317544,68.63888857019879,14037.98813247096,9.0,0
MAQ-010,2026-01-15 18:30:00,,95.17215061886304,7.802185665400589,43.36155102704682,26691.447498692065,189.0,1
MAQ-014,2026-01-15 19:00:00,57.23770566425961,68.07513723758126,7.942544291313085,37.920115280111744,36748.28418094805,39.0,0
MAQ-011,2026-01-15 19:30:00,53.836251285944314,53.34323430482147,1.565225198234227,75.3944899206782,9857.32802705022,27.0,0
MAQ-015,2026-01-15 20:00:00,65.50520403916951,47.2247312382295,0.7411151059082359,34.320759754627545,37599.634712609135,68.0,0
MAQ-016,2026-01-15 20:30:00,51.75094427065893,37.78307535562548,5.015756565080846,60.346730138906736,8251.923523988244,64.0,0
MAQ-019,2026-01-15 21:00:00,75.0256355130612,92.07578618811533,3.847095296488666,58.47845628483546,2920.7258007121864,75.0,0
MAQ-016,2026-01-15 21:30:00,70.77547482142921,51.602523366441254,0.37954217458164335,62.534313635464294,7788.769396784381,203.0,0
MAQ-011,2026-01-15 22:00:00,77.21542997145482,93.08133694112507,0.7218252616833082,70.05435242355703,32615.17631067038,217.0,0
MAQ-010,2026-01-15 22:30:00,77.6159267745738,80.0833511729811,4.844481474646422,96.97141235622813,27134.49418605522,166.0,1
MAQ-005,2026-01-15 23:00:00,79.04510280140015,23.665664235767075,2.9394961819545053,33.01015598818199,38836.28271513111,35.0,0
MAQ-012,2026-01-15 23:30:00,64.39886594764177,43.01285687633275,4.923631480226404,82.53163165465499,28422.109685954736,226.0,1
MAQ-003,2026-01-16 00:00:00,101.817151039505,42.9571877648712,1.230463944658001,14.756841877372452,16563.987474961694,203.0,1
MAQ-019,2026-01-16 00:30:00,73.51646674723146,53.56276544609669,5.180153382026658,92.87422297634637,35707.99586790176,18.0,0
MAQ-017,2026-01-16 01:00:00,42.06272871062808,53.91434344395244,4.205752755996305,24.142613189256863,38329.32787651755,92.0,0
MAQ-003,2026-01-16 01:30:00,54.964363813506736,108.93230371716658,5.452373917177367,113.72789276069582,31687.031346308228,186.0,0
MAQ-016,2026-01-16 02:00:00,43.89245516458277,35.60989825945434,2.235812890296711,57.2046434104569,22309.91947482053,21.0,0
MAQ-003,2026-01-16 02:30:00,70.2600194372696,59.12145884195902,1.8498634909686256,90.8076612154607,33048.05467409195,18.0,0
MAQ-015,2026-01-16 03:00:00,68.1729216392,66.09713936442046,0.8488415234321366,86.68312046821728,7243.883822637835,145.0,0
MAQ-002,2026-01-16 03:30:00,62.97361453150813,54.97170391955447,2.554467409258853,56.27021817391183,36023.965914882516,80.0,0
MAQ-010,2026-01-16 04:00:00,100.16389168600772,56.98325040006444,6.863716316904499,57.80501563624798,39982.40340121278,105.0,1
MAQ-014,2026-01-16 04:30:00,78.23474311115366,36.19343990248143,8.181515744874993,48.25682073735448,26639.09264156828,180.0,1
MAQ-015,2026-01-16 05:00:00,80.89147542169502,56.91675150284827,1.1280762395189614,80.74740332888578,7915.972679242338,130.0,0
MAQ-009,2026-01-16 05:30:00,56.03389768086845,64.2051819311387,3.150313600345491,56.53063791563064,5863.02282159334,170.0,0
MAQ-019,2026-01-16 06:00:00,55.012826630034816,60.896810516880315,9.361219372044252,48.620329438985316,38380.63478345385,30.0,0
MAQ-016,2026-01-16 06:30:00,70.55208248645432,65.26361627041764,10.211763301813143,75.74552023912304,34866.97757259619,0.0,0
MAQ-005,2026-01-16 07:00:00,72.59510709478339,80.42694221145217,2.4704775891227775,47.05647117188502,29972.2861774342,60.0,0
MAQ-014,2026-01-16 07:30:00,42.15532649328314,71.86539775445814,7.281705631137955,58.420354164959946,37969.85821925491,48.0,0
MAQ-015,2026-01-16 08:00:00,67.29539465725699,56.28330304295387,6.454009866078772,67.14211729744387,20185.80973944881,77.0,0
MAQ-007,2026-01-16 08:30:00,70.21108124310257,33.908349666100996,6.093510258553387,52.151410214774636,35521.08147979434,186.0,1
MAQ-015,2026-01-16 09:00:00,66.77276251343307,44.19990505519985,0.6124142067368226,55.16902638160129,6596.530528136328,36.0,0
MAQ-018,2026-01-16 09:30:00,57.799143814799855,,2.0016851319672213,95.69966402278915,7394.107752483762,30.0,0
MAQ-017,2026-01-16 10:00:00,61.9069722711829,59.54222496414605,2.8896075966935477,60.91529599429707,20542.487521849558,48.0,0
MAQ-016,2026-01-16 10:30:00,67.34711209640805,46.39001029301089,2.8242084757876205,57.807460804327754,13367.135467696518,78.0,0
MAQ-013,2026-01-16 11:00:00,71.36200035415072,38.15680241468167,3.123956218755816,61.49749723862556,17357.518793784842,47.0,0
MAQ-006,2026-01-16 11:30:00,79.07187373825852,33.61242359583393,10.956682497473949,74.08909976998135,31948.059753391277,44.0,0
MAQ-016,2026-01-16 12:00:00,86.21284307426308,25.27880033700044,2.5402134039093403,44.32272634652273,2230.9580905961366,139.0,0
MAQ-008,2026-01-16 12:30:00,65.58478414709126,50.77088733205776,4.350345506870647,73.54430800916772,28861.668987781166,26.0,0
MAQ-011,2026-01-16 13:00:00,63.157657058269635,28.54602204273451,4.2378214169028015,70.11640380118482,3620.347811289285,36.0,0
MAQ-007,2026-01-16 13:30:00,76.56483510301459,36.99053768516694,3.154511351185577,29.22689231851765,33915.291906188766,200.0,0
MAQ-007,2026-01-16 14:00:00,79.16267374616281,47.90976628880256,1.1996624707751398,100.88511206817523,8155.802280773435,4.0,0
MAQ-004,2026-01-16 14:30:00,63.486993501116714,30.95348843095419,3.4886043258679953,94.21627121526413,29424.062921885023,14.0,0
MAQ-020,2026-01-16 15:00:00,81.85590215449258,61.83553939297654,0.37017186470965757,48.98874134510325,23715.988019608794,16.0,1
MAQ-003,2026-01-16 15:30:00,84.6937801173396,68.32401514490238,4.671618147278061,42.55146924605434,15486.32207220662,128.0,0
MAQ-002,2026-01-16 16:00:00,89.3752969848801,45.110313644042826,0.2914300033721307,69.56102994050485,10774.696391714719,166.0,0
MAQ-019,2026-01-16 16:30:00,96.67481360079734,47.133508463019965,4.372187002984033,36.48273424337424,2392.626719029723,166.0,0
MAQ-012,2026-01-16 17:00:00,57.00375792010841,64.67373586250339,1.911611592242305,92.28565907404511,14199.870255828982,165.0,0
MAQ-009,2026-01-16 17:30:00,70.20847313998767,42.14808824977578,1.3652268080208958,55.63092528495214,8101.097388386921,13.0,0
MAQ-015,2026-01-16 18:00:00,70.1691654492799,40.91078959124869,5.620276033240993,97.43613856617634,5522.908907684094,82.0,0
MAQ-008,2026-01-16 18:30:00,68.52889647201239,76.53697260735322,2.3045261603017724,48.51193259227466,29566.075091306455,152.0,0
MAQ-003,2026-01-16 19:00:00,60.26105620584796,70.91537929683017,3.351990533567409,62.755958288665596,8579.348141426699,163.0,0
MAQ-015,2026-01-16 19:30:00,47.71656995153393,65.82790004219055,0.6373068827231734,90.34425213154732,9004.006103875121,80.0,0
MAQ-004,2026-01-16 20:00:00,71.39019169043506,71.66160318509367,8.59173400324129,58.535210407223396,13685.209924986342,203.0,0
MAQ-012,2026-01-16 20:30:00,58.474665106781316,19.408982943387464,3.6071601862182643,70.44183486351481,18559.86106890859,200.0,0
MAQ-019,2026-01-16 21:00:00,71.28990221121437,79.36903984227592,3.6003806768320943,86.85317511276025,20597.138497159038,183.0,0
MAQ-019,2026-01-16 21:30:00,58.0893468745172,62.05711809850736,4.745499472230116,53.879050983316674,26615.396126732485,191.0,0
MAQ-008,2026-01-16 22:00:00,53.50512481233488,73.19406491210323,0.13784778704187006,39.76521818904618,23582.0297087333,234.0,0
MAQ-016,2026-01-16 22:30:00,73.51447540565347,61.96891202409453,9.175383197040869,35.825788073848436,19319.186801093005,190.0,0
MAQ-013,2026-01-16 23:00:00,72.26382290209744,55.88064684424281,2.4645947298867177,76.6686549887575,15818.214564035065,140.0,0
MAQ-010,2026-01-16 23:30:00,78.68922956981399,50.04443417748302,8.812248539417446,72.77556773995236,10704.869855976454,95.0,1
MAQ-003,2026-01-17 00:00:00,102.78795649626437,61.6085987839517,2.3938559536080324,86.23326346162182,28426.710285953275,86.0,1
MAQ-008,2026-01-17 00:30:00,74.1593429681627,49.38853763971806,1.9612126442099058,59.51910562034819,12768.302683710532,197.0,0
MAQ-014,2026-01-17 01:00:00,77.27622650596194,70.62176980117202,4.513909213496676,36.385254847989145,33998.297601683225,71.0,0
MAQ-020,2026-01-17 01:30:00,53.83658006699012,26.443780398060394,12.422003300866983,17.944953874368473,23487.88198993067,151.0,1
MAQ-001,2026-01-17 02:00:00,50.696388391954386,45.251634487703,7.276527497583415,122.35925068703402,25394.376713274407,120.0,1
MAQ-015,2026-01-17 02:30:00,93.7424417016,91.80681847257964,4.881453917892244,75.53846037075006,20400.73021202156,90.0,0
MAQ-017,2026-01-17 03:00:00,56.147803301000444,43.730551655696935,4.4621931482630135,67.73583512164588,37149.38697961671,108.0,0
MAQ-020,2026-01-17 03:30:00,54.34083892797037,50.7036929848574,3.4637591851749927,70.57279520627633,16921.663187848004,19.0,0
MAQ-009,2026-01-17 04:00:00,69.4135161817517,39.113543199698626,8.546852396708958,36.37322103535127,17136.041291410624,170.0,0
MAQ-003,2026-01-17 04:30:00,68.64711379933918,61.04522211194483,5.7217499688510856,49.10256018073907,35731.27838129602,16.0,0
MAQ-006,2026-01-17 05:00:00,56.46240240335062,41.74723197744049,0.829432832230911,99.86660255982484,24235.786146310842,17.0,0
MAQ-018,2026-01-17 05:30:00,65.4254017193035,51.659003173473096,1.3731114998139844,78.16694571704437,18021.0337573932,60.0,0
MAQ-018,2026-01-17 06:00:00,88.44063576475156,70.27959764863127,5.003101806623794,49.72804684744128,10559.829469217562,127.0,0
MAQ-013,2026-01-17 06:30:00,57.91009586752304,42.422258461333314,1.1538898503678372,40.46369343833522,9877.273357571516,71.0,0
MAQ-003,2026-01-17 07:00:00,49.094912734507425,69.19500014677398,3.591554965191258,54.68611782110867,32077.229118833915,211.0,0
MAQ-003,2026-01-17 07:30:00,84.13890431349688,69.80012768008642,6.060422617156167,58.691387055542435,11250.696497186433,222.0,0
MAQ-010,2026-01-17 08:00:00,77.38445367907055,73.98920970494729,4.537465045353892,105.98292071693407,328.93384310429076,94.0,0
MAQ-012,2026-01-17 08:30:00,60.69222069027008,57.52973790852472,0.9813403651635071,61.2346524806809,876.4795080031134,239.0,0
MAQ-001,2026-01-17 09:00:00,46.267494758096234,113.34266338558214,1.4473035894294037,41.20896431733975,39138.26420270293,21.0,1
MAQ-014,2026-01-17 09:30:00,58.83064965342155,73.98160653775747,4.64196319691537,63.827952727798305,22437.533671255478,34.0,0
MAQ-011,2026-01-17 10:00:00,69.17943344726093,60.84779723932288,11.533901793456453,70.28676936756003,19612.082811189877,83.0,1
MAQ-001,2026-01-17 10:30:00,87.48508134825728,39.233360546528765,3.034375083828172,39.38906844825257,36723.255157422376,226.0,0
MAQ-002,2026-01-17 11:00:00,54.451270376955144,53.25293573426546,6.207847325740798,73.04331068905229,14132.327219712683,120.0,0
MAQ-010,2026-01-17 11:30:00,68.7322017773279,80.6738855842006,4.566626869154658,89.17831904543141,31820.402630243796,169.0,1
MAQ-015,2026-01-17 12:00:00,80.12716989842347,85.77162308127284,1.8940622061836236,67.77342566501527,28900.211529927536,156.0,1
MAQ-017,2026-01-17 12:30:00,34.28098989817119,81.60992380792413,6.2575149084210135,49.058696963006405,19136.149644641337,119.0,0
MAQ-009,2026-01-17 13:00:00,85.50679251908349,69.13346152113316,0.6147522863263256,54.422591248597,31007.81270860177,223.0,0
MAQ-006,2026-01-17 13:30:00,52.26324141690344,32.39811628667971,5.9423826183816155,31.82328046676276,38634.557664946224,229.0,0
MAQ-020,2026-01-17 14:00:00,74.97993240185401,63.76891272086206,4.77190152388124,62.323295317949295,8104.234293904119,107.0,0
MAQ-010,2026-01-17 14:30:00,73.70024724416116,,2.0556246662827014,71.21559913659826,798.625638590758,171.0,0
MAQ-007,2026-01-17 15:00:00,86.26879587195768,28.22551851914635,1.2579948565480608,47.067348302690434,32876.03080994555,149.0,0
MAQ-009,2026-01-17 15:30:00,78.2638657134031,59.30485632239029,2.2164189625005117,103.79400302055257,16203.124206508064,142.0,0
MAQ-001,2026-01-17 16:00:00,34.34064262405028,64.41759005085551,1.7684032802858296,80.84558990902296,21821.659491248825,24.0,0
MAQ-007,2026-01-17 16:30:00,58.22831129266013,71.26078777265448,2.654491258089185,29.144453221031156,8976.246597228028,50.0,0
MAQ-011,2026-01-17 17:00:00,72.0730769402992,63.94845232694969,2.4156252910457576,29.554748829848847,33687.3715979298,237.0,1
MAQ-019,2026-01-17 17:30:00,67.0753017082032,64.56854774336946,2.0546750367378697,45.319523945923635,28876.129338001185,58.0,0
MAQ-015,2026-01-17 18:00:00,77.16416094635156,37.27625347013722,0.5851778948531099,96.46370813518544,38139.328464972445,156.0,0
MAQ-016,2026-01-17 18:30:00,81.84049833504558,53.110419675676006,1.0872138941926988,82.81843421104725,19062.5496768274,218.0,0
MAQ-011,2026-01-17 19:00:00,79.12677604644519,27.87189785857922,6.955615234119681,97.47424391116574,39064.94400915702,144.0,1
MAQ-003,2026-01-17 19:30:00,66.78587586168302,18.93935567079648,2.1071151545924405,65.2041857312551,20483.130179658554,51.0,0
MAQ-008,2026-01-17 20:00:00,42.30494483319279,68.33156877717533,2.6964753390883907,60.81021344075444,24894.74142542462,206.0,0
MAQ-020,2026-01-17 20:30:00,63.167781267177745,41.443760911762745,2.30750324550212,40.04981027878752,26997.68484888545,7.0,0
MAQ-001,2026-01-17 21:00:00,76.24552222208433,70.70497303857496,,71.99367849833591,19641.881083234974,173.0,0
MAQ-018,2026-01-17 21:30:00,53.643291211742834,74.9502564018407,1.730747860579179,61.076636661659585,22554.929619660088,63.0,0
MAQ-014,2026-01-17 22:00:00,79.46912095182364,43.85228815678244,1.6206512776682034,60.306556190362755,9009.95188158945,153.0,0
MAQ-006,2026-01-17 22:30:00,83.62589945900956,65.62559970199538,4.848838992617225,97.36101682105675,14558.286019503039,115.0,0
MAQ-016,2026-01-17 23:00:00,71.90300464443764,43.099178884954455,3.806327026070092,62.473087942708794,28109.5304791807,136.0,0
MAQ-017,2026-01-17 23:30:00,24.04330200531406,21.774180256717166,4.946738348521401,91.61962888095368,1655.659504715578,91.0,0
MAQ-001,2026-01-18 00:00:00,50.82867455932295,57.219569279964254,4.724319878619473,33.238506777147734,28046.48348669427,126.0,0
MAQ-003,2026-01-18 00:30:00,98.29283737834123,46.524270165116306,6.370567264594723,118.76224465725844,12220.648217245287,224.0,1
MAQ-014,2026-01-18 01:00:00,61.80193310457433,47.07839780943163,0.954155992052743,57.53459076489261,10946.249871331464,198.0,0
MAQ-020,2026-01-18 01:30:00,40.237851653065064,90.55617612121947,4.5195579847501,79.14368046548051,27770.189727669174,100.0,0
MAQ-001,2026-01-18 02:00:00,88.52871082465408,27.53457431081191,1.630253122393701,82.32545823893025,8676.311992558174,225.0,0
MAQ-014,2026-01-18 02:30:00,70.20033387315509,61.89168043668648,0.3946446405612997,55.05286539249129,38471.16909198363,213.0,0
MAQ-003,2026-01-18 03:00:00,86.57410733436588,37.09346973139448,4.700968241557995,81.38060180118107,39628.09344515156,150.0,1
MAQ-014,2026-01-18 03:30:00,74.15438012829048,71.34870536681184,4.505623488096069,82.42006353162478,18378.2062732732,142.0,0
MAQ-013,2026-01-18 04:00:00,76.87838704318253,60.37176225115118,3.2493382056117857,50.73710997908464,16116.591600107491,8.0,0
MAQ-002,2026-01-18 04:30:00,75.44513871571775,61.82819828525105,6.448289304600251,50.97399551636214,3253.59451030944,125.0,0
MAQ-014,2026-01-18 05:00:00,80.46232467881501,37.99198688315932,1.642361703681042,65.90613646969486,31150.925483387822,51.0,0
MAQ-018,2026-01-18 05:30:00,104.16145672834148,41.21941756081018,5.263247296796111,62.69012104629329,6592.687462194897,38.0,0
MAQ-018,2026-01-18 06:00:00,84.56509503938781,71.69050913222594,2.89438187463433,92.8626019169907,37328.60963299563,206.0,1
MAQ-001,2026-01-18 06:30:00,46.29491023231698,86.87435899109613,3.0735134342418386,79.05336369890158,39624.65028431289,65.0,0
MAQ-005,2026-01-18 07:00:00,76.69992272918356,63.64554071003537,0.4736591544444153,63.59152861073818,4984.15022526029,147.0,0
MAQ-005,2026-01-18 07:30:00,,38.84642702611421,6.493831755839746,77.12155917415348,27351.934695499025,208.0,1
MAQ-010,2026-01-18 08:00:00,88.04051209804219,61.100893404317226,4.379515372127182,24.066938444066174,18693.080463552316,143.0,0
MAQ-003,2026-01-18 08:30:00,63.600925254113506,98.69449679807697,5.120850910130309,52.69378052736516,21691.719582999744,187.0,1
MAQ-018,2026-01-18 09:00:00,87.47416667782191,56.84361059294041,1.4425024901740748,70.75642016637775,7265.029718225798,186.0,0
MAQ-016,2026-01-18 09:30:00,83.91613599326809,81.31313546908478,4.014916133272725,87.30731003784902,28968.48388785206,107.0,0
MAQ-017,2026-01-18 10:00:00,108.58776155454595,41.67407141490318,2.8895246644634156,68.99538669311588,6747.84756650829,221.0,1
MAQ-004,2026-01-18 10:30:00,58.74997395627233,54.24245107054504,4.548153207553635,94.16477999955313,35423.46911197513,218.0,1
MAQ-001,2026-01-18 11:00:00,62.38899135399362,66.15217371025977,3.8792048864910265,82.35879716050528,18213.587112292116,81.0,0
MAQ-019,2026-01-18 11:30:00,65.4082142731007,,9.820754775896717,55.233411518573114,25431.237164765036,196.0,1
MAQ-006,2026-01-18 12:00:00,62.64666774941837,41.20500375799911,7.85743638751919,62.199387080924616,36879.46517122833,43.0,1
MAQ-014,2026-01-18 12:30:00,56.64968875354596,40.42868577164921,2.6324870343764717,73.16843372477143,29543.78624162122,26.0,0
MAQ-019,2026-01-18 13:00:00,28.55986741489385,72.78911925584785,4.696962417157472,56.02728894287272,21679.83054965378,127.0,0
MAQ-001,2026-01-18 13:30:00,63.47950789415299,76.44791462770262,2.457588533599356,95.62580355833187,16166.83814895006,145.0,0
MAQ-001,2026-01-18 14:00:00,75.54037089549857,82.21858404619456,6.329835630772457,42.82547731415421,18539.1913675488,140.0,0
MAQ-001,2026-01-18 14:30:00,62.60167231741134,87.47074869855162,2.9865459471632194,71.32212900848772,13732.755078460517,191.0,0
MAQ-004,2026-01-18 15:00:00,99.03071775293665,57.423149853806734,2.1869744227160535,79.70893627210114,37852.734627570964,93.0,0
MAQ-002,2026-01-18 15:30:00,70.20063719073794,49.398413603831315,3.973781695901587,58.731060210777954,10189.02798149119,194.0,0
MAQ-017,2026-01-18 16:00:00,89.36543582776203,79.31783689801244,7.450412840439017,54.22401334701503,16432.9166756192,216.0,1
MAQ-013,2026-01-18 16:30:00,73.92130619094952,,6.669772750938313,63.47837407100002,31151.134593577925,21.0,0
MAQ-020,2026-01-18 17:00:00,999.0,37.31580534398336,2.2938480186461336,81.23997025570348,14637.232737779957,107.0,0
MAQ-017,2026-01-18 17:30:00,74.18862330900343,36.394558020659595,9.253375809708817,55.00304004944292,35475.77476788096,53.0,0
MAQ-020,2026-01-18 18:00:00,90.53176947855344,63.854743624413565,1.5232537110735578,43.621576261814155,9798.59834186725,157.0,1
MAQ-005,2026-01-18 18:30:00,70.83909025198601,51.80905609328801,1.9695711545105996,88.01169553986053,1350.6591842052148,99.0,0
MAQ-006,2026-01-18 19:00:00,77.44181062133178,54.52426081466744,6.14688248265442,72.98592945871175,25187.16937884956,67.0,0
MAQ-017,2026-01-18 19:30:00,75.49499400475065,74.3056005647835,0.3982674697881745,85.15714860979034,20379.312963631703,60.0,0
MAQ-005,2026-01-18 20:00:00,65.67571812809021,68.66266860973064,3.35910467753869,80.1866346253488,37329.01738764382,85.0,0
MAQ-002,2026-01-18 20:30:00,,78.93771847153177,2.6234323597270786,108.59778616563929,16982.979803248872,26.0,0
MAQ-014,2026-01-18 21:00:00,103.51579369296523,20.232350085279407,9.613631778616899,87.29944071213092,5510.051292531937,25.0,0
MAQ-017,2026-01-18 21:30:00,,59.561162509981614,1.2796114469096302,50.51840876250358,13256.846936129361,150.0,0
MAQ-020,2026-01-18 22:00:00,76.29197339279872,,1.4176704046016517,74.40535934463165,15789.151217420884,226.0,0
MAQ-019,2026-01-18 22:30:00,88.86668426304163,27.52145457962169,10.494769896610062,53.85022557912909,23366.959371649613,121.0,1
MAQ-003,2026-01-18 23:00:00,87.10379921416421,43.2118784564205,2.6479899370262445,55.917476723243325,11052.56959445812,222.0,0
MAQ-016,2026-01-18 23:30:00,70.17574626579048,39.871267078079455,7.255014427177979,36.749991987694024,22057.501474934823,37.0,0
MAQ-017,2026-01-19 00:00:00,,55.390567079078494,2.3157670820546525,59.27773636266922,36331.03003608195,233.0,0
MAQ-014,2026-01-19 00:30:00,77.750542279727,84.30137143649316,1.9012111094954953,75.900685770694,17006.840956963082,140.0,0
MAQ-017,2026-01-19 01:00:00,36.70788612065421,91.40660928396821,7.499852557121771,63.67956589732519,26097.622808111486,178.0,0
MAQ-017,2026-01-19 01:30:00,92.04905846411847,40.34282404468092,12.186927865907348,43.01263193502617,9233.05362631926,14.0,1
MAQ-009,2026-01-19 02:00:00,72.54210806789891,64.47803050888433,7.890389364285335,34.5396133506337,32072.94909733629,144.0,1
MAQ-001,2026-01-19 02:30:00,84.99511029807984,65.05836133856167,2.1945932466654545,107.23691870961133,10859.858151366354,91.0,0
MAQ-010,2026-01-19 03:00:00,56.46833292728424,61.97726388726546,3.2475502584154214,71.50321506082999,23234.131460871715,215.0,0
MAQ-005,2026-01-19 03:30:00,46.71238790049918,62.18163342530622,1.4772593477701363,48.518616608002276,12079.874042334131,190.0,0
MAQ-003,2026-01-19 04:00:00,73.91131576211751,60.46736504412391,1.7131589313124251,74.23566919405752,2789.3537674676963,207.0,1
MAQ-003,2026-01-19 04:30:00,69.49594840065787,85.37626217451556,1.6370498664428694,108.78372155612173,12854.543348385127,213.0,0
MAQ-014,2026-01-19 05:00:00,62.626887607642516,74.84439725862504,2.361929088476209,77.4092471929179,8560.023362382835,172.0,0
MAQ-011,2026-01-19 05:30:00,71.26991921099146,35.91722984323119,3.6548210402800128,9.258642619429345,35717.6833592649,58.0,0
MAQ-011,2026-01-19 06:00:00,111.5115383804839,69.32297945584989,3.349937812748456,118.04583375973885,10719.868374061914,67.0,0
MAQ-015,2026-01-19 06:30:00,82.51788321053587,71.06272074120614,5.546555634683264,28.01507039419245,38979.48495257999,206.0,0
MAQ-011,2026-01-19 07:00:00,85.74247908794979,60.669411168732196,3.7992846364840616,60.879761092463355,19744.597887822125,144.0,0
MAQ-013,2026-01-19 07:30:00,82.65905337330034,75.36563866904913,5.182177710175092,42.33191399934299,8920.492166049202,214.0,0
MAQ-002,2026-01-19 08:00:00,92.1919321577829,58.38533261738267,5.76829440352451,50.199957800535735,15714.630913311255,190.0,0
MAQ-018,2026-01-19 08:30:00,67.14892490648883,58.608418979372516,2.227267799150904,70.68819369965274,7418.901588153734,145.0,0
MAQ-009,2026-01-19 09:00:00,39.17858038487059,57.18232980418678,2.9389545562496417,23.579529824027816,33363.96182843361,36.0,0
MAQ-004,2026-01-19 09:30:00,67.17120800490986,18.67160645560596,20.592303136338288,63.19508829020822,4886.7738453283655,235.0,1
MAQ-017,2026-01-19 10:00:00,82.17603564994752,53.55282890969427,2.076363948135886,87.94684845482722,34953.757284666994,58.0,0
MAQ-015,2026-01-19 10:30:00,,42.97148965981773,5.391625439462805,48.13519350824898,1932.0902332383198,59.0,0
MAQ-002,2026-01-19 11:00:00,67.35451074266004,33.64393639253397,1.0227115864528475,37.19429880115689,12054.356468020385,35.0,0
MAQ-004,2026-01-19 11:30:00,59.623453854965305,80.81232912531141,5.883987720085793,62.213897956885155,5681.480137686795,16.0,0
MAQ-001,2026-01-19 12:00:00,92.53043877764696,64.07573533362024,1.796949264659895,58.23317019897249,27442.095282237417,90.0,0
MAQ-006,2026-01-19 12:30:00,81.24185523109846,54.46304054299814,3.4422279804449225,53.09544659331062,20541.637066622337,202.0,0
MAQ-002,2026-01-19 13:00:00,,44.83353968015633,0.855859977196453,41.23307847764772,37579.648956630044,207.0,0
MAQ-015,2026-01-19 13:30:00,79.32401969681457,60.331052523317325,3.18352326918895,75.38369162372244,14710.6123671179,117.0,0
MAQ-011,2026-01-19 14:00:00,69.4412612117181,72.84584967971523,3.234264633378479,76.90527022883461,1725.8888306696904,75.0,0
MAQ-020,2026-01-19 14:30:00,,40.11461481615507,2.85296765116191,43.68706531087025,30490.196621485826,83.0,0
MAQ-015,2026-01-19 15:00:00,52.22223129201524,54.91308929902102,4.579887923473382,46.4549271079248,23222.07592206112,220.0,0
MAQ-013,2026-01-19 15:30:00,37.203370318741484,70.6251969793211,7.072169901477185,67.72983988011451,33114.668679252114,13.0,0
MAQ-011,2026-01-19 16:00:00,72.25121695517537,20.15197967648566,1.4114827005674175,45.70056683824666,17102.929025736965,13.0,0
MAQ-002,2026-01-19 16:30:00,74.85985384408217,53.96374427670273,2.908403942909215,68.57323965393577,29553.42833812238,15.0,0
MAQ-002,2026-01-19 17:00:00,88.13896852638067,47.27275533014431,0.5278235416556781,94.36093057232125,6925.521675363779,213.0,0
MAQ-013,2026-01-19 17:30:00,93.57003724123551,52.59106256040939,3.7629592510188337,63.80354637543372,39981.10953779046,21.0,0
MAQ-001,2026-01-19 18:00:00,93.5499772749842,45.97068598530575,1.311833852631473,40.72767265121517,7028.514297277447,225.0,1
MAQ-001,2026-01-19 18:30:00,55.02964610059183,57.47724289373132,3.3258384513899015,72.84206994643498,33209.045043588754,44.0,0
MAQ-005,2026-01-19 19:00:00,64.71602447575346,89.62528996760892,3.8763562354122714,61.44690540960768,8576.282941612773,131.0,0
MAQ-018,2026-01-19 19:30:00,77.20501443822069,49.16939546928608,0.6428682071423665,61.99685925017372,31322.0685853073,232.0,0
MAQ-010,2026-01-19 20:00:00,107.97857016613267,60.25079816369392,4.319705171818654,74.50645745757578,34463.97143939618,27.0,0
MAQ-015,2026-01-19 20:30:00,92.20148805570874,90.90543553136403,6.841585958604217,78.82074805556653,35077.97215776974,67.0,0
MAQ-009,2026-01-19 21:00:00,86.7909574299757,45.099719589294004,5.048170515622132,65.71004330946609,19081.16603183574,174.0,0
MAQ-004,2026-01-19 21:30:00,64.18318066676065,87.66415628072144,1.443169079224884,63.78639366581433,17209.63762735338,196.0,0
MAQ-008,2026-01-19 22:00:00,56.75200553267313,55.09581411928793,3.1657799871583077,106.27082980946781,33368.26609221638,217.0,0
MAQ-002,2026-01-19 22:30:00,81.8336182507486,87.07413206556868,,89.01107997814596,23221.61999573748,4.0,0
MAQ-016,2026-01-19 23:00:00,53.4900810364846,68.50362024903374,2.9520508412785618,81.67092236130337,24888.945576392278,186.0,0
MAQ-004,2026-01-19 23:30:00,66.42345473529546,60.52795052648359,0.9717276809854494,67.62411891760392,9519.078136223998,77.0,0
MAQ-008,2026-01-20 00:00:00,68.27833076497116,53.81864772604144,1.6606233028212478,44.88513528210052,17901.664866684005,133.0,0
MAQ-020,2026-01-20 00:30:00,93.89368133684212,43.76725408217421,2.74967313878806,87.54772771867988,14841.010633864802,217.0,0
MAQ-012,2026-01-20 01:00:00,64.67954045560484,56.36424789935835,3.8359205182329292,67.88588293436042,26646.330207612562,216.0,0
MAQ-010,2026-01-20 01:30:00,33.41125542141077,71.15250626236043,2.0650469927068644,53.45661972353733,7939.682872765921,44.0,0
MAQ-011,2026-01-20 02:00:00,77.56666971493702,54.76399424205993,0.45830975679830155,60.137190928246106,16289.501876219318,112.0,0
MAQ-016,2026-01-20 02:30:00,59.51467220344111,49.30078950888656,2.174013786176611,45.67634867523704,33964.40915402649,68.0,0
MAQ-006,2026-01-20 03:00:00,70.6394653665662,50.48591438480009,9.81104662108178,86.14658085971723,21903.18251583244,147.0,0
MAQ-013,2026-01-20 03:30:00,68.69942948736815,72.86457904449496,4.341270717848261,78.66074166243573,35852.15469526,198.0,0
MAQ-018,2026-01-20 04:00:00,65.89444006273348,77.0529061917974,3.754684270961543,68.63264923056703,9377.84501387156,76.0,0
MAQ-012,2026-01-20 04:30:00,81.85510872677055,,1.6380825142739195,64.1442885274946,17652.143130270953,29.0,0
MAQ-009,2026-01-20 05:00:00,47.00702682470939,42.965418565945185,2.258896199189245,51.38662245500314,20066.607305484697,15.0,0
MAQ-003,2026-01-20 05:30:00,62.2447866256846,61.82846055400802,0.4170133337689309,22.39854712482959,16082.639551516835,12.0,0
MAQ-005,2026-01-20 06:00:00,80.26056869676071,82.49557716563058,1.539741050063131,36.74146206679866,27411.29313766646,87.0,0
MAQ-019,2026-01-20 06:30:00,60.78872836983447,75.62782554962608,4.183362179756242,50.147093209614205,6033.920482579468,231.0,0
MAQ-011,2026-01-20 07:00:00,45.86789936095042,32.46666018076159,3.7756145226968707,47.14067235972294,20824.075567857122,60.0,0
MAQ-007,2026-01-20 07:30:00,80.02833014885104,50.24663254014648,,70.7872124923213,5637.016783992768,97.0,0
MAQ-009,2026-01-20 08:00:00,86.84641945662308,38.249136015588775,2.949994438626819,81.22987483946642,25204.979802623435,161.0,0
MAQ-012,2026-01-20 08:30:00,69.3250718853549,50.18477460552535,3.3516847647323607,62.43121562197929,33226.90051765124,157.0,0
MAQ-011,2026-01-20 09:00:00,40.58731602295701,83.87937992863638,1.9910135734209582,93.1783387024287,897.8821630732059,64.0,0
MAQ-014,2026-01-20 09:30:00,80.58954620048225,29.39318832190569,4.524535747906425,49.34204560826739,18331.755245986984,30.0,0
MAQ-006,2026-01-20 10:00:00,45.10168177870468,25.860424720956576,3.7243049115552536,62.28925746503444,19758.87331323078,37.0,0
MAQ-013,2026-01-20 10:30:00,74.63198915272248,40.086025238195155,2.327992668950694,63.98025641444808,28838.143005060174,52.0,0
MAQ-009,2026-01-20 11:00:00,56.688042628867606,60.17159084636787,1.039249937166635,86.84372657668837,3081.325285803928,20.0,0
MAQ-019,2026-01-20 11:30:00,52.602410713495516,66.17358677153362,2.1908599737069734,67.11774164164356,16300.22917267683,110.0,0
MAQ-004,2026-01-20 12:00:00,63.37134974380465,62.8740718275076,2.06997867197427,67.67137829116257,31440.70112378498,154.0,1
MAQ-003,2026-01-20 12:30:00,67.2505366535911,76.16233725815829,1.8984815886593753,31.903137699841572,21332.568004283883,162.0,0
MAQ-010,2026-01-20 13:00:00,60.336876244203275,23.264459303789273,0.6738598979020981,47.0018658157849,30018.862905719125,218.0,0
MAQ-011,2026-01-20 13:30:00,78.83054917322725,76.39005769046086,8.111739343593412,86.91904547395166,14623.990232839158,70.0,0
MAQ-014,2026-01-20 14:00:00,63.30895932311749,49.38228423916675,7.846075449758249,23.493154728056325,36811.49850724562,157.0,0
MAQ-009,2026-01-20 14:30:00,84.70286307507733,68.16689757648761,2.867642554670742,91.85985304861255,3186.0758029586436,212.0,0
MAQ-019,2026-01-20 15:00:00,74.21759748465219,31.17834231826232,3.8224871116232606,74.9932897790846,3737.4597915316203,6.0,0
MAQ-010,2026-01-20 15:30:00,59.536641901055376,55.08922054616326,4.467970292488558,50.0495734327249,21186.58760587095,187.0,0
MAQ-003,2026-01-20 16:00:00,57.01090174251571,59.252873870602244,,48.35902047185425,18885.871576522535,21.0,0
MAQ-003,2026-01-20 16:30:00,45.28755551428842,75.80351867497153,4.024946462617772,102.91910599696615,25574.854345849573,132.0,0
MAQ-020,2026-01-20 17:00:00,74.36099766800234,26.465416793060225,4.930656699805637,93.22811612958841,9239.3397760948,199.0,0
MAQ-003,2026-01-20 17:30:00,64.68118679122963,55.55354587362827,3.6219433450669447,62.611184569130046,9118.528809977337,110.0,0
MAQ-019,2026-01-20 18:00:00,34.417067079047285,35.46576475944143,5.554452499975596,67.69183458904759,29989.471754011178,134.0,0
MAQ-006,2026-01-20 18:30:00,61.964276908459,64.09892879574895,1.8437580885910876,52.076372781794554,11741.431508116459,148.0,0
MAQ-002,2026-01-20 19:00:00,56.48448956117572,68.98989765621027,3.163295697858432,67.69567955652211,29118.940232884088,138.0,0
MAQ-007,2026-01-20 19:30:00,93.63516388255991,78.16906436514557,16.136734829534063,51.52192622861409,25664.208704675235,175.0,1
MAQ-013,2026-01-20 20:00:00,44.45832082160035,45.36946982244926,6.471229243905504,63.4291395165164,3424.7534178340275,206.0,0
MAQ-009,2026-01-20 20:30:00,48.37973800398919,71.69007674239822,3.683683036074869,101.20658759529483,28474.072625469355,32.0,0
MAQ-016,2026-01-20 21:00:00,86.6495446465855,79.49622857458695,1.4148026215827805,63.087719068991476,35192.66344677643,99.0,0
MAQ-013,2026-01-20 21:30:00,90.35144736195944,25.421554542601598,3.288317237548239,44.03956237452746,32684.18566817013,204.0,0
MAQ-009,2026-01-20 22:00:00,58.82525591911538,66.02220856177212,6.17663849049804,37.67255904030051,453.58844900202695,91.0,0
MAQ-013,2026-01-20 22:30:00,60.51871265786634,72.25320256804191,5.323182081465549,67.5423551472896,21634.58485493109,117.0,0
MAQ-020,2026-01-20 23:00:00,79.24353094829969,50.34292504502613,0.5060909395436115,49.78209691014419,36542.154749759524,178.0,0
MAQ-009,2026-01-20 23:30:00,35.09350304582035,33.20607560454805,0.7021956701088035,69.93206283965073,23989.154400546737,224.0,0
MAQ-004,2026-01-21 00:00:00,42.08209473241666,71.97320360997394,0.7381739787623393,32.609938137429076,11684.010219058753,60.0,0
MAQ-009,2026-01-21 00:30:00,65.78899898723932,33.40884110396038,4.519409745980571,78.80500269151764,7862.331215791915,229.0,1
MAQ-017,2026-01-21 01:00:00,93.2483584919369,51.78967417880376,0.7490153487432037,43.79670256413989,27429.406421262982,170.0,0
MAQ-005,2026-01-21 01:30:00,63.46404867749891,54.27776695954008,1.3583136031088614,65.92594518554678,30873.03199504363,7.0,0
MAQ-019,2026-01-21 02:00:00,71.51405187602732,67.87968493067198,2.8218496420616357,58.23393565120057,36512.132120204275,206.0,1
MAQ-012,2026-01-21 02:30:00,87.00683908846018,43.72063192877441,6.891481347184724,99.3677792455774,36238.0916829709,92.0,1
MAQ-013,2026-01-21 03:00:00,101.6032709991722,42.67749360109861,4.675306474679003,68.42978346859054,13637.278628017068,67.0,0
MAQ-007,2026-01-21 03:30:00,61.347272902775316,56.780478617735994,2.5608419177217208,103.90943896229189,24194.689567080783,126.0,0
MAQ-019,2026-01-21 04:00:00,69.74744914399861,73.11502859715549,5.66520420176334,76.2148480012484,4150.615515773852,138.0,0
MAQ-001,2026-01-21 04:30:00,97.33082832014264,96.17410001175665,11.730855704919424,93.50811844624957,3869.0557515355185,129.0,1
MAQ-006,2026-01-21 05:00:00,47.16701087212857,27.865338403982058,3.310793484246792,60.82403587154158,2951.5958153418087,13.0,0
MAQ-009,2026-01-21 05:30:00,85.41371605830733,60.676156320158405,0.9794554150356735,71.91006098980645,37093.055418907694,197.0,0
MAQ-010,2026-01-21 06:00:00,54.72526701458113,35.442369527782745,1.402944995384162,89.37287178037911,6182.053806476992,82.0,0
MAQ-010,2026-01-21 06:30:00,71.53708550654736,73.33860237772137,1.3907391600264496,83.09919897168098,19344.81531969628,33.0,0
MAQ-003,2026-01-21 07:00:00,66.36071428899588,38.106198148433805,1.6928444866952457,75.61986556369138,17379.587355296848,135.0,0
MAQ-005,2026-01-21 07:30:00,55.62982598948156,42.856332072718175,2.418159874676628,58.44130334424544,13058.367274103513,149.0,0
MAQ-002,2026-01-21 08:00:00,55.253471085125874,44.39312453684807,3.9194916626389804,61.82447012386559,21555.45302882231,24.0,0
MAQ-012,2026-01-21 08:30:00,74.14621546380631,53.62841910304353,0.8334480540735971,87.75323903206713,211.35652989618526,226.0,0
MAQ-008,2026-01-21 09:00:00,84.93308992244023,60.817556743456734,1.0021661827160462,91.9182249746428,15267.958598951936,144.0,0
MAQ-012,2026-01-21 09:30:00,68.05395695217246,63.706625084953245,4.899475696871417,53.142745414406534,19225.828012739195,239.0,1
MAQ-012,2026-01-21 10:00:00,71.05169738099825,54.8961841687099,2.0781613389110394,50.124820512900605,32151.845009591492,160.0,0
MAQ-015,2026-01-21 10:30:00,78.56761099436571,31.061961596069537,1.5293285444280644,46.91732423459567,28068.44082913565,2.0,0
MAQ-011,2026-01-21 11:00:00,55.4257184048056,68.1001507055834,2.644672039593329,81.5940123146031,34005.4959803165,50.0,0
MAQ-013,2026-01-21 11:30:00,81.09538762619384,54.0467440540655,7.716177274180427,46.41049955874962,15114.299587078336,233.0,0
MAQ-012,2026-01-21 12:00:00,82.2901464558962,75.91122622026458,5.38461181886749,81.35206812043495,5722.130559115802,134.0,0
MAQ-014,2026-01-21 12:30:00,109.05439448125614,42.260701969361136,5.127315877517323,75.91380686242026,16102.152910928817,29.0,0
MAQ-013,2026-01-21 13:00:00,64.35843714160626,26.159054907682098,9.56316850450058,54.09816311268439,38526.0793936078,17.0,0
MAQ-007,2026-01-21 13:30:00,63.128772974978084,54.387531951704645,4.057669687992632,96.27718627702532,8651.671002885014,128.0,0
MAQ-005,2026-01-21 14:00:00,81.53448807360618,78.32714838911677,10.148105166397231,35.75482183797547,7072.738982665123,142.0,0
MAQ-016,2026-01-21 14:30:00,82.28656253368207,57.896958459088914,10.689076867439336,98.19065199517121,37779.057318747124,59.0,1
MAQ-007,2026-01-21 15:00:00,61.97369269934932,51.405943614888585,0.8613146401077103,71.37771728490993,38001.93108392749,46.0,0
MAQ-011,2026-01-21 15:30:00,63.95255984604927,39.333753682166204,0.6296181864232541,23.530672866826166,6054.550491753634,145.0,0
MAQ-004,2026-01-21 16:00:00,78.11696257327061,86.6397964002548,1.3069493393762237,96.83759271643227,30801.169175892843,104.0,0
MAQ-009,2026-01-21 16:30:00,57.58623638898008,36.467153292073974,7.203221511140176,84.44425008439978,17246.72591701224,8.0,0
MAQ-011,2026-01-21 17:00:00,63.841990179774776,41.94290336269168,2.6879065684472354,56.43576633173924,19739.407068596374,13.0,0
MAQ-013,2026-01-21 17:30:00,71.34389151052652,65.2606155295124,2.427786340245155,45.70558869517207,19997.657043680032,57.0,0
MAQ-011,2026-01-21 18:00:00,84.93908027233387,21.591627582037788,5.772414209389249,33.6186651232323,38738.02528862191,135.0,0
MAQ-008,2026-01-21 18:30:00,60.93102075730689,77.9426319768641,1.990271089126877,113.30892323620782,7467.978458578535,72.0,0
MAQ-020,2026-01-21 19:00:00,42.36423306953992,66.2354760559124,3.6805246031694745,46.53236251676312,30945.243036587446,3.0,0
MAQ-011,2026-01-21 19:30:00,41.25103798722684,71.18615929259997,4.897793849745319,39.728228759981484,326.39692354837337,219.0,0
MAQ-017,2026-01-21 20:00:00,51.108803999407996,65.04610621509377,1.420616332486048,70.358382487003,25181.54326566135,166.0,0
MAQ-015,2026-01-21 20:30:00,50.302484227000946,52.099776685785336,1.1348187416563218,32.2421306647777,26141.851270292478,140.0,0
MAQ-012,2026-01-21 21:00:00,67.68083862070137,35.86332321720239,3.2965967408333725,45.36903203110888,30172.877757082442,58.0,0
MAQ-018,2026-01-21 21:30:00,52.16679769603593,52.47864205795071,3.624127563160323,84.89938388320937,37045.898275964406,169.0,0
MAQ-003,2026-01-21 22:00:00,59.458675602681936,37.44574638845258,5.463212833015544,74.28421189638759,30178.02071566,227.0,0
MAQ-019,2026-01-21 22:30:00,58.38871172526925,63.7507955813749,1.2762112057102526,57.272600805212356,29312.5450349964,162.0,0
MAQ-018,2026-01-21 23:00:00,63.3923820872801,69.52203694986584,1.739085437042474,65.36613345862759,10226.121901206901,70.0,0
MAQ-011,2026-01-21 23:30:00,89.83756497284683,81.58255536156773,10.618768214535534,56.15058939599993,39714.30439594203,94.0,0
MAQ-015,2026-01-22 00:00:00,79.92921384145775,61.691817529951535,6.370920306840299,63.76004381261921,18789.51155586464,222.0,1
MAQ-011,2026-01-22 00:30:00,70.24194122914005,71.64235641871335,2.8906213695178953,49.76377234880695,16756.259080941,3.0,0
MAQ-006,2026-01-22 01:00:00,63.08460579128743,49.651394729857444,7.084431363237715,53.39521360945145,20124.91517375603,53.0,0
MAQ-016,2026-01-22 01:30:00,63.50151015065468,46.3910115158525,1.2807891293079352,52.78643724909134,15822.852584571969,25.0,0
MAQ-005,2026-01-22 02:00:00,74.91619704927925,63.526094034702425,2.633007041164884,50.482782962884905,23786.139091915586,153.0,1
MAQ-007,2026-01-22 02:30:00,78.76253610028435,48.04348829109564,3.601008354683617,85.87821992832963,14050.021132422555,110.0,0
MAQ-011,2026-01-22 03:00:00,56.385737408490996,59.84534419889784,2.397672474484149,80.40234784026106,9673.799472889375,31.0,0
MAQ-017,2026-01-22 03:30:00,70.54721133421347,35.89854059196242,2.4672441010651753,46.35273463218101,37126.996581650004,225.0,0
MAQ-008,2026-01-22 04:00:00,39.525706470054594,39.13070171542658,5.2708217386967355,41.112124149148585,37120.3563508354,132.0,0
MAQ-010,2026-01-22 04:30:00,73.17570676255896,66.43736741832922,6.432830172125058,61.85446713738768,19900.19196994948,59.0,0
MAQ-001,2026-01-22 05:00:00,81.4322386293803,70.96042135730973,2.193566897921918,108.10575196579093,38489.67902337771,227.0,0
MAQ-003,2026-01-22 05:30:00,65.79897059678687,37.258188958599746,0.9112315902850925,44.44589592606904,16687.11467778986,167.0,0
MAQ-002,2026-01-22 06:00:00,97.24790494210158,67.07105758911557,0.7265367359649642,61.77551220591919,15556.416851818078,31.0,0
MAQ-002,2026-01-22 06:30:00,56.781423288459244,45.41075788536506,0.36582736430407864,66.77440827435325,36684.55481499556,198.0,0
MAQ-018,2026-01-22 07:00:00,73.26160622954892,55.29709317160558,9.455959279627447,62.827156519097,25353.388420624633,14.0,0
MAQ-017,2026-01-22 07:30:00,69.46262880001066,80.50499948423165,5.286493781332833,55.835802515610226,30524.4430628756,217.0,0
MAQ-017,2026-01-22 08:00:00,68.49553498834888,,4.489226800830798,88.10159944397108,16568.47887940445,94.0,0
MAQ-002,2026-01-22 08:30:00,68.28516747992879,69.32569578439947,1.9613381279923812,74.08917245886909,16339.366412593004,70.0,0
MAQ-002,2026-01-22 09:00:00,71.60657545014207,89.3582264522254,1.9516977239524245,81.91610647490151,3423.817824636208,12.0,0
MAQ-006,2026-01-22 09:30:00,82.7193811519555,42.330171861103636,6.579274659357526,76.78759899332661,38673.08099608955,223.0,1
MAQ-012,2026-01-22 10:00:00,90.66604354412117,37.25425045013418,,82.87896643611973,9195.56277700003,134.0,0
MAQ-007,2026-01-22 10:30:00,69.96624633243763,42.00179913588537,2.273080513125577,96.68811665948127,19821.25583899385,145.0,0
MAQ-010,2026-01-22 11:00:00,82.22974108257449,50.418981038680926,7.241520227223361,91.62087933576669,4672.9498466582145,204.0,1
MAQ-004,2026-01-22 11:30:00,59.47349580599826,12.618088942745914,2.269743700086927,111.49607919191828,25913.449172839217,122.0,0
MAQ-015,2026-01-22 12:00:00,81.48933179089349,51.266291739457415,5.095656351679469,89.34682562814383,15695.930464885905,69.0,1
MAQ-007,2026-01-22 12:30:00,58.57012714259515,45.197726825891586,2.982457491508911,51.611064469449865,30729.708776287862,186.0,0
MAQ-002,2026-01-22 13:00:00,86.35989904132198,69.10767581316038,0.1124234289611144,81.94624083611657,21182.3083140698,127.0,1
MAQ-015,2026-01-22 13:30:00,103.1596131608986,61.34354882218072,2.884301740878803,79.2087035796919,5266.224675879015,57.0,0
MAQ-019,2026-01-22 14:00:00,68.16874168042912,44.18746070015193,3.3475296105143992,103.40589810464377,528.5462929383461,202.0,0
MAQ-001,2026-01-22 14:30:00,37.11184763788887,65.61929521653227,2.710348420649983,45.656829666474216,8576.702423782148,195.0,0
MAQ-009,2026-01-22 15:00:00,61.778906001327655,68.01873507682785,1.0824256454913448,76.15902162785873,29001.425143336182,59.0,0
MAQ-017,2026-01-22 15:30:00,88.47812701433955,41.16617578375461,2.7346197107173533,51.37859310466085,33157.71369127445,155.0,0
MAQ-015,2026-01-22 16:00:00,78.29615180537867,46.125563403116466,0.3973496310542613,75.2509020820027,13719.267922818615,221.0,0
MAQ-018,2026-01-22 16:30:00,73.73370398012544,14.943462632236312,2.25013758278665,60.70506670800562,21483.410342190895,191.0,0
MAQ-009,2026-01-22 17:00:00,85.13002533932259,35.36812046135287,5.389610559383983,74.58937608381777,9676.530289296385,47.0,0
MAQ-008,2026-01-22 17:30:00,77.26680158872632,41.635547912375586,9.107334246104157,36.793236278371516,35229.68531270643,205.0,0
MAQ-015,2026-01-22 18:00:00,88.26587781176704,56.33499117890839,8.105332578403251,80.86452963111796,38611.765121776356,13.0,1
MAQ-004,2026-01-22 18:30:00,83.79135514970478,37.983111771523326,1.2489279189293436,69.121190303722,30142.306946704903,148.0,0
MAQ-005,2026-01-22 19:00:00,,45.75786423311604,0.7621148566420157,68.04385763543809,3646.5801516140614,122.0,1
MAQ-013,2026-01-22 19:30:00,75.38194125859381,32.944047731513216,3.601825451283145,104.0045659969466,17541.031366694868,8.0,0
MAQ-014,2026-01-22 20:00:00,83.57889102240932,58.080050173562874,3.182193346943482,57.350332034643536,39621.17670182407,174.0,1
MAQ-003,2026-01-22 20:30:00,65.39309390371322,62.66286270252834,4.828728773050369,71.84530849543964,9252.454689599264,71.0,0
MAQ-011,2026-01-22 21:00:00,60.97808782661491,62.2425762715568,1.8221927683643728,67.00541398078511,26851.819640001606,204.0,0
MAQ-008,2026-01-22 21:30:00,95.6015146062846,55.22250037429467,3.258282944376147,68.96078320481465,37548.6829089635,210.0,1
MAQ-011,2026-01-22 22:00:00,73.24307014484032,27.2606860629749,,109.43607809285558,30950.815191709153,141.0,1
MAQ-020,2026-01-22 22:30:00,82.07320848793569,43.84083404992869,2.315319337664707,66.27614184827497,24393.52021100473,150.0,0
MAQ-002,2026-01-22 23:00:00,71.85610021617086,47.66847989826728,0.582693211299042,53.65440401023474,20317.535839932945,12.0,0
MAQ-020,2026-01-22 23:30:00,61.20226523620053,47.74068436742874,5.333326466214322,102.41805590894442,37159.69305724763,213.0,0
MAQ-009,2026-01-23 00:00:00,70.16474338873601,56.34966192381705,3.6206300623920695,58.846224691220755,15849.861347597045,163.0,0
MAQ-016,2026-01-23 00:30:00,91.5399102665157,80.65974470267834,5.6002612690054985,32.89643705581889,36060.63309539367,92.0,0
MAQ-009,2026-01-23 01:00:00,78.32860111419136,69.6177318283228,6.57541070569724,50.18312587142297,17299.011867402074,20.0,0
MAQ-007,2026-01-23 01:30:00,44.32790260404312,37.2246799627235,2.9141042696220087,40.06825011914288,30286.146447977233,121.0,0
MAQ-016,2026-01-23 02:00:00,66.77133315135768,67.2112517553394,5.357505694051716,29.000690673710977,36636.98458077232,216.0,0
MAQ-014,2026-01-23 02:30:00,96.73440689057068,66.52544261798326,9.252343982868874,57.73969991263731,22070.65205426596,207.0,1
MAQ-003,2026-01-23 03:00:00,66.79304707225066,40.49078548687183,11.302254329122906,63.59568069453135,12464.205948536894,23.0,0
MAQ-015,2026-01-23 03:30:00,42.99281962398729,70.2795866074379,3.9597099371349986,88.61055830257813,2134.3701143811045,182.0,0
MAQ-016,2026-01-23 04:00:00,98.39573328133815,52.11322055298526,4.193795521137384,77.58803224124131,32389.47254384053,19.0,1
MAQ-008,2026-01-23 04:30:00,80.23588764719189,29.620837179739993,3.9098170820931455,76.67668616257333,24918.195835667342,90.0,0
MAQ-019,2026-01-23 05:00:00,68.94980711780799,63.193649043468554,4.705722543857115,47.13579989604561,10595.521348237282,107.0,0
MAQ-013,2026-01-23 05:30:00,64.42873395876897,58.905312825061436,6.377290376589133,82.69866523928229,35108.724961147425,5.0,0
MAQ-007,2026-01-23 06:00:00,86.23527894687604,50.9018026746551,,92.8246567279747,36820.08027465447,32.0,0
MAQ-001,2026-01-23 06:30:00,61.87024899660711,54.32584447030061,10.868397958568828,72.8914178309232,35497.926572563745,211.0,1
MAQ-014,2026-01-23 07:00:00,87.22384636773982,42.05646138000768,9.850678801326765,73.4503507259585,24100.56414441172,151.0,1
MAQ-005,2026-01-23 07:30:00,78.13292928586384,65.98234906834797,3.340729936835038,39.706154006000425,39065.60612605481,188.0,0
MAQ-016,2026-01-23 08:00:00,73.67022888231025,54.217888578839336,3.3250925307985915,86.08871615210654,35004.74468495054,137.0,0
MAQ-011,2026-01-23 08:30:00,72.18272208003393,57.996079191068105,2.1721221958731602,100.61661097522838,4259.990157331808,107.0,0
MAQ-010,2026-01-23 09:00:00,67.37547944928733,61.42855463971971,4.892182659486228,71.45904798093675,39246.12844077784,4.0,0
MAQ-004,2026-01-23 09:30:00,85.68460180313899,34.21745894032615,2.486932576604227,53.1128544326503,21997.374269527045,131.0,0
MAQ-015,2026-01-23 10:00:00,57.01985751847249,38.90290560612306,2.087361082127268,61.760102880243146,36809.43255196307,184.0,0
MAQ-004,2026-01-23 10:30:00,45.67112309754686,15.220999726908232,4.814829810096874,56.591585699748244,30437.623249824002,49.0,0
MAQ-009,2026-01-23 11:00:00,79.21660184338712,65.16536065282733,1.1834971168629287,57.79100693679411,25937.910346681205,117.0,0
MAQ-017,2026-01-23 11:30:00,79.46857492100722,33.1802195725582,6.455158290309568,77.95966127388118,13134.228028088906,98.0,0
MAQ-019,2026-01-23 12:00:00,77.20361728767651,57.38625477812174,4.956182071516072,70.58928223340683,1178.4979410149326,209.0,1
MAQ-020,2026-01-23 12:30:00,76.11592554427058,61.67778804891195,9.505723853304723,85.07873211942737,11141.776472439135,39.0,0
MAQ-020,2026-01-23 13:00:00,65.19189432493678,65.84235110006537,4.0135069693436725,72.41805089556442,27464.230882656462,25.0,0
MAQ-012,2026-01-23 13:30:00,81.81224056578287,33.327695550950935,5.518845173502769,47.71824052043634,34538.284784176045,50.0,0
MAQ-005,2026-01-23 14:00:00,69.31662809868189,53.82709087346756,6.039138559003296,54.98615952301219,193.6292249076351,37.0,0
MAQ-017,2026-01-23 14:30:00,62.69329658777233,85.06504757417949,7.668466044104765,53.743178544242866,8398.153574094207,203.0,1
MAQ-017,2026-01-23 15:00:00,65.321630316169,85.85766423971769,3.685196680944026,61.27059846763096,26955.401844543267,62.0,0
MAQ-020,2026-01-23 15:30:00,100.30959548163747,72.77181569248512,2.158042463418617,100.89427382829177,11417.04066238421,86.0,0
MAQ-014,2026-01-23 16:00:00,43.975358769318504,61.07487649873911,4.083646535317489,104.09799183295257,5753.9438767392585,61.0,0
MAQ-003,2026-01-23 16:30:00,77.49682156443698,36.9080850007832,6.449924412573429,81.73202400893172,3369.250319118576,195.0,0
MAQ-011,2026-01-23 17:00:00,44.81334358564424,67.93518925703896,7.054073399104254,67.37527593667237,25551.37197329978,159.0,0
MAQ-009,2026-01-23 17:30:00,68.3764999251554,52.15561788255687,0.5891486218648471,37.7669556099121,23834.906699430958,113.0,0
MAQ-017,2026-01-23 18:00:00,63.49558772268718,65.0895089549112,17.817679380613757,69.40016611460167,34358.681528771805,191.0,1
MAQ-008,2026-01-23 18:30:00,38.72457554980183,43.6088178126619,2.0969200100078167,49.19985407125893,12662.022923086062,16.0,0
MAQ-007,2026-01-23 19:00:00,75.83556385650644,51.88720396888128,5.586976669773444,97.6104379313184,5555.072871588555,162.0,0
MAQ-002,2026-01-23 19:30:00,64.29942906711706,57.954652481375646,8.267692515296243,32.87788620419021,31986.28803873836,86.0,0
MAQ-017,2026-01-23 20:00:00,38.51190486158134,59.43300564688945,3.1046356250248914,72.68968666660234,39528.61840160809,91.0,0
MAQ-016,2026-01-23 20:30:00,82.59352136161378,63.88700886028447,7.247865051655871,47.51521244699262,14479.542670666926,37.0,0
MAQ-001,2026-01-23 21:00:00,91.52509266983402,44.574490278551814,0.5830760977814067,64.80969629033055,34627.449608173214,23.0,0
MAQ-009,2026-01-23 21:30:00,,30.82087986201635,7.432873641158193,78.32136380622113,30525.564283358406,166.0,0
MAQ-010,2026-01-23 22:00:00,75.38434660977207,84.2461307181963,6.814004130045534,85.43937377564194,36472.25326087405,204.0,1
MAQ-010,2026-01-23 22:30:00,70.69087207865674,99.80657504242043,4.470598403994375,63.78619598136837,17032.46181557908,218.0,0
MAQ-019,2026-01-23 23:00:00,89.92234931343695,63.053572801642815,6.464354254090549,80.22433100363058,4141.930042470589,58.0,0
MAQ-004,2026-01-23 23:30:00,95.23575378010148,31.16814229485801,10.032364956158673,51.75059802775795,4822.4126339606555,183.0,0
MAQ-007,2026-01-24 00:00:00,87.00353054313437,41.08248789682822,8.4463823244076,69.9107676954644,30551.61697627588,26.0,0
MAQ-004,2026-01-24 00:30:00,55.876935966552985,64.16411624291744,3.2502197314282295,85.0441482887573,34546.94039598488,186.0,0
MAQ-005,2026-01-24 01:00:00,73.02017279822383,79.14008101026315,4.054444386468555,71.64198956279975,18334.967963388335,135.0,0
MAQ-019,2026-01-24 01:30:00,76.59274216437143,33.16796857824659,2.8272169730318817,54.41312607253388,2476.8784805621226,206.0,0
MAQ-019,2026-01-24 02:00:00,42.85574546624156,52.762009224719776,2.540873354728139,59.419152648731355,2761.5710103556075,16.0,0
MAQ-001,2026-01-24 02:30:00,77.04040989431161,58.52677715999144,6.014064322892251,85.31312125095879,23984.153967490707,186.0,1
MAQ-013,2026-01-24 03:00:00,104.09487738969084,70.56241212314575,2.8023596516169875,43.163107661436854,36753.111573577306,112.0,0
MAQ-005,2026-01-24 03:30:00,79.59904248701187,48.81518030079317,6.004305575237636,46.11369731985094,16043.382196866069,136.0,0
MAQ-004,2026-01-24 04:00:00,92.10119622162634,26.851335556205356,3.1017622105799987,77.03177519623472,26059.730626446315,129.0,0
MAQ-006,2026-01-24 04:30:00,72.74372095193057,66.18155607015224,3.469450208927069,56.21712810916405,21726.109981375183,171.0,0
MAQ-004,2026-01-24 05:00:00,68.90172514024268,75.24632737308228,1.6298356992074656,35.938836073006215,35601.33799363725,143.0,0
MAQ-010,2026-01-24 05:30:00,75.71907085121464,53.51335368858711,5.893867887325807,92.01637334083821,33312.26570452519,99.0,0
MAQ-020,2026-01-24 06:00:00,57.762600280233514,62.294321643515765,0.5424124487047136,43.00799424240185,8054.007550759208,104.0,0
MAQ-012,2026-01-24 06:30:00,55.54337219148417,46.45915787031273,7.6270529807364795,61.01139973360723,27133.969632532768,16.0,0
MAQ-015,2026-01-24 07:00:00,88.99456835754049,39.7760896949339,13.734172336273316,52.60958712625804,33915.377113800576,173.0,1
MAQ-010,2026-01-24 07:30:00,90.58513514299777,73.47566224984993,3.563079449222299,59.04633028919558,37216.95033432031,169.0,0
MAQ-001,2026-01-24 08:00:00,55.13340526618974,61.9749252606603,3.4419292061984184,47.3076108469732,23638.092906956357,136.0,0
MAQ-002,2026-01-24 08:30:00,84.51998206830797,63.826634789233886,0.7769293985749086,79.28558475386924,7118.8582829046145,173.0,0
MAQ-006,2026-01-24 09:00:00,68.69560036590968,82.03807266390304,2.2109774692423176,67.21647048613823,22373.46015496938,64.0,0
MAQ-005,2026-01-24 09:30:00,75.09712861735646,36.01283798226568,6.513604502057737,84.67307190421784,26666.178565168193,53.0,0
MAQ-017,2026-01-24 10:00:00,76.90327959152594,45.0635271731304,7.169696670387184,52.81663576916556,10972.313554650691,221.0,0
MAQ-017,2026-01-24 10:30:00,84.91525702186478,57.842800279024516,3.9167103330501174,107.66043539898422,38922.75913681502,228.0,0
MAQ-018,2026-01-24 11:00:00,71.24077302794784,44.842361720297646,6.245640283766931,26.90702428992111,9250.11742719215,204.0,0
MAQ-013,2026-01-24 11:30:00,91.15242992952903,69.0964576349041,1.6598332950792716,33.297301841554116,36462.96561706843,12.0,1
MAQ-012,2026-01-24 12:00:00,74.64119259639887,51.626814023728286,4.619412289376767,100.06169695432857,17064.712225233245,131.0,0
MAQ-013,2026-01-24 12:30:00,79.36276408704299,37.13440946505059,8.995135340507542,74.48083334892769,122.11117683286705,176.0,0
MAQ-009,2026-01-24 13:00:00,57.5010611269413,56.18389015337791,5.290495591245924,71.8277216611215,21777.234026664144,8.0,0
MAQ-014,2026-01-24 13:30:00,102.37988516057251,58.066097874522185,9.927898024258866,73.62550614636022,25168.606050102127,232.0,1
MAQ-016,2026-01-24 14:00:00,77.0473738480745,71.82427713213394,10.133338336183451,76.42414540300898,34787.597793011075,188.0,1
MAQ-016,2026-01-24 14:30:00,80.6949613801765,62.07653625665364,4.839948699812497,70.995354408679,21668.473214963513,74.0,0
MAQ-013,2026-01-24 15:00:00,45.87721283182688,63.30063504447704,0.02829619169117182,45.68191016749789,3855.7623478939904,121.0,0
MAQ-002,2026-01-24 15:30:00,57.65946965381349,60.76525031213005,7.065780286871736,81.36381810145582,37079.86101632049,218.0,0
MAQ-015,2026-01-24 16:00:00,88.56825531878096,51.61199461674525,1.0717198876664824,78.21356423076465,22657.656157926383,204.0,0
MAQ-008,2026-01-24 16:30:00,74.30336677438908,42.108055927997235,0.13701358120910118,93.56862293479661,10934.094559689942,198.0,0
MAQ-015,2026-01-24 17:00:00,,60.19909032986877,0.4519341436438291,100.28482153802331,35964.458797890904,236.0,0
MAQ-011,2026-01-24 17:30:00,85.57434893475728,49.00375421409447,7.414602239713609,71.60952159286525,4924.447547444669,178.0,0
MAQ-018,2026-01-24 18:00:00,61.84325793470915,85.41680716793827,4.868541668865499,40.44901964735634,3989.565276633129,224.0,0
MAQ-007,2026-01-24 18:30:00,999.0,79.15928130591794,3.997763497123453,100.45045862404274,21446.86284264321,228.0,1
MAQ-019,2026-01-24 19:00:00,68.6824648209445,66.39110438232895,5.2127740201335895,44.637001299941176,25032.880689467762,4.0,0
MAQ-017,2026-01-24 19:30:00,73.07060029030795,61.81240490727374,0.4893063739504555,71.75928387344761,20487.27077891978,156.0,0
MAQ-007,2026-01-24 20:00:00,87.68431867887472,53.41673708233881,2.817113812403707,59.8653214715829,37166.78267978605,80.0,0
MAQ-010,2026-01-24 20:30:00,56.53760543718006,32.29977283575157,1.9218306779768957,56.38749299630415,10586.55130557129,118.0,0
MAQ-011,2026-01-24 21:00:00,55.107297882490904,51.10889998020462,3.7654473022684405,80.28600243063036,39610.37952745486,40.0,0
MAQ-016,2026-01-24 21:30:00,67.0525236940284,56.82520060129462,,69.88919198535932,872.0384443948976,162.0,0
MAQ-014,2026-01-24 22:00:00,82.40759199431834,59.13021654000392,5.052767288310826,75.26482982536263,4829.506386940092,200.0,1
MAQ-018,2026-01-24 22:30:00,50.03684121079764,63.45165460628487,5.617625454925068,48.6862741967326,7508.48461049374,98.0,0
MAQ-008,2026-01-24 23:00:00,44.97948100166355,71.58394356179834,0.5209181860787797,61.51850069250679,3275.0715094756133,167.0,0
MAQ-011,2026-01-24 23:30:00,82.35581390565689,42.54122670952839,2.848548349080457,49.609300403186,17584.89287051768,77.0,0
MAQ-009,2026-01-25 00:00:00,60.955325311494946,42.704639070237796,3.3852843302999345,61.0185682404507,34628.349810913576,179.0,0
MAQ-019,2026-01-25 00:30:00,64.11660980619575,81.11542023537686,1.040673584140006,62.624755502651816,32848.2971425172,19.0,0
MAQ-007,2026-01-25 01:00:00,42.14784397089751,68.87766860547667,0.9313119921129558,101.88608346409592,29815.798556299924,211.0,0
MAQ-012,2026-01-25 01:30:00,59.81531028472027,47.96612304160022,0.7971435867479328,59.81222971062519,395.635137224762,90.0,0
MAQ-003,2026-01-25 02:00:00,69.88649055053274,53.07019895885974,6.2190820583125,22.48803350938708,34641.6704675735,121.0,0
MAQ-018,2026-01-25 02:30:00,83.95566786434338,53.151148959851824,0.6340033221493773,92.90183074641573,15920.313769013072,192.0,1
MAQ-008,2026-01-25 03:00:00,58.43154750648042,,0.7653654087460455,73.98518748052047,29292.34640550277,7.0,0
MAQ-007,2026-01-25 03:30:00,94.86064180348745,63.50829566029503,3.6464615645621374,62.37979130893221,29104.055510102768,226.0,1
MAQ-012,2026-01-25 04:00:00,59.73165963730299,100.62986942979697,4.605303181348466,56.2556926627781,7183.088986019592,147.0,0
MAQ-010,2026-01-25 04:30:00,59.75362297622238,58.415618100927745,3.302674130544258,46.06148687886228,20664.254418614604,234.0,0
MAQ-017,2026-01-25 05:00:00,93.06036327846704,66.92676670765451,1.2594355324378175,103.76096194172985,37054.62026194836,132.0,0
MAQ-011,2026-01-25 05:30:00,73.17190228545876,24.643419288577434,0.953229531511322,66.03689777320074,10595.64034026701,49.0,0
MAQ-011,2026-01-25 06:00:00,61.71962906482635,46.271800129980974,3.568253867435055,30.244977130370508,28629.61113526124,139.0,0
MAQ-003,2026-01-25 06:30:00,67.67300303229109,77.11867004889889,3.020650620476748,71.55480066570483,38326.23646782544,137.0,0
MAQ-001,2026-01-25 07:00:00,90.29610366313089,62.241677044419085,2.428980493267211,89.12343404069682,14489.183907612756,220.0,1
MAQ-008,2026-01-25 07:30:00,91.99304229438522,-24.004062527567058,6.025289740973752,68.12869336706994,15566.583540396921,138.0,0
MAQ-020,2026-01-25 08:00:00,57.74810231094616,67.13241764169155,2.86334856681795,46.968130556093726,18157.244117422084,97.0,0
MAQ-019,2026-01-25 08:30:00,69.36349284881338,89.52695910331784,0.8666648959401924,45.17851427950686,32380.665742610807,42.0,0
MAQ-013,2026-01-25 09:00:00,71.3523524150136,19.07366344984372,2.441230607136662,46.65362144561529,17627.460397272822,78.0,0
MAQ-013,2026-01-25 09:30:00,55.206398342251035,,4.994830096143685,95.43315994093902,19501.213644694275,139.0,0
MAQ-008,2026-01-25 10:00:00,69.16472421025009,5.1047986487332935,2.7236921237408693,63.566718895263506,8970.46784183406,88.0,1
MAQ-004,2026-01-25 10:30:00,70.07984290677551,71.88398101096143,4.930152340378913,31.425511706427393,39534.968107552406,87.0,0
MAQ-001,2026-01-25 11:00:00,,54.84432473177968,5.658454666570525,72.68267851688928,35704.93074339894,3.0,1
MAQ-007,2026-01-25 11:30:00,88.11137542466801,12.700518125596908,2.871299454106171,67.82073571147104,24050.147089835456,226.0,0
MAQ-007,2026-01-25 12:00:00,65.06185902461488,63.030480890316156,3.2904033283601883,56.022090662333376,38426.34685125076,200.0,0
MAQ-004,2026-01-25 12:30:00,66.79070284208782,75.71511548473705,2.5832304928203564,44.59186487822378,27511.21089322046,61.0,0
MAQ-006,2026-01-25 13:00:00,79.96438453083454,61.549966068788315,5.0103479022299995,43.72210200454249,38368.31473751459,32.0,1
MAQ-001,2026-01-25 13:30:00,61.22217326609483,65.52689746707304,2.516779019464019,86.73267630932676,6545.281082911226,200.0,0
MAQ-013,2026-01-25 14:00:00,78.82960227606104,47.58982997789689,4.6560047901045145,69.95025711610195,9095.750535432924,200.0,0
MAQ-019,2026-01-25 14:30:00,68.68140268946178,21.494984406021608,3.9179526871270487,74.57287329323569,35418.78029917192,215.0,0
MAQ-014,2026-01-25 15:00:00,55.45902133392069,67.45355240206716,0.4481159971025304,69.8951761916024,16852.98822590216,131.0,0
MAQ-009,2026-01-25 15:30:00,55.6474493068053,86.49557055003332,4.846162338864763,71.55377409823643,14909.192393692467,176.0,0
MAQ-009,2026-01-25 16:00:00,91.70588044046653,75.33245537609426,3.64564630708537,55.63210673143518,30197.980719722025,175.0,1
MAQ-007,2026-01-25 16:30:00,67.65367781285052,19.21823506717577,7.837541225035101,60.88341291038447,25249.99384075745,51.0,0
MAQ-003,2026-01-25 17:00:00,94.60531140847466,,1.0917210401862414,88.29823610850086,13828.456830712983,125.0,1
MAQ-012,2026-01-25 17:30:00,62.29545608927635,39.77258064764787,3.9667040838161394,93.29180335638225,15974.637443353804,62.0,0
MAQ-012,2026-01-25 18:00:00,74.3680780169724,26.32644187695742,2.2254905898038264,40.558160244804995,16394.511956176153,180.0,0
MAQ-001,2026-01-25 18:30:00,105.89015084527362,55.795418552008705,0.516496612944377,60.83482333784435,5140.619989954865,233.0,1
MAQ-009,2026-01-25 19:00:00,54.139198830050816,62.08148449324941,0.33945590333847603,81.7857071798733,9259.201785860118,18.0,0
MAQ-006,2026-01-25 19:30:00,41.53278250150335,29.255440901637385,8.940164066183847,102.64159464431461,21547.4582359399,18.0,0
MAQ-004,2026-01-25 20:00:00,89.2988519693085,68.98831226695951,3.9764725284680735,100.639191626615,31294.90337591213,63.0,0
MAQ-015,2026-01-25 20:30:00,,65.81987099236025,2.7931863467839615,49.08484370107001,16820.026548725917,28.0,0
MAQ-011,2026-01-25 21:00:00,69.68940453840649,45.133135752813345,0.7072601737028688,90.50092236411652,15395.776703479769,2.0,0
MAQ-013,2026-01-25 21:30:00,61.21122684322623,51.89460425228829,8.580335421279257,66.17272604214033,26055.594525867637,234.0,0
MAQ-015,2026-01-25 22:00:00,74.02244171432974,19.90357883824543,1.7492730377646502,85.88833277751476,6374.429168820495,139.0,0
MAQ-020,2026-01-25 22:30:00,55.741956892213864,,4.1191522978272985,80.76557361642573,15291.937944242414,186.0,0
MAQ-017,2026-01-25 23:00:00,67.30089868175041,55.13292953434586,3.536029685653867,39.72071914870474,8404.635824260055,135.0,0
MAQ-013,2026-01-25 23:30:00,76.74722989834801,58.037456714107414,11.395629273101768,75.99947913254351,26100.6847496838,179.0,1
MAQ-018,2026-01-26 00:00:00,54.87536670588607,61.819784416363134,3.227837061293016,85.11393182338578,4583.324195151488,164.0,0
MAQ-010,2026-01-26 00:30:00,59.498739555311666,59.3963513781503,2.1069457922317443,64.59689489944336,17968.13050213747,38.0,0
MAQ-020,2026-01-26 01:00:00,64.78925749602202,50.24181344921793,4.022122315110132,60.07367145386758,23887.664077987098,36.0,0
MAQ-016,2026-01-26 01:30:00,48.56776848660583,60.1515089659777,4.355156817769574,33.56672176453823,33363.650170841785,117.0,0
MAQ-014,2026-01-26 02:00:00,63.6615852580188,73.03657587958446,16.800658130306424,78.67235033101869,29009.59592940159,89.0,1
MAQ-019,2026-01-26 02:30:00,71.78194809854352,53.2810346804264,3.1848844924035054,69.17496735627822,37720.23852845313,201.0,1
MAQ-011,2026-01-26 03:00:00,64.00676587617357,60.71670803497018,1.0543723298101648,46.55632170579828,27227.14844939252,73.0,0
MAQ-015,2026-01-26 03:30:00,65.92935260602414,51.64892087204587,2.4296101869842084,58.483200062472,14032.666432517175,78.0,0
MAQ-006,2026-01-26 04:00:00,69.70147493640123,43.358339503367716,4.015319353345168,68.09006498255546,9345.782912325438,126.0,0
MAQ-020,2026-01-26 04:30:00,60.16384806351529,64.41183400451688,4.58043282999589,53.82728421894659,2357.6379059877263,46.0,0
MAQ-013,2026-01-26 05:00:00,80.36593848800315,45.00593300493631,0.6337271363683137,65.05354255019782,11175.745906727667,206.0,0
MAQ-016,2026-01-26 05:30:00,91.53967187202664,61.950644217859434,2.19026210262128,30.00134705593102,5560.2626849833605,2.0,0
MAQ-010,2026-01-26 06:00:00,63.03429411706827,55.50859668718082,10.950706069236395,91.9884339370391,14832.068631893106,203.0,1
MAQ-018,2026-01-26 06:30:00,77.27797347216561,49.52917582263742,1.4475093664117364,65.3181856993257,28132.86775617896,149.0,0
MAQ-002,2026-01-26 07:00:00,66.4057426684803,49.09342902136011,6.125736100993325,43.01292987019379,27712.15756610452,213.0,0
MAQ-003,2026-01-26 07:30:00,75.48231017557757,45.853822136517635,2.4994597434465318,15.805823032246344,12794.840531621287,70.0,1
MAQ-011,2026-01-26 08:00:00,93.48669296804881,25.375578902397752,3.3345598932723273,85.58269882066784,20391.23958758191,216.0,1
MAQ-015,2026-01-26 08:30:00,77.62989314527148,61.892111712910456,0.7306108994098798,76.16183105447284,8749.185635091784,207.0,1
MAQ-017,2026-01-26 09:00:00,43.39878191785479,59.167842855009766,2.7051494213191942,69.21371426938103,20168.77106950733,109.0,0
MAQ-009,2026-01-26 09:30:00,76.80993447170438,70.29406454407288,3.977992316877965,82.2729600252921,20452.266861581553,68.0,1
MAQ-013,2026-01-26 10:00:00,88.49295614963513,45.433775758477694,3.216689069344317,82.21796792593423,12121.743872844234,47.0,0
MAQ-012,2026-01-26 10:30:00,66.67605745002847,89.11690525858,2.8457157349513396,68.88876140107065,10452.765069999528,36.0,0
MAQ-020,2026-01-26 11:00:00,84.93452209176749,48.164752938706606,5.028744995592826,59.91571565484366,39185.02111286911,139.0,0
MAQ-014,2026-01-26 11:30:00,59.64826688272081,39.24802644049547,0.9499680652283253,56.657168027694844,21531.228092840272,230.0,0
MAQ-009,2026-01-26 12:00:00,47.716912607165895,37.11367144283203,4.11971760926753,73.41884047810399,22526.85759993491,135.0,0
MAQ-020,2026-01-26 12:30:00,72.1175352824896,23.789396741866078,0.3024227472258,92.94062749758699,410.9842056856694,231.0,0
MAQ-003,2026-01-26 13:00:00,43.65284918880529,82.5873020630763,7.355392050180327,62.941936573680586,7355.447187254461,181.0,0
MAQ-020,2026-01-26 13:30:00,66.40343480659612,79.67921303383591,2.9240697159725277,94.52954811833445,14329.21627661891,164.0,0
MAQ-004,2026-01-26 14:00:00,89.30263393968255,65.81341293192564,5.838029706628725,72.46304946904824,38642.63162649887,173.0,1
MAQ-006,2026-01-26 14:30:00,41.35355641380579,38.870401460035964,0.07645903443995924,72.61381937033323,7092.145198053598,222.0,0
MAQ-017,2026-01-26 15:00:00,50.80754806129153,87.60281826806415,5.261304679175794,113.10218934647946,12201.25948194202,205.0,0
MAQ-015,2026-01-26 15:30:00,54.51951632257634,48.66905509261019,1.6939259426964757,98.05356432436865,39607.26405202067,38.0,0
MAQ-020,2026-01-26 16:00:00,69.0502021043356,50.157535037920255,3.352006067447448,98.57218488776431,19296.234829202254,140.0,0
MAQ-015,2026-01-26 16:30:00,64.51424821530686,80.87066344784937,5.321962826970451,49.04772683266284,12804.470241262035,110.0,0
MAQ-013,2026-01-26 17:00:00,90.9870457254413,66.8603905206557,3.1129828311205188,108.84365004312582,25410.920927424122,211.0,0
MAQ-007,2026-01-26 17:30:00,84.31522493637546,94.61985649758267,4.873342439854552,63.35566411760087,19902.46115220611,48.0,0
MAQ-001,2026-01-26 18:00:00,77.42909419102897,59.477000685742354,2.5303070657653532,60.45017640492987,38302.21875649417,196.0,0
MAQ-003,2026-01-26 18:30:00,72.18445471515827,47.853445607582955,7.7588085456434985,21.815031731735218,3419.482414882605,114.0,0
MAQ-006,2026-01-26 19:00:00,75.89844665477241,43.98751209772368,2.917560393009831,71.52581649107645,31642.862028654687,223.0,0
MAQ-001,2026-01-26 19:30:00,57.07026467029937,21.754068810568718,2.9651234422950044,43.332920837947206,11235.546500673101,189.0,0
MAQ-011,2026-01-26 20:00:00,82.85815530334918,49.98527608948832,3.009478568032911,73.16507657093982,32286.106306510243,82.0,0
MAQ-016,2026-01-26 20:30:00,53.319336184611984,75.60268009889285,3.2800695059865643,41.768697335246166,33924.04158925637,202.0,0
MAQ-020,2026-01-26 21:00:00,82.53065490853346,65.77901510780924,0.999494715668632,100.95399675589607,33983.9920351336,44.0,0
MAQ-010,2026-01-26 21:30:00,87.79213753178246,55.36554411808731,1.4042005758593812,76.03147925753457,34681.158385648036,0.0,0
MAQ-018,2026-01-26 22:00:00,73.16296903132131,37.09118001130607,6.455177910488318,110.59743151499153,28753.287520645317,121.0,0
MAQ-020,2026-01-26 22:30:00,67.35680411557036,59.08371432422927,5.835625082299707,44.53951937014975,5781.925453922923,93.0,0
MAQ-018,2026-01-26 23:00:00,76.0046486246451,73.23064669351672,5.5739309662423535,95.9835848941595,2170.9134806011984,30.0,0
MAQ-010,2026-01-26 23:30:00,27.077224448489908,62.752946616459724,4.555571747024813,28.945751659343465,13696.533226856227,238.0,0
MAQ-007,2026-01-27 00:00:00,74.53387327728191,58.00123305340046,2.146426561470142,69.16150952948588,19853.28735858199,9.0,0
MAQ-020,2026-01-27 00:30:00,68.29969003240289,40.65476224093829,1.9621952130334253,52.36753760116098,12174.57393950815,141.0,0
MAQ-005,2026-01-27 01:00:00,69.24057830414513,70.60927265401622,3.172850375300104,56.04086929499286,29714.05666363128,62.0,0
MAQ-009,2026-01-27 01:30:00,80.59798769346742,-1.3742867373952592,7.1624167368696146,54.67007164182342,28925.494762940198,71.0,0
MAQ-002,2026-01-27 02:00:00,68.87846617652909,61.891222759572614,3.8095087002679637,46.70567629297342,38879.7875944384,50.0,0
MAQ-016,2026-01-27 02:30:00,52.89689715023263,101.26579565700277,1.3389007089462681,39.80623386698615,16082.866310926438,93.0,0
MAQ-013,2026-01-27 03:00:00,67.87895993761933,27.849279028026753,0.7938938597558983,56.15146386137061,31450.53366630956,160.0,0
MAQ-002,2026-01-27 03:30:00,71.01333226121237,50.65534981537541,5.965235485820052,67.32056794573742,29673.878832538245,77.0,0
MAQ-005,2026-01-27 04:00:00,71.72400867371519,54.85760217775493,8.738623081637165,88.27388713252037,39551.10573796752,173.0,0
MAQ-012,2026-01-27 04:30:00,,46.67350934698161,0.5968869297634845,70.90700793242108,30967.248523253656,107.0,0
MAQ-011,2026-01-27 05:00:00,85.5905356737783,73.65473636606163,6.105825677255187,88.33080402588772,11414.62377501228,188.0,1
MAQ-017,2026-01-27 05:30:00,53.709481704487786,,4.47770738087749,35.436462560858,709.3687251965837,106.0,0
MAQ-006,2026-01-27 06:00:00,72.63550684247275,57.741406705851745,1.6425986312351875,56.34061188582516,38729.829563703235,87.0,0
MAQ-019,2026-01-27 06:30:00,89.34894547927361,69.35090610104704,3.847593423717164,79.2200983827285,28671.154849405404,121.0,0
MAQ-009,2026-01-27 07:00:00,43.98082754594207,55.301512763291356,1.1382019881159877,71.86381511582717,32523.004454640344,164.0,0
MAQ-017,2026-01-27 07:30:00,72.6947002117008,112.23756079882325,2.7416488117194495,47.77649770681644,31750.441761707218,111.0,0
MAQ-005,2026-01-27 08:00:00,61.21932247040435,57.72424480582134,3.3109246418762535,83.68137784331805,29456.867490727447,217.0,0
MAQ-001,2026-01-27 08:30:00,64.43934423290342,58.51507777281468,7.708074178804112,54.37453636095037,30083.831296508597,123.0,0
MAQ-002,2026-01-27 09:00:00,56.42788745178367,24.211575107681043,2.6345940090145468,49.45272877212558,37185.38157247735,71.0,0
MAQ-008,2026-01-27 09:30:00,67.45673926449334,45.217894108538374,1.8094148867069137,74.73895520993617,36573.0401489461,6.0,0
MAQ-020,2026-01-27 10:00:00,97.61883421640357,75.65279827239658,4.2315385453142635,65.12338730668472,15231.14715901532,94.0,0
MAQ-001,2026-01-27 10:30:00,51.0335445823418,30.961776693522296,4.967948557168074,54.541753299427796,1335.3647929506303,13.0,0
MAQ-008,2026-01-27 11:00:00,52.45584996281759,16.16397086256481,1.7512326087680028,53.8626294950579,1643.3955804930615,8.0,0
MAQ-003,2026-01-27 11:30:00,50.47098144754743,55.58167848137634,1.290064894488768,43.604064003866036,17920.8707444864,89.0,0
MAQ-019,2026-01-27 12:00:00,95.9112742994215,79.67340113454961,1.3974364772566021,57.085035078822706,33415.68324302625,69.0,0
MAQ-014,2026-01-27 12:30:00,63.0649044171807,55.762862116530265,7.726551664041787,87.00018870974871,33919.68794195932,212.0,0
MAQ-016,2026-01-27 13:00:00,69.61541409478488,48.949757152725816,4.812362864726282,69.89100925976328,16235.144291073984,175.0,0
MAQ-015,2026-01-27 13:30:00,63.9582558834064,21.54721712066236,2.4952529876128406,84.17188161554691,12134.303851383893,189.0,0
MAQ-014,2026-01-27 14:00:00,55.83365682395363,63.14057420863948,6.8591100534473926,75.32137075349402,20313.39763281868,130.0,0
MAQ-016,2026-01-27 14:30:00,66.47274030078347,66.9029519598948,1.7392498206103073,52.75507586056361,33318.47395411051,26.0,0
MAQ-001,2026-01-27 15:00:00,106.87365408604839,22.928815016180195,3.0759118916118466,32.017174504315136,25496.195175119003,204.0,0
MAQ-018,2026-01-27 15:30:00,90.88106381461382,75.42158407654993,1.119594046646777,46.46291270592409,5678.251965015439,118.0,0
MAQ-015,2026-01-27 16:00:00,57.205932733115915,68.78251946605796,6.654347940109836,51.57528377804961,14553.134351976454,102.0,0
MAQ-015,2026-01-27 16:30:00,79.71361154592529,75.38168696585223,1.6163814849256095,50.0283425941668,22261.494016142366,145.0,0
MAQ-008,2026-01-27 17:00:00,57.527158410004354,65.50345165300016,1.6494843587201071,84.6203985371944,21576.671008358164,39.0,0
MAQ-017,2026-01-27 17:30:00,43.35448541730669,66.76628875860374,4.301546511343618,84.41176933699404,33242.29740153943,115.0,0
MAQ-008,2026-01-27 18:00:00,85.29266376496945,64.3729761766313,0.26351809545595184,109.2375928055329,37293.65337724221,145.0,0
MAQ-001,2026-01-27 18:30:00,87.40139269965326,70.63250178702152,0.8874351813118563,49.72557657615229,4108.477457592706,167.0,0
MAQ-019,2026-01-27 19:00:00,85.69078376571849,22.262360155769464,5.447795378141694,96.9489661212883,9053.862854800944,120.0,0
MAQ-005,2026-01-27 19:30:00,62.952021261706406,27.980930194812736,1.377896964548911,96.8253441132826,15747.060734512921,239.0,1
MAQ-003,2026-01-27 20:00:00,67.4983639899702,41.75185779658411,13.878698344426121,60.35472483922272,11926.283449896011,237.0,1
MAQ-013,2026-01-27 20:30:00,81.24648330487184,52.66323690989404,3.697565546466511,74.47110793880469,16390.79074884187,23.0,0
MAQ-005,2026-01-27 21:00:00,75.8724405602216,61.98646461954723,0.5481464805484683,89.81466498282421,1724.7770217477557,19.0,0
MAQ-018,2026-01-27 21:30:00,64.09543793054434,60.8442697581193,9.036749714537539,63.82150754675478,2733.9294794963184,123.0,1
MAQ-009,2026-01-27 22:00:00,45.713922698227535,75.10790460620856,3.6945112884078353,62.27216445570715,33550.62296968927,198.0,0
MAQ-001,2026-01-27 22:30:00,71.70812791213018,75.67291537444632,2.7985597768218136,52.45325157765096,4193.013186064292,122.0,0
MAQ-020,2026-01-27 23:00:00,86.1851445885417,,3.684291647342024,17.799229626739404,32980.59696859051,52.0,0
MAQ-011,2026-01-27 23:30:00,52.036175664487644,59.294369980908485,0.542774184652887,66.40943232976959,12329.8288719411,134.0,0
MAQ-006,2026-01-28 00:00:00,79.58139072513966,39.739032141006916,3.155632478705216,50.802613450931474,12438.012458565347,226.0,0
MAQ-014,2026-01-28 00:30:00,74.97312542700539,51.6115533096358,1.4710974102308552,43.49302752766344,4119.806422259605,40.0,0
MAQ-011,2026-01-28 01:00:00,81.25222394848501,,3.004612718257802,73.4438330028863,629.2089211915983,106.0,0
MAQ-001,2026-01-28 01:30:00,83.0796324957851,-6.356817376490433,2.1955392117622203,35.973755183578035,14276.015476970872,153.0,0
MAQ-016,2026-01-28 02:00:00,59.583021371119706,98.40239271351432,3.5409677828409523,81.12159782561235,33430.740561129925,94.0,0
MAQ-009,2026-01-28 02:30:00,45.74560899752581,65.19535619315455,2.4935056986418935,74.67198630521042,36806.223035068666,10.0,0
MAQ-014,2026-01-28 03:00:00,61.99720711475681,44.27734104255869,2.0779407311660414,56.99613576605496,2557.2636896001495,160.0,0
MAQ-018,2026-01-28 03:30:00,83.33690976290511,89.6926555941441,1.323607096103856,63.733794943110816,1333.2317458437883,177.0,0
MAQ-013,2026-01-28 04:00:00,61.869941447110435,48.7462389312485,0.5729867426484788,41.19557811691516,6436.144743200305,157.0,0
MAQ-014,2026-01-28 04:30:00,59.58935014213537,57.38534894490504,0.4371243408829746,80.00677206730752,30674.963366559263,159.0,0
MAQ-006,2026-01-28 05:00:00,42.679744871130424,46.23191541284271,0.9201072224412865,68.7472848210253,8274.822364336644,157.0,0
MAQ-005,2026-01-28 05:30:00,96.28971331826409,84.73585307398011,5.1505730342081675,70.23699909179089,9309.33393833919,79.0,0
MAQ-009,2026-01-28 06:00:00,82.38570462137965,53.11027528649415,1.2527929115968022,75.0378075934626,35568.81364586244,3.0,0
MAQ-018,2026-01-28 06:30:00,81.54843971912146,57.69071381331116,1.7920610143074938,52.15169172216552,35010.46664646553,237.0,0
MAQ-011,2026-01-28 07:00:00,84.5158808016921,76.66807875445804,1.8071007496660305,34.61883450158132,26844.53985486473,49.0,0
MAQ-007,2026-01-28 07:30:00,78.65062542315103,65.53251023429938,2.2253071500157264,84.14636749825262,6644.14984121101,198.0,0
MAQ-016,2026-01-28 08:00:00,66.33506717230706,,4.526876379437203,78.77436827224815,15307.852667097717,129.0,0
MAQ-018,2026-01-28 08:30:00,67.54353843816698,74.98703750243433,2.473323693596577,54.29282393458131,9523.478505748299,129.0,0
MAQ-019,2026-01-28 09:00:00,63.586534531118126,100.69269812970313,5.85522647176688,73.1822039826008,26906.638715540834,5.0,0
MAQ-006,2026-01-28 09:30:00,109.521111316225,60.713388078389585,,90.159468774359,31219.249061807048,237.0,0
MAQ-015,2026-01-28 10:00:00,78.33868046949163,57.101681581706195,5.425915482727811,87.7740160616788,5771.135508500468,126.0,0
MAQ-012,2026-01-28 10:30:00,63.04299337972848,58.07128750514347,8.31944585722033,53.70882327136009,35928.43773299005,199.0,1
MAQ-009,2026-01-28 11:00:00,76.9824516124942,78.58773101496732,3.1238612439883373,35.22477909131497,18566.75369663508,186.0,0
MAQ-008,2026-01-28 11:30:00,54.836966232155234,44.214440769407396,1.1654817673519655,38.65569720806493,31820.73359434844,33.0,0
MAQ-003,2026-01-28 12:00:00,92.5676007788384,49.9902839251901,4.59260474339714,58.765479740897774,2160.340580824296,227.0,1
MAQ-006,2026-01-28 12:30:00,60.0839635628929,27.32602691572046,3.167539407363102,94.24634266574317,14487.189362075562,141.0,0
MAQ-011,2026-01-28 13:00:00,77.51628148933699,33.690378472480475,4.015893936195188,50.43109175717264,689.759813123275,44.0,0
MAQ-018,2026-01-28 13:30:00,85.98966444614702,45.67959995143653,5.976362733072232,53.07344293981289,28767.540784282417,139.0,0
MAQ-018,2026-01-28 14:00:00,75.77152816307489,53.99313410691239,2.317351344125773,52.66177803763364,3270.093712224289,147.0,0
MAQ-004,2026-01-28 14:30:00,71.41704987729457,86.84349986386215,2.0187423693356457,54.365384074226654,13597.603061955137,156.0,0
MAQ-014,2026-01-28 15:00:00,70.16203127284022,64.64787048865404,15.693078630050692,64.77546311826745,31291.772357488386,77.0,1
MAQ-002,2026-01-28 15:30:00,69.15338354669339,38.582586816583714,,39.398996508964885,29983.76248947327,225.0,0
MAQ-014,2026-01-28 16:00:00,61.349522666087466,41.89635126344592,6.7217540629310415,86.68719912653903,25647.555852876423,56.0,0
MAQ-007,2026-01-28 16:30:00,63.257748553454434,79.74547629815177,5.7331078781997045,62.103578439807066,27791.423489771416,118.0,0
MAQ-009,2026-01-28 17:00:00,92.19385560476402,75.27898627532547,6.780099718609396,114.5826914945067,26084.12987163255,201.0,1
MAQ-015,2026-01-28 17:30:00,68.37195050972265,55.50669838403566,4.119023435379882,41.5285800289997,25686.91076437253,18.0,1
MAQ-009,2026-01-28 18:00:00,58.213055959258405,47.034523620301016,6.217686359717554,96.79732343649817,14051.220137651848,96.0,1
MAQ-017,2026-01-28 18:30:00,62.25553604707737,75.24879104268356,1.801977950507969,92.82690795972974,1223.811592666538,115.0,0
MAQ-011,2026-01-28 19:00:00,86.50556021045834,37.12011171895564,0.5557443458648436,56.766319823087024,17728.85140764962,185.0,0
MAQ-020,2026-01-28 19:30:00,80.13409949746718,62.05654716503541,1.4140081797930202,57.09878772976265,1913.8400984547538,189.0,0
MAQ-013,2026-01-28 20:00:00,78.40493767348386,95.90786183607996,2.8124165828175287,46.57404367740207,18807.80906543331,191.0,0
MAQ-006,2026-01-28 20:30:00,66.13718201635312,58.696402280526236,2.522427460092103,46.8035714952089,18616.751171517288,86.0,0
MAQ-016,2026-01-28 21:00:00,78.60043705259417,41.03902937329112,3.1817335873203962,64.98788100450284,7230.989336826387,117.0,0
MAQ-009,2026-01-28 21:30:00,60.34658312574028,62.38663664808768,1.7089848321291399,65.41391968492722,31392.039051730524,6.0,0
MAQ-011,2026-01-28 22:00:00,66.10578952981338,46.53984305772374,0.3174053549579756,32.95289466117671,28197.952742226204,197.0,0
MAQ-003,2026-01-28 22:30:00,84.54706731087619,29.90591481243854,2.2633025539840586,110.87010646651727,22425.627673967676,72.0,0
MAQ-003,2026-01-28 23:00:00,83.11416518378597,67.61864848369792,0.8118630573180777,59.809662856738754,37043.752346855326,112.0,0
MAQ-012,2026-01-28 23:30:00,55.27135231073795,75.121019209895,3.075965110712954,66.31224554434377,11558.765817087413,163.0,0
MAQ-004,2026-01-29 00:00:00,57.167103206371365,49.40367990269369,4.266699003459369,52.47525133173116,10555.085636453241,186.0,0
MAQ-020,2026-01-29 00:30:00,71.63053229220114,48.20975786626708,2.22644956488299,59.65980921816332,7419.08904054032,20.0,0
MAQ-018,2026-01-29 01:00:00,95.89198562004265,37.69182295980707,1.094845582460606,57.84243777511583,21823.147532489824,184.0,0
MAQ-015,2026-01-29 01:30:00,41.266522532965084,52.3011591915838,3.3098398377431937,64.9413914834948,8293.751589673362,90.0,0
MAQ-015,2026-01-29 02:00:00,74.17499409355756,44.87736910738256,16.26249242257826,64.70820179143772,34768.93357822456,100.0,1
MAQ-012,2026-01-29 02:30:00,49.35935002640278,36.801411639341396,4.634701459661793,81.0973269708214,12241.959842303777,31.0,0
MAQ-002,2026-01-29 03:00:00,60.485035097116814,89.0590389471929,4.890085185565407,69.54439874197553,19688.14730841881,172.0,0
MAQ-008,2026-01-29 03:30:00,64.53357372903638,63.39687070149113,2.0340219571798315,79.08566040799006,21227.479520713478,114.0,0
MAQ-010,2026-01-29 04:00:00,63.69237484844663,65.30311194452834,1.5149079485456745,64.80378356389132,12375.09724267639,24.0,0
MAQ-019,2026-01-29 04:30:00,61.993060905111875,70.90119224078369,6.790904608553114,69.62505110211782,29562.94288068056,33.0,0
MAQ-005,2026-01-29 05:00:00,70.10810590564556,68.87865190167649,0.1783359945728542,60.17388634633457,27713.710155726887,173.0,0
MAQ-010,2026-01-29 05:30:00,61.97116650054132,47.56402084965913,1.6616279873435476,85.06223468675297,30456.360026027658,26.0,0
MAQ-007,2026-01-29 06:00:00,48.06313922718771,59.905947213486414,9.618694143395324,71.4524485903185,24276.22674466066,125.0,0
MAQ-003,2026-01-29 06:30:00,81.69804418784165,50.15745128330811,2.9291359068115534,61.83850290974198,18461.27346116912,167.0,0
MAQ-003,2026-01-29 07:00:00,81.29308250723321,62.89234524597988,0.643293583007187,61.24179730897359,18011.792152046397,218.0,0
MAQ-008,2026-01-29 07:30:00,82.64761465034003,61.150435947246955,4.360598274770735,62.81521317506006,28689.729008576775,37.0,0
MAQ-002,2026-01-29 08:00:00,46.88898255603877,48.112115304444366,2.2387350774339994,65.60887847354064,15143.70611811509,71.0,0
MAQ-002,2026-01-29 08:30:00,74.48377228876227,31.072622987407616,0.4840944812070828,63.872777975621595,17546.66526637622,37.0,0
MAQ-008,2026-01-29 09:00:00,80.13968283710385,57.632267025379136,3.767690598280644,53.8231668957728,6630.477656959171,211.0,0
MAQ-005,2026-01-29 09:30:00,54.53196897340622,51.32314921946862,3.3526830181202247,80.29801110536522,27217.255207223065,142.0,0
MAQ-012,2026-01-29 10:00:00,70.13759872273194,20.973299541242348,3.2040745005911857,81.5615198509634,3169.2974944682487,235.0,0
MAQ-001,2026-01-29 10:30:00,68.25600032034451,64.13791183999692,4.586438245615815,100.67713675801494,39621.43521913122,10.0,1
MAQ-007,2026-01-29 11:00:00,97.63225987852395,72.37615802036996,1.02371332820808,52.927405787104775,5835.129329067665,169.0,0
MAQ-010,2026-01-29 11:30:00,98.8674405551886,100.5104165537611,4.05928256332901,78.32877450304211,15380.83800512521,7.0,1
MAQ-020,2026-01-29 12:00:00,45.03465410004699,47.9584449402281,3.542434744861786,26.817253674346354,9587.447252641425,26.0,0
MAQ-013,2026-01-29 12:30:00,107.40890508591984,45.30318586211678,6.691861013766397,81.58086130043776,11697.259226755277,103.0,1
MAQ-018,2026-01-29 13:00:00,56.27161418270014,35.030421452093655,1.6415867684958798,35.868357699856304,12965.884647232178,88.0,0
MAQ-007,2026-01-29 13:30:00,84.71009941491138,58.75555431676613,7.522243988703747,45.31337792855429,28761.63189826972,87.0,0
MAQ-009,2026-01-29 14:00:00,84.55746971295596,58.641727250050394,5.662578545606214,71.64450658031637,7152.295998862511,16.0,0
MAQ-009,2026-01-29 14:30:00,55.0646465973729,40.396665973838516,2.837680783620931,52.570019291553756,10627.876032955664,130.0,0
MAQ-018,2026-01-29 15:00:00,77.39901690758649,51.85126212393088,,49.832929799941795,4138.123001790721,81.0,0
MAQ-020,2026-01-29 15:30:00,68.38699383600904,19.384017995991577,0.20381817147678818,55.30367955003308,13325.253948691661,238.0,1
MAQ-020,2026-01-29 16:00:00,78.31495006948586,71.67478146099845,3.132258863768096,79.5925198383705,37655.54556008483,189.0,0
MAQ-016,2026-01-29 16:30:00,73.46008453570938,41.127773325900996,5.386070242696056,46.34219207164513,15266.348409065156,104.0,1
MAQ-011,2026-01-29 17:00:00,87.94509228055371,54.37618567456637,2.4938491850431133,63.916902715549284,31115.79833145665,183.0,0
MAQ-011,2026-01-29 17:30:00,71.13099314719094,29.319518416639976,6.680216765826139,57.42687430921327,18521.987126203756,138.0,0
MAQ-020,2026-01-29 18:00:00,67.48188895860534,44.517635209691676,4.4163236378102955,81.39781542658028,18039.02740405006,118.0,0
MAQ-006,2026-01-29 18:30:00,86.4409634958577,,11.619301144119543,81.95843508165686,32976.44066573624,220.0,1
MAQ-007,2026-01-29 19:00:00,78.70593947287905,54.79676475470506,1.7483912337228522,28.294364051277746,1170.0961975936011,140.0,0
MAQ-018,2026-01-29 19:30:00,80.97720091481332,63.63518527940521,5.021556366891245,85.9021883752863,34608.97131845825,115.0,0
MAQ-008,2026-01-29 20:00:00,60.03119991612105,80.90335150275196,0.8376634111259464,52.784881870823774,19459.81721884742,135.0,0
MAQ-005,2026-01-29 20:30:00,54.32105827902289,68.18879696984841,2.685841402716904,69.72584397193347,14109.97468884396,187.0,0
MAQ-012,2026-01-29 21:00:00,61.48416785120948,72.3189617766324,4.60893714409442,46.221825192334066,36282.71454326015,177.0,1
MAQ-007,2026-01-29 21:30:00,60.687679214791174,81.0298739789765,5.248868797240241,72.42269205419566,13660.388135764064,131.0,0
MAQ-018,2026-01-29 22:00:00,81.79298902979372,65.25474186740855,2.3359073665322025,116.02697907242204,39110.124467939226,42.0,0
MAQ-019,2026-01-29 22:30:00,84.63976075441077,54.33927047885808,7.189236414429384,67.54331122570066,37460.62432138989,152.0,1
MAQ-007,2026-01-29 23:00:00,67.673045657014,,8.281028537826925,55.803045647072864,10790.136167448005,103.0,0
MAQ-011,2026-01-29 23:30:00,91.46378528236528,74.31416714730982,1.7666424714746913,60.356775306489176,13690.048520964892,223.0,0
MAQ-020,2026-01-30 00:00:00,90.52704090647694,66.67418508338864,2.7548345886703087,35.619400855239604,32505.485086080353,218.0,1
MAQ-015,2026-01-30 00:30:00,73.6509837460081,28.81670325335015,2.526034244482263,93.97926572328916,7904.842282362584,0.0,0
MAQ-005,2026-01-30 01:00:00,57.671623426854396,39.85371724429635,2.0326215620520336,71.25766215193221,29304.867406453744,239.0,0
MAQ-012,2026-01-30 01:30:00,93.6306497415331,50.05262612745129,7.929721757203988,44.02204187404307,5253.130765640078,216.0,0
MAQ-013,2026-01-30 02:00:00,69.08473973457387,69.03317837324619,7.867334860213834,44.67363419742494,8303.660517164044,217.0,0
MAQ-014,2026-01-30 02:30:00,71.89247794646462,54.61576445672993,2.596955490832779,65.30564758297652,20070.181802587842,119.0,0
MAQ-001,2026-01-30 03:00:00,64.90592461590147,75.46363540211014,5.003833988934877,83.63990786676975,29860.680899975276,64.0,0
MAQ-006,2026-01-30 03:30:00,56.65314510554204,78.67425931739706,6.6262653029442555,41.98020182526058,29603.202877692176,145.0,0
MAQ-018,2026-01-30 04:00:00,47.97040854527062,76.58506843618972,3.8064862315876855,87.26818683734342,24395.998662645135,211.0,0
MAQ-005,2026-01-30 04:30:00,79.49302485335932,76.69973016064516,2.4369779871641515,63.16732896086193,10957.295688446644,108.0,0
MAQ-006,2026-01-30 05:00:00,58.24898419155069,36.334109716143075,1.6548588360558218,46.39513229985806,16673.576779322437,236.0,0
MAQ-007,2026-01-30 05:30:00,115.89296843495235,63.687438990203965,5.352152202915009,55.646191468540444,9923.949236707998,62.0,0
MAQ-004,2026-01-30 06:00:00,53.708896260812814,44.064477262802505,0.9148680175114046,99.9710775425942,11152.995259127794,204.0,0
MAQ-004,2026-01-30 06:30:00,51.13926287527945,25.316806035534427,2.4920837792131656,37.23573326909325,12996.638425872789,15.0,0
MAQ-007,2026-01-30 07:00:00,77.65208073420162,49.825519622994946,,50.36214088107707,23994.023670237544,201.0,0
MAQ-018,2026-01-30 07:30:00,92.93970218450943,78.84526538129052,0.8552081103075656,84.0516716926984,8383.036053191516,226.0,0
MAQ-001,2026-01-30 08:00:00,70.96884485414833,63.29335618213234,2.93372791792855,69.3291408690727,1798.523815445493,168.0,0
MAQ-006,2026-01-30 08:30:00,78.58363630280911,91.32056868890606,2.707168330876521,49.17518363483896,27728.940606786593,149.0,0
MAQ-002,2026-01-30 09:00:00,42.34678873811936,58.19014261482601,1.3537021137102598,84.29586472729646,970.0753841722294,98.0,0
MAQ-012,2026-01-30 09:30:00,59.837326814623495,99.06044956467233,7.7247317721998865,85.24591466338362,38834.31423257683,209.0,1
MAQ-006,2026-01-30 10:00:00,53.89576406293649,58.19538205930692,,71.62781337036162,14076.391858842158,30.0,0
MAQ-016,2026-01-30 10:30:00,41.57431225078179,55.40464533076725,3.2429297340544943,52.752068248329714,362.5967555353879,69.0,0
MAQ-012,2026-01-30 11:00:00,71.7547035103583,31.970978417413065,5.974392238514382,55.83390760331284,35394.95392543937,31.0,0
MAQ-016,2026-01-30 11:30:00,36.357585675843495,74.99012932526982,6.989461869695347,70.69352130596798,24032.200880139433,66.0,0
MAQ-013,2026-01-30 12:00:00,50.167060508688266,45.96174767907138,7.9652867445506494,38.76141877573241,32713.952564156167,125.0,0
MAQ-009,2026-01-30 12:30:00,61.94209308979873,43.35314249064291,1.739205450015388,91.55569762266225,17457.486153875023,80.0,0
MAQ-018,2026-01-30 13:00:00,57.53071246073385,,5.972755763399332,99.00418177351676,14231.857132255942,100.0,0
MAQ-010,2026-01-30 13:30:00,75.94612753310602,75.84800803832724,2.7164542029397336,60.28090300319459,26242.058777612416,55.0,0
MAQ-019,2026-01-30 14:00:00,74.5837028785372,75.37692460979221,3.70764942878938,72.12208984861614,16299.434908156025,84.0,0
MAQ-020,2026-01-30 14:30:00,83.40698118903185,48.48055958701034,1.819037363322564,88.71604085698652,22292.72306103476,119.0,1
MAQ-012,2026-01-30 15:00:00,81.28575599069018,54.08243442450547,3.1247806675988166,104.11121677135378,11185.132836778283,51.0,0
MAQ-014,2026-01-30 15:30:00,87.1121918404207,53.922620841474675,6.034035106989081,96.13962670981397,13372.551728557924,224.0,1
MAQ-006,2026-01-30 16:00:00,69.9712239998642,69.08532725210317,9.36562812760458,30.289249732824146,3379.4114525466825,215.0,0
MAQ-017,2026-01-30 16:30:00,74.55200351225005,82.96416403289614,2.8881775484005723,58.68892623344962,31276.74227006278,210.0,0
MAQ-014,2026-01-30 17:00:00,77.67270552878787,61.62663799357132,1.395852539835291,75.01376502966438,14019.147996258496,0.0,0
MAQ-019,2026-01-30 17:30:00,72.12485046086539,90.54803953643246,10.313336987948484,55.115654061961365,39002.46590270187,118.0,1
MAQ-006,2026-01-30 18:00:00,64.0420853512439,71.14949952459511,1.6785464642669494,100.65533490080729,10464.377082339794,190.0,0
MAQ-016,2026-01-30 18:30:00,65.01336198490344,50.77361090594047,0.5715300354048962,97.58750345605264,19054.601942754078,83.0,0
MAQ-010,2026-01-30 19:00:00,57.73662402505052,,1.9502644496760744,48.681397174825406,12290.734801481807,55.0,0
MAQ-004,2026-01-30 19:30:00,76.32425244864744,85.70692501675792,6.753356841817473,61.75199960188553,27787.622459135382,146.0,1
MAQ-004,2026-01-30 20:00:00,68.58977238872266,90.96920170014403,1.5784218304216793,50.00891727620726,32353.800192854782,0.0,1
MAQ-012,2026-01-30 20:30:00,60.05239374044853,76.36404420278345,1.0716603544316976,61.09743111787661,19531.728147663314,146.0,0
MAQ-007,2026-01-30 21:00:00,60.06632771013111,55.462140165843984,3.446975405943613,60.491353013332336,14740.409540507857,108.0,0
MAQ-003,2026-01-30 21:30:00,51.844019083258175,51.099521426993434,9.368682740565283,84.08515829493717,29815.577630647465,164.0,0
MAQ-009,2026-01-30 22:00:00,84.68262011855799,65.36925106410504,,47.23070672532331,7739.056258154607,163.0,0
MAQ-014,2026-01-30 22:30:00,71.17926504297681,85.13154091487883,0.8991960065510084,12.665007900884724,24018.70689466407,128.0,0
MAQ-007,2026-01-30 23:00:00,57.05799970640095,62.80784419986013,12.768825564336103,32.909138355303604,29371.615964889494,140.0,0
MAQ-020,2026-01-30 23:30:00,,63.1815736936386,4.093612714222217,44.4339677458654,10843.857494025,6.0,0
MAQ-016,2026-01-31 00:00:00,61.593267853084406,55.92516137770766,6.283174714038346,51.886168220058565,26262.403670549375,235.0,0
MAQ-011,2026-01-31 00:30:00,48.90249059481651,49.097960872638176,0.7035232615226079,68.74348801230427,29435.52318896835,18.0,0
MAQ-019,2026-01-31 01:00:00,85.318334338287,52.08157888040948,11.354890435693424,43.40412188942281,4784.923516414493,234.0,0
MAQ-009,2026-01-31 01:30:00,61.94354515650831,57.43766773441954,2.2987160098446617,40.77798819480137,13023.908625132875,233.0,0
MAQ-003,2026-01-31 02:00:00,63.86651364686816,85.9257999323168,0.6385384463714889,46.4110516469578,16311.611312574114,172.0,0
MAQ-001,2026-01-31 02:30:00,70.61770030523766,50.68515198644557,3.7693912145441475,42.686919976804376,31060.700142689926,179.0,0
MAQ-019,2026-01-31 03:00:00,87.13883834185172,55.94701736640485,6.281034444425008,53.910125114087094,22743.454803210345,7.0,0
MAQ-020,2026-01-31 03:30:00,70.30055936299468,39.423202112682844,4.984965975681873,53.054252082098685,18037.50277816273,227.0,0
MAQ-015,2026-01-31 04:00:00,52.013243107821545,67.8993591965168,4.921134907431287,78.78113633947622,12819.020701968751,126.0,0
MAQ-003,2026-01-31 04:30:00,78.1581550616827,79.60022521692909,,45.209412298607546,262.04855227285987,81.0,0
MAQ-006,2026-01-31 05:00:00,62.72515413607414,84.2409612272216,3.5141581788159235,57.84806743340457,906.7816294471218,160.0,0
MAQ-001,2026-01-31 05:30:00,98.31885957294199,58.660561444522784,0.7004682580315716,54.099546401664625,9693.80440687672,128.0,0
MAQ-002,2026-01-31 06:00:00,69.98320417003164,65.33837709902625,2.683533628496821,81.17769952075135,4755.955172820195,86.0,0
MAQ-005,2026-01-31 06:30:00,36.474467531520006,52.23609420093931,2.3893083473667893,61.91441447964591,4871.505221408239,77.0,0
MAQ-012,2026-01-31 07:00:00,75.36047458233512,64.50433623450141,7.98733326906722,86.01393446798389,24149.311000251208,28.0,0
MAQ-002,2026-01-31 07:30:00,99.16896688390342,60.65137274498586,6.76038643766422,41.952596479903825,24257.667396485762,218.0,0
MAQ-020,2026-01-31 08:00:00,93.63880432818084,56.04875897052677,2.1327201771646225,64.0126678313036,1886.4071665499857,159.0,0
MAQ-010,2026-01-31 08:30:00,97.46431433134848,57.47956646098833,5.593680801087756,53.48217965940135,23798.01654683649,69.0,1
MAQ-006,2026-01-31 09:00:00,54.703597219278045,63.13460110108568,3.00324795635789,40.479078042287924,5918.1619019446925,173.0,0
MAQ-011,2026-01-31 09:30:00,83.68228593965168,49.70525617277984,0.5743718664354236,63.64977918029885,15151.306818808853,166.0,0
MAQ-016,2026-01-31 10:00:00,59.170081903949324,50.6350577425954,0.20755655946815496,99.65855516470447,39588.38600073654,33.0,0
MAQ-007,2026-01-31 10:30:00,73.36434099125387,85.73251624608795,5.1243656402103985,47.94182394147734,20928.01399249591,42.0,0
MAQ-001,2026-01-31 11:00:00,50.90571356890401,103.7898418392349,1.210717513394999,62.45090036324467,1464.1017331575702,55.0,0
MAQ-002,2026-01-31 11:30:00,60.33316352675926,33.321394926387214,1.2054811661326537,38.75536760814897,13971.56224700041,25.0,0
MAQ-018,2026-01-31 12:00:00,59.85629953954577,,1.721001711417555,35.81544456191982,26868.836537586965,197.0,0
MAQ-003,2026-01-31 12:30:00,83.47832920213924,37.7712490994533,5.206879240643838,49.254953413141976,9061.455596940092,37.0,0
MAQ-013,2026-01-31 13:00:00,82.01078682504483,53.14080852930601,6.824886202370144,56.000339767416385,38581.52455464719,194.0,0
MAQ-008,2026-01-31 13:30:00,74.15229593996231,71.12404919867063,6.723602826548451,56.888339181377,17069.21854584753,127.0,0
MAQ-016,2026-01-31 14:00:00,49.74367872916922,65.6425529568689,0.495847835462654,60.479499698415474,941.3835390341502,28.0,0
MAQ-002,2026-01-31 14:30:00,65.3254084907542,58.09656046204843,1.6548759190101061,32.033347185932605,21668.58996805706,202.0,0
MAQ-018,2026-01-31 15:00:00,58.80825275585911,64.52083984524218,1.4191735074068872,52.48107576986055,27079.966011666227,41.0,0
MAQ-014,2026-01-31 15:30:00,83.04513635041737,42.542449180689346,5.2041676048168535,75.0351694680735,18294.047964364254,239.0,1
MAQ-009,2026-01-31 16:00:00,87.67277279225777,50.60579010845286,1.6789743202341434,37.83509854210925,37134.01650697726,3.0,0
MAQ-005,2026-01-31 16:30:00,85.84578379046324,,2.8316696794236424,57.89708610309858,36087.093481877695,149.0,0
MAQ-020,2026-01-31 17:00:00,58.67170870874469,26.484105900306652,5.547526648797595,70.85687519876136,5644.506918795038,75.0,0
MAQ-007,2026-01-31 17:30:00,28.907003165657812,34.09641631499327,3.2851295716121713,49.354661559526605,3289.931877043829,128.0,0
MAQ-010,2026-01-31 18:00:00,43.49557152804918,34.81181089700214,4.081025745175932,71.83048792321695,12561.12899748853,201.0,0
MAQ-008,2026-01-31 18:30:00,91.32440467123313,68.75394802630794,2.7489614605793284,34.57747441229938,24364.49322448069,188.0,0
MAQ-005,2026-01-31 19:00:00,63.98117591020264,59.416389074303495,6.337434972436456,82.76899145864411,24103.653041182046,67.0,1
MAQ-009,2026-01-31 19:30:00,58.73913072602331,65.99910160133098,6.78636387534277,72.31601466187392,10938.559679028425,15.0,0
MAQ-004,2026-01-31 20:00:00,94.6399044015435,21.88621018355564,4.664406671333471,66.11330807018935,38048.911816402324,68.0,0
MAQ-001,2026-01-31 20:30:00,88.9773991823249,28.295799651071142,6.805565903245465,87.49636052611682,12362.53549694981,194.0,1
MAQ-006,2026-01-31 21:00:00,70.3667308287968,,15.585940580751332,58.413018815267705,32187.557500436134,123.0,1
MAQ-003,2026-01-31 21:30:00,65.59895363404038,4.983946450011089,5.478754638037071,52.642877750761755,33296.009205329596,182.0,0
MAQ-009,2026-01-31 22:00:00,,77.04332843679649,3.0839530501233705,92.45088568194492,4027.5572552009667,118.0,0
MAQ-018,2026-01-31 22:30:00,73.40744197581199,22.18029141658978,4.152249019555233,101.81531604469589,9378.861196015992,127.0,0
MAQ-004,2026-01-31 23:00:00,94.00070921979412,70.18020805464961,7.290624442492046,51.131245877644744,8686.141167214722,15.0,0
MAQ-001,2026-01-31 23:30:00,76.3370113635584,39.00547675437467,2.275312085901189,62.7251352578437,36794.0875393145,5.0,0
MAQ-003,2026-02-01 00:00:00,80.89043549558713,73.88026687308849,2.12218105972966,85.90085086522909,14109.086465163515,168.0,0
MAQ-011,2026-02-01 00:30:00,87.53905163605256,112.7468964504969,4.099585070407087,63.437099963784554,33475.20620232114,48.0,0
MAQ-006,2026-02-01 01:00:00,52.454859984633714,14.082802657819741,3.03918726963572,76.89177017475967,19172.91828687327,86.0,0
MAQ-010,2026-02-01 01:30:00,81.32292838711064,67.51678866149167,1.4058294883030884,80.60807194976765,18343.03986334141,88.0,0
MAQ-001,2026-02-01 02:00:00,,22.453071155312685,3.636322578926738,53.75390848886912,36146.51216797044,151.0,0
MAQ-007,2026-02-01 02:30:00,32.25857206340851,62.68184059991508,8.340199036644863,73.38549326800518,17691.96614705764,225.0,0
MAQ-009,2026-02-01 03:00:00,38.07745687021282,51.27810105606591,4.550750268766665,64.87614610980125,29819.591497513957,181.0,0
MAQ-009,2026-02-01 03:30:00,54.72823582721972,57.33608180431318,1.1492661018038615,40.66262813212475,17032.662321435648,153.0,0
MAQ-012,2026-02-01 04:00:00,77.96834842888872,38.58964702609174,5.092013522523751,45.206947071432,4164.6024893948725,200.0,0
MAQ-016,2026-02-01 04:30:00,71.70699348010444,69.04973997093701,2.562973730360873,51.951661512072626,2218.482300448181,122.0,0
MAQ-010,2026-02-01 05:00:00,72.76550060763496,28.929558916533143,12.297822790844888,83.57039701605208,8408.783061450045,34.0,0
MAQ-017,2026-02-01 05:30:00,99.26415224030038,77.34947073217732,4.803577901935416,84.22716324626656,28918.494645461444,117.0,1
MAQ-011,2026-02-01 06:00:00,50.963655777102815,47.63349448101671,1.937707882902873,79.99825836643235,15008.623832009738,234.0,0
MAQ-006,2026-02-01 06:30:00,69.58849968724415,29.751567806744387,5.370473845359417,73.80221406531236,18218.892497362263,187.0,0
MAQ-005,2026-02-01 07:00:00,74.56653284220724,83.70886282013257,3.837065042883911,73.2565261431288,4164.868300850176,83.0,0
MAQ-007,2026-02-01 07:30:00,58.955903251924966,53.78783224943524,7.799944943885264,70.5512089910966,24959.200231543575,77.0,0
MAQ-012,2026-02-01 08:00:00,70.42490117624412,89.33744746795648,2.112605321124647,73.15194110843268,32157.583595037882,220.0,0
MAQ-005,2026-02-01 08:30:00,46.00075998873483,76.98441032764016,4.795535939752987,74.50725167328405,25024.86143577404,22.0,0
MAQ-019,2026-02-01 09:00:00,91.14859325912542,40.63337731384417,0.7013449089772693,36.91155668545238,39386.10186482972,223.0,1
MAQ-010,2026-02-01 09:30:00,59.775781712043496,53.47018358313852,3.5169721850873357,49.19505708111523,752.0215213475992,162.0,0
MAQ-018,2026-02-01 10:00:00,100.47100247167754,57.178682913944336,1.1183574502197766,44.42156751035915,725.2261072957974,193.0,0
MAQ-014,2026-02-01 10:30:00,69.51288514123817,82.4734575997559,3.74200818248129,87.14290015308018,20050.223564290107,78.0,1
MAQ-007,2026-02-01 11:00:00,85.42080348098774,62.87531884060807,4.384503046504147,98.08200207167226,10729.681549194565,155.0,0
MAQ-005,2026-02-01 11:30:00,69.20045696513269,58.173267179736264,4.662147314118647,21.6190415917565,27491.765173505053,78.0,0
MAQ-015,2026-02-01 12:00:00,,51.40216743223046,2.109880061992424,96.29629223743322,31749.085126769984,4.0,0
MAQ-007,2026-02-01 12:30:00,61.239560001669886,54.0899733546165,3.5990607468412112,66.73442747063059,4187.192760441687,109.0,0
MAQ-005,2026-02-01 13:00:00,71.78685894049417,78.48265754220984,7.145848722350767,85.25439638317404,36701.794289574806,235.0,0
MAQ-019,2026-02-01 13:30:00,74.76998041621071,55.06669631435454,10.063378804382983,75.12934309169793,1293.9252184634345,58.0,0
MAQ-010,2026-02-01 14:00:00,58.2361223662723,47.89004911663285,3.69362785326168,93.80790107199842,27567.31671900042,38.0,0
MAQ-001,2026-02-01 14:30:00,,44.83887101895364,7.2813051261045665,69.19484866714993,15441.580573665837,221.0,0
MAQ-010,2026-02-01 15:00:00,60.84851700914329,45.03222723094908,1.5225144370639818,37.73091082374167,26730.824591114302,218.0,0
MAQ-010,2026-02-01 15:30:00,104.49496104422258,29.762272071230228,2.397235046222317,62.8865023245358,3995.6892322747713,203.0,0
MAQ-018,2026-02-01 16:00:00,68.65403845132572,41.49324445012338,4.005679675967521,75.31312092213612,37489.50474560767,234.0,1
MAQ-015,2026-02-01 16:30:00,93.17848227544839,81.97156496170581,3.0549441471605334,60.68077796931283,37502.59275961673,237.0,0
MAQ-004,2026-02-01 17:00:00,67.06566503788467,51.28121330978506,2.8082363096783736,78.15463444305341,20824.092485626858,220.0,0
MAQ-004,2026-02-01 17:30:00,73.88931462302362,67.67941003400978,6.763513738644903,63.68605222719112,20432.422909199267,231.0,1
MAQ-013,2026-02-01 18:00:00,50.17953892532096,10.382382677784982,1.302950236563701,53.0898136177026,25428.8466937668,178.0,0
MAQ-001,2026-02-01 18:30:00,63.29391112198203,65.22960356138583,1.430088165105907,43.280432333769184,23244.751126846753,75.0,0
MAQ-007,2026-02-01 19:00:00,73.1580200618387,52.09565132135595,0.9479028373305173,57.16369234933311,21787.5080164177,109.0,0
MAQ-003,2026-02-01 19:30:00,93.790057464398,46.33407958797084,4.096687193943425,69.09143299400655,23608.726840548734,91.0,0
MAQ-001,2026-02-01 20:00:00,73.32974166514407,58.25727923358037,2.5601424180545713,25.81216391488099,34359.34386992891,122.0,0
MAQ-019,2026-02-01 20:30:00,90.75580541789499,46.075145431383504,6.313148691349124,49.398471785699535,24481.56450527329,167.0,1
MAQ-002,2026-02-01 21:00:00,79.61093665304381,16.770251442009595,3.8385709499915706,25.06615910451203,7913.790756390114,58.0,0
MAQ-001,2026-02-01 21:30:00,94.41102009197029,71.60046294109488,2.0679297720649465,52.658502920439204,36565.09041113041,3.0,0
MAQ-019,2026-02-01 22:00:00,69.11436674042417,59.37431610426748,1.8048678589861304,88.94629468574448,8716.828681455547,144.0,0
MAQ-004,2026-02-01 22:30:00,105.85334065977706,49.34903581453867,2.910183794739123,41.277672365423285,6689.951622161891,238.0,1
MAQ-017,2026-02-01 23:00:00,62.719056956288156,37.60866330269613,1.1342886742566607,79.06319491722658,39882.60737964806,206.0,1
MAQ-001,2026-02-01 23:30:00,58.50307248703496,28.54256471007157,6.874801839649182,121.9765025462464,8615.326108675827,2.0,1
MAQ-004,2026-02-02 00:00:00,51.84920725466449,59.030068727225036,2.458921892354099,94.070762625147,4093.7250105103544,143.0,0
MAQ-003,2026-02-02 00:30:00,104.96537007337105,84.04193728405646,0.7847875942813507,67.67026760782423,22524.087713685094,127.0,0
MAQ-015,2026-02-02 01:00:00,82.29171358926847,58.65699658133869,7.83311799006137,82.16868911592965,33105.03037263222,101.0,0
MAQ-013,2026-02-02 01:30:00,64.98818899929537,30.11029109032913,2.9447628974027014,37.606343951264165,2523.953722545756,160.0,0
MAQ-010,2026-02-02 02:00:00,999.0,59.052101086691245,5.069439452354243,33.53170693178892,19655.156591209106,102.0,0
MAQ-005,2026-02-02 02:30:00,80.31538277676673,54.0398266795589,2.093191902481092,65.57396218158787,2833.2433842338655,219.0,0
MAQ-002,2026-02-02 03:00:00,99.49191207063386,70.55278526933614,8.018185749718956,72.97221126936823,17204.77560378239,217.0,1
MAQ-012,2026-02-02 03:30:00,46.78250750890133,65.92119719341107,1.5961725528895072,86.88808568498482,13824.009137935967,154.0,0
MAQ-005,2026-02-02 04:00:00,66.01959837528618,1.2551943860213726,2.559160349990584,53.6247571719737,5571.4637835089525,110.0,0
MAQ-012,2026-02-02 04:30:00,63.06217924085762,64.81435967971223,0.5347901167784301,68.86790968723292,37247.73883486561,143.0,0
MAQ-014,2026-02-02 05:00:00,40.39475985387098,,7.885032211598683,68.1822311310595,25431.990480149318,216.0,0
MAQ-017,2026-02-02 05:30:00,85.90490807169542,29.408882653923417,1.8747417854928965,62.37211788847066,33737.946393070466,72.0,0
MAQ-010,2026-02-02 06:00:00,65.94405166294962,51.60747861327585,4.169036616066043,63.550502477319974,36247.18671434224,208.0,0
MAQ-001,2026-02-02 06:30:00,81.09446807479843,62.39747996254021,4.613107410882611,47.90590994720879,37214.39470644065,141.0,0
MAQ-006,2026-02-02 07:00:00,105.39657901494417,25.466777014837163,7.0220920453463975,70.59414816769926,29949.77319313821,15.0,0
MAQ-018,2026-02-02 07:30:00,64.70134462258588,67.68237550703593,3.938918844769095,68.90099960390157,12347.237777844472,179.0,0
MAQ-011,2026-02-02 08:00:00,63.68270526014267,68.7400992555688,3.0850895996643777,56.1997646808793,33174.4114923286,48.0,0
MAQ-013,2026-02-02 08:30:00,71.77996254585995,55.84557153339096,6.530124331559913,78.31548532047135,20855.29816813459,123.0,0
MAQ-010,2026-02-02 09:00:00,84.80871029475114,39.382774655913124,4.557377008066513,85.55663176864591,10938.991480888144,228.0,0
MAQ-004,2026-02-02 09:30:00,61.49930462034775,,2.7221077637638205,78.54752591950925,15492.375018757399,187.0,1
MAQ-018,2026-02-02 10:00:00,60.53557604301804,73.4667783684441,8.12708210234454,44.15113359878551,12118.818877847032,167.0,0
MAQ-016,2026-02-02 10:30:00,85.8578390536205,27.79799164307371,4.817604114259475,66.99291533723984,18701.541196120794,16.0,0
MAQ-020,2026-02-02 11:00:00,75.67958985757053,74.16046829474521,1.0410060478262344,46.77136874273096,31275.272011024394,206.0,0
MAQ-018,2026-02-02 11:30:00,39.32907605492769,52.02641513565214,9.135671994363774,66.93109492599666,19446.206939517084,80.0,0
MAQ-006,2026-02-02 12:00:00,51.61912300796338,53.27497900642857,2.0477584109196316,46.84926605960172,10787.55726583016,12.0,0
MAQ-006,2026-02-02 12:30:00,92.51853795740816,24.25442130256015,6.998130664431354,90.54326674709571,3587.3826796933267,230.0,1
MAQ-005,2026-02-02 13:00:00,76.02892424618219,52.35910065768544,0.8000494940162383,80.66662938039684,34244.667876470994,45.0,1
MAQ-019,2026-02-02 13:30:00,58.56706103444127,66.04453928820476,6.501957035573921,88.05978610684778,16753.007410376154,77.0,0
MAQ-012,2026-02-02 14:00:00,67.44385514147527,30.94461841866434,1.1060100756241924,86.03444180390993,17732.70956044725,34.0,0
MAQ-010,2026-02-02 14:30:00,70.19855009202506,63.97544561053322,,59.5880057685267,30572.490652279615,149.0,0
MAQ-020,2026-02-02 15:00:00,81.03600040420245,56.60222056622241,,56.48780512945149,34004.087185005905,208.0,0
MAQ-013,2026-02-02 15:30:00,49.626049077118154,43.412398951018474,2.7692999349819907,99.83447657400306,20494.681828189354,124.0,0
MAQ-019,2026-02-02 16:00:00,57.38576291994313,70.38411555684348,3.376122484260724,61.6976069965517,25331.476568962626,208.0,0
MAQ-020,2026-02-02 16:30:00,74.09433632295084,15.359378158385987,1.3485973333868528,37.90838715056002,9642.352351505442,224.0,0
MAQ-002,2026-02-02 17:00:00,68.50248129256825,61.24025347738676,6.036328758480958,85.1493346733165,37409.21102808445,209.0,1
MAQ-008,2026-02-02 17:30:00,78.57788773955065,84.14983284531925,4.016086080263367,67.87551336527441,22760.058595663504,39.0,0
MAQ-015,2026-02-02 18:00:00,51.557389039606036,80.9189765038119,1.5877159922500703,95.11888247957964,28812.2351307582,49.0,0
MAQ-017,2026-02-02 18:30:00,75.35693014406982,62.0165209696934,4.130792627111414,69.85939355961698,4657.100868667574,71.0,1
MAQ-003,2026-02-02 19:00:00,86.37375429066208,49.569746029644776,4.226216273411144,64.59997025306573,25513.145999072887,153.0,0
MAQ-007,2026-02-02 19:30:00,77.30227820723925,43.55555398214264,3.501523338562883,95.52241617549379,14821.096317900972,206.0,0
MAQ-011,2026-02-02 20:00:00,72.08667609642387,49.547335709698444,0.21450097706981341,34.23067309926026,18057.51270962175,75.0,0
MAQ-016,2026-02-02 20:30:00,68.56174596151044,64.78853046252232,2.456351193430734,53.292753907939854,27318.26509046187,159.0,0
MAQ-003,2026-02-02 21:00:00,57.47723270842747,40.46961150173051,5.972063470189257,47.25274056289584,31873.46897401695,44.0,0
MAQ-013,2026-02-02 21:30:00,68.92002111340317,68.63362872490686,4.912587920310493,21.098404428534316,14039.673009567767,130.0,0
MAQ-006,2026-02-02 22:00:00,88.89558779320609,93.39688932405983,4.807023876800751,82.46352856033207,34942.150404161766,187.0,1
MAQ-005,2026-02-02 22:30:00,68.21457240099812,53.88610176770689,3.993336176456796,53.85163172034122,8837.713137248633,94.0,0
MAQ-011,2026-02-02 23:00:00,56.65294015977385,30.800893540900503,6.46113184706898,83.1073608329315,22559.639507178465,39.0,0
MAQ-009,2026-02-02 23:30:00,62.616293668519205,30.794594566304568,2.0372022033045254,72.78172982469208,6135.492665356093,98.0,0
MAQ-013,2026-02-03 00:00:00,73.01275445913895,68.97817993080835,1.68172829918814,77.14284933255368,11641.06591853604,182.0,0
MAQ-007,2026-02-03 00:30:00,64.3972900422873,53.924568778712015,10.695185386148422,55.89201038318705,35826.91762895065,224.0,1
MAQ-017,2026-02-03 01:00:00,77.27954924594711,70.78295612915295,1.857597780236222,49.71503712029903,561.1153653906904,147.0,0
MAQ-002,2026-02-03 01:30:00,77.84265641123545,45.39458351513171,1.0037962782181842,66.79521750439442,36632.88642695333,161.0,1
MAQ-018,2026-02-03 02:00:00,83.33474770606972,69.95122385571696,2.7291882041870177,83.38336366616338,13203.241153163019,100.0,0
MAQ-001,2026-02-03 02:30:00,91.35339208397549,52.15061487790494,3.6003857402977553,63.99235989032516,27862.23725309565,222.0,1
MAQ-015,2026-02-03 03:00:00,84.93788086558541,41.814927004168915,6.489843530763958,50.96127354735415,3759.5599479232947,208.0,1
MAQ-007,2026-02-03 03:30:00,55.986414037780605,47.78202738155708,,41.01963817203283,25686.731347232002,233.0,0
MAQ-008,2026-02-03 04:00:00,56.446983301355914,33.45302160238174,2.443846631250895,69.08326030647655,36387.505062631026,207.0,0
MAQ-001,2026-02-03 04:30:00,68.86342785310264,90.80847205446901,3.350367649953062,53.91864930142925,22252.556823459323,131.0,0
MAQ-015,2026-02-03 05:00:00,63.23236964140878,53.265127355947236,2.1253048407407666,63.5651882522052,14548.647781510686,230.0,0
MAQ-004,2026-02-03 05:30:00,52.925099095585864,66.60125359627952,0.8105182690535228,60.22442435502681,31763.747041838134,146.0,0
MAQ-014,2026-02-03 06:00:00,63.374623087405084,45.33635560832561,1.0856535958549571,56.1113805063091,28537.744432426553,144.0,0
MAQ-015,2026-02-03 06:30:00,62.88230599571442,36.065299204363185,7.7166752667539,70.87607121519025,4795.933180785265,157.0,0
MAQ-017,2026-02-03 07:00:00,59.92228390358191,50.79015080347717,,76.09008168288214,26661.491321377795,44.0,0
MAQ-015,2026-02-03 07:30:00,65.26315770767492,74.82146560082558,3.262634817905207,104.30557889301568,26619.768258786695,201.0,0
MAQ-007,2026-02-03 08:00:00,87.67676275477497,45.6268277548309,4.901221054788433,80.15935429369024,30101.65457765195,87.0,0
MAQ-015,2026-02-03 08:30:00,72.98857061873859,39.33042449087053,5.670192225841872,96.8736465894828,12720.643919096236,158.0,0
MAQ-017,2026-02-03 09:00:00,107.07713614083204,57.798356398644586,1.9438037484485642,48.627992571965265,16110.99146746776,202.0,0
MAQ-007,2026-02-03 09:30:00,72.55762279029474,63.98240681291939,1.3353391785684638,32.981104585459526,38405.518455778896,27.0,0
MAQ-003,2026-02-03 10:00:00,65.64901339094122,84.5712670393573,7.182313100749682,64.71139488559683,22980.93113903393,72.0,0
MAQ-018,2026-02-03 10:30:00,70.061993239823,61.36750861070491,0.30068977291800153,82.16054488298198,20389.34858621597,226.0,1
MAQ-003,2026-02-03 11:00:00,73.8473796766531,66.59186821356224,4.9574177601839144,79.02323436318859,39475.30271886369,86.0,0
MAQ-012,2026-02-03 11:30:00,76.52880935756596,67.94695426456579,3.8210093219069186,89.22763144653149,9259.349512652623,158.0,0
MAQ-005,2026-02-03 12:00:00,101.15066988788536,34.245723125212656,6.697121754291417,14.269092820295874,15977.682711346906,134.0,1
MAQ-003,2026-02-03 12:30:00,57.32019302533647,37.6600227315482,5.088441945174251,90.05953789768415,30419.35410767198,208.0,0
MAQ-016,2026-02-03 13:00:00,82.88569087266603,35.48986678709829,4.878826857872875,71.70925252859281,28552.713193313175,122.0,1
MAQ-003,2026-02-03 13:30:00,73.11625896421185,31.02137639755038,1.4654039904569598,34.11973309749975,38671.3556587277,101.0,0
MAQ-014,2026-02-03 14:00:00,46.433533861440736,69.31827774766727,5.823107126257778,79.47057693457612,26206.58359804306,3.0,0
MAQ-014,2026-02-03 14:30:00,81.56048173142145,60.22090164994759,4.5272813517014345,68.38965153665927,12592.48943262257,113.0,0
MAQ-002,2026-02-03 15:00:00,89.01435341205857,56.43092913564609,1.6467030801339717,72.62458597156102,15966.313485481527,140.0,0
MAQ-004,2026-02-03 15:30:00,57.142353943338556,8.331102722759162,3.846848319545961,84.98218300630722,3679.545668269916,165.0,0
MAQ-016,2026-02-03 16:00:00,69.86599198162044,91.99858345513513,1.1922989589350266,73.60550736861431,36956.43830705098,187.0,0
MAQ-011,2026-02-03 16:30:00,44.119686069884445,38.903103925235996,2.916914667054765,35.543498030606294,5233.854107573076,186.0,0
MAQ-003,2026-02-03 17:00:00,51.11790310473495,91.93262960690123,13.62981806104159,62.13947460434182,21873.57859065026,110.0,1
MAQ-020,2026-02-03 17:30:00,85.7204436642588,,1.3917970607716839,32.647096582982165,16115.665472236971,18.0,0
MAQ-006,2026-02-03 18:00:00,63.003752409888484,40.37677914598233,0.8015484664853448,77.98123761117785,5455.522160006224,61.0,0
MAQ-001,2026-02-03 18:30:00,53.36795537592941,15.348711114826664,1.098909573341473,92.95940483168079,11790.390919629444,97.0,0
MAQ-019,2026-02-03 19:00:00,73.44190546687645,61.51824956696856,2.8840704535617285,40.17096074895349,25379.40373457459,234.0,0
MAQ-001,2026-02-03 19:30:00,62.163813528534654,35.17737722539782,5.3557261637314495,51.57072478935179,1346.9344953235448,184.0,0
MAQ-012,2026-02-03 20:00:00,62.93767513336696,35.685997226229624,3.4276828637531374,47.35261357755663,38642.98238071658,214.0,0
MAQ-020,2026-02-03 20:30:00,81.08989038512355,30.294744090860846,0.9275208533003075,55.92189456123326,36372.915157005016,238.0,0
MAQ-012,2026-02-03 21:00:00,52.5739996159848,68.99239112928153,5.3064017490506075,73.24846316397736,3475.5977084274705,31.0,0
MAQ-012,2026-02-03 21:30:00,56.41952180977252,67.80634572821585,0.46030423327835174,56.13861755797682,34747.30657932021,2.0,0
MAQ-008,2026-02-03 22:00:00,72.31119988223303,87.61661003941813,1.0368448876585687,78.0506034539805,13209.99162007505,137.0,0
MAQ-003,2026-02-03 22:30:00,84.54114686122308,42.65728082068648,2.0510515101696134,86.3075954015195,2793.4274961783904,63.0,0
MAQ-012,2026-02-03 23:00:00,88.57240452234774,58.93874867884241,7.009677792797683,87.03518522658554,12313.902088246636,208.0,0
MAQ-018,2026-02-03 23:30:00,60.024074194575654,31.79196644676487,,42.636378092607046,32374.611019269672,111.0,0
MAQ-002,2026-02-04 00:00:00,84.06065450379472,48.96929759076428,3.640661392917005,92.71857888945446,26666.674941500103,2.0,0
MAQ-018,2026-02-04 00:30:00,58.237865597943866,45.660784360938806,0.9439788611492371,94.32144569752478,9618.52806674851,53.0,0
MAQ-009,2026-02-04 01:00:00,97.393140203602,63.36009923491758,2.229040080669248,96.05359862474337,28795.14141515265,81.0,1
MAQ-011,2026-02-04 01:30:00,52.99343461870407,73.30639251552743,6.3176648721007815,61.843703605646084,28342.06246897051,6.0,0
MAQ-004,2026-02-04 02:00:00,89.92718216187596,72.839200434967,4.317227254934766,49.96315053379445,29740.168403927062,76.0,0
MAQ-013,2026-02-04 02:30:00,60.15270839771914,39.829379100083,5.445462001270261,45.31517617039831,21672.201039783213,129.0,0
MAQ-004,2026-02-04 03:00:00,100.198696821919,72.97242228321399,3.2461855068552743,42.96440226850362,32775.931519616046,214.0,0
MAQ-006,2026-02-04 03:30:00,78.86981093278726,54.206467532059655,6.365545581134132,65.23380813329737,25690.352496480846,155.0,0
MAQ-015,2026-02-04 04:00:00,54.75975205887667,49.15725587385373,0.9377149615106741,81.9570371298085,5103.4284688012585,22.0,0
MAQ-002,2026-02-04 04:30:00,62.1664228068624,42.24679323725947,2.8291778826079277,91.13116881974689,32429.213911437866,99.0,0
MAQ-009,2026-02-04 05:00:00,81.71771807835613,44.92115570149206,4.799950724017575,55.288857672752975,13018.347391274214,184.0,0
MAQ-012,2026-02-04 05:30:00,85.78966626423342,86.3616492315322,0.647693505766254,64.22623465839422,28230.885256072015,88.0,0
MAQ-003,2026-02-04 06:00:00,68.93926612413306,60.533393796892426,0.1367978101780542,62.91624893197108,27037.75507306305,135.0,0
MAQ-006,2026-02-04 06:30:00,70.669874214452,58.143013255021685,10.701591835966083,52.29439500269722,13502.909589364728,236.0,0
MAQ-007,2026-02-04 07:00:00,81.37529548966099,50.27955654633496,3.5709876252139234,79.71499059521238,6551.177973698418,33.0,0
MAQ-014,2026-02-04 07:30:00,71.9769764051623,99.02761500588451,0.5754348816591586,72.25696493246451,27828.82770882027,114.0,0
MAQ-020,2026-02-04 08:00:00,50.59742710992437,78.49018879923564,3.501894843187456,67.83646350239212,33976.03178786846,146.0,0
MAQ-017,2026-02-04 08:30:00,57.805389630397286,42.02088193362173,1.0524271953178623,72.1661087839185,33545.42954568795,191.0,0
MAQ-004,2026-02-04 09:00:00,73.52679914727497,50.07492901531676,1.4649843058808574,77.30902495914967,25097.543190468004,200.0,0
MAQ-001,2026-02-04 09:30:00,88.23223624746541,51.143598219323614,7.173852904989419,77.10874038260776,9173.550062417911,68.0,0
MAQ-002,2026-02-04 10:00:00,94.23973636243072,57.62569560908679,,48.23020087756285,12716.777695387751,112.0,0
MAQ-012,2026-02-04 10:30:00,81.69294131157176,42.377932132634164,2.080318815632446,82.92657097485892,30209.644469481125,199.0,0
MAQ-004,2026-02-04 11:00:00,74.30936141554545,62.89869742051054,1.0184351048712799,70.10732235361118,16493.07179530642,201.0,0
MAQ-005,2026-02-04 11:30:00,81.23220828973716,81.13758637670766,2.489225927510177,56.3076761003947,29326.6469968804,197.0,0
MAQ-017,2026-02-04 12:00:00,59.998737246897164,31.35469403792506,3.7499011315396045,69.6845938289234,12447.054704465714,160.0,0
MAQ-018,2026-02-04 12:30:00,67.70153559612679,34.693358732342794,2.092750645752313,71.88954953450107,352.0980368156054,64.0,0
MAQ-017,2026-02-04 13:00:00,57.63803917990785,46.303146004648475,12.590442158097751,86.63567334328248,24179.25357978734,88.0,1
MAQ-006,2026-02-04 13:30:00,51.26886083938433,47.137679918059064,1.2852206720767159,44.076887430296395,24076.562568705485,157.0,0
MAQ-013,2026-02-04 14:00:00,75.00323517454308,90.97238574542675,,91.49968707308386,25139.431842921866,61.0,0
MAQ-013,2026-02-04 14:30:00,72.78269959877116,73.0307659602671,2.4065870357370565,65.46332712619655,10800.606867162427,163.0,0
MAQ-004,2026-02-04 15:00:00,80.3147872676352,71.99780233812875,11.605001833194954,54.87693498502803,32461.7309174324,123.0,1
MAQ-012,2026-02-04 15:30:00,78.19167746338671,50.24141751675879,5.5095967899836955,54.2648380028573,19549.92686933158,106.0,0
MAQ-011,2026-02-04 16:00:00,73.63966406985793,49.846358677837344,2.03355144995537,44.97264483314841,30519.2775684954,85.0,0
MAQ-008,2026-02-04 16:30:00,78.34924998516331,28.869302552222823,2.034975158677331,30.181702324865142,24482.62922861296,185.0,0
MAQ-016,2026-02-04 17:00:00,69.35975355658785,69.07132410486071,1.2387436132821574,78.54799760718407,16701.225510612596,111.0,0
MAQ-014,2026-02-04 17:30:00,76.19337092833601,63.83898288655814,2.348391410375886,104.61772800843929,27217.11118096042,73.0,0
MAQ-011,2026-02-04 18:00:00,59.10783395970461,78.1479525642091,,32.64769302328369,23041.596504881018,92.0,0
MAQ-015,2026-02-04 18:30:00,75.54558888458695,51.20506515958899,5.32961361104121,45.99144168139283,20477.374222575705,116.0,0
MAQ-016,2026-02-04 19:00:00,80.02626527929014,52.447975368392854,4.549082178372878,80.03166378290666,25977.564984180346,148.0,0
MAQ-012,2026-02-04 19:30:00,59.95477857891695,58.06081951409144,2.2840072834515057,64.08726182657153,3528.965157040482,237.0,0
MAQ-006,2026-02-04 20:00:00,70.7774814848927,71.05415635912772,8.830362173869393,81.68838484550298,36419.41746528161,81.0,1
MAQ-016,2026-02-04 20:30:00,60.645962355559604,28.53611880224538,1.7988948650373293,62.96558953702327,13469.773638686178,42.0,0
MAQ-015,2026-02-04 21:00:00,62.10239955225828,,0.7842418191661441,53.387450014672446,9065.249247122472,234.0,0
MAQ-020,2026-02-04 21:30:00,53.12605967346768,54.631079880889054,,60.483157786537376,30894.674671279503,35.0,0
MAQ-003,2026-02-04 22:00:00,88.98662387749833,35.94452917683347,6.810066245022825,17.35821155488074,9325.753294991477,216.0,0
MAQ-009,2026-02-04 22:30:00,,17.477096452226803,3.1462096605431875,42.1303130870307,39831.20796572229,34.0,0
MAQ-019,2026-02-04 23:00:00,78.06150781341006,52.54347318618964,0.9770980864688064,83.96558748437403,16877.652408381375,87.0,0
MAQ-011,2026-02-04 23:30:00,99.58293927915722,81.05883369893326,3.6488498990298823,88.83799688357689,11935.31390565942,239.0,1
MAQ-019,2026-02-05 00:00:00,67.16131455147412,85.14432400134511,4.005814054928483,93.12332110184633,2576.3963977803337,39.0,0
MAQ-001,2026-02-05 00:30:00,115.47643622665952,61.396771792061735,4.326082492771597,73.81738692896066,1767.9866768164236,38.0,0
MAQ-001,2026-02-05 01:00:00,66.58705876955169,90.31610194916045,3.7053616349955627,19.878622514274596,3896.1083895006814,146.0,0
MAQ-016,2026-02-05 01:30:00,73.82790027634024,54.22706050677859,7.443677519136662,52.29986941625717,300.80986960326345,45.0,0
MAQ-008,2026-02-05 02:00:00,64.03333129089688,72.15946392957005,1.2098023474233432,91.49311353097264,13150.890178297019,5.0,0
MAQ-011,2026-02-05 02:30:00,75.58488340090457,46.87784399968431,0.05654386574964628,97.46108477367108,12487.130564022156,166.0,0
MAQ-009,2026-02-05 03:00:00,82.53422391829366,45.737220892885325,0.4609706707396777,92.25295486014487,17260.66064299971,230.0,1
MAQ-009,2026-02-05 03:30:00,68.29125410420374,42.804835896148546,0.9625886252280571,60.27495070460401,9393.624637319814,182.0,0
MAQ-019,2026-02-05 04:00:00,96.65079770676431,,6.00200085105395,38.86848266850869,2603.3722019703814,231.0,1
MAQ-002,2026-02-05 04:30:00,73.58723926950191,78.16766067904442,2.488645782016134,64.18736820083036,2939.384865322655,126.0,0
MAQ-016,2026-02-05 05:00:00,74.05728079165299,43.450616095515706,9.30882592390631,65.29614036460525,7367.6403746768,147.0,0
MAQ-018,2026-02-05 05:30:00,56.365034582294236,40.574101964406466,1.1240575418606995,96.31129640182905,12731.922122077676,235.0,0
MAQ-014,2026-02-05 06:00:00,76.27748611825577,33.76050973097184,9.181685241073923,69.55582600244422,6004.882803598942,120.0,0
MAQ-008,2026-02-05 06:30:00,67.98959168785952,51.32153014234691,1.4801442058666017,65.33362357761543,14668.201162215732,9.0,0
MAQ-004,2026-02-05 07:00:00,60.8764040599407,86.74286159007536,2.762389320417917,66.46990296286917,36896.58411915171,57.0,0
MAQ-014,2026-02-05 07:30:00,58.352883877774545,92.68801931480891,0.5804617193672346,72.99717659525373,10537.96008023171,148.0,0
MAQ-010,2026-02-05 08:00:00,110.07645069635028,25.1043962355625,8.360641706577221,77.52880172123136,6819.13274880461,205.0,0
MAQ-003,2026-02-05 08:30:00,66.04784124731447,48.61993607242692,3.0737779850412235,50.509251319640086,26624.57249478905,145.0,0
MAQ-008,2026-02-05 09:00:00,48.145218688280984,36.381560138313425,12.966845533869167,43.84759210748862,19686.153414631874,97.0,1
MAQ-020,2026-02-05 09:30:00,59.52667810401141,72.79007934180736,7.030814406351817,92.41117042809397,1985.43523078936,77.0,0
MAQ-006,2026-02-05 10:00:00,69.22648240785679,60.15868385129068,2.707424480281208,32.17917411128633,31533.512513538913,163.0,1
MAQ-004,2026-02-05 10:30:00,78.20000548924727,43.54175210716297,1.7074330783078644,97.75494918409545,28642.184576965665,215.0,1
MAQ-014,2026-02-05 11:00:00,78.3219478258797,,6.192211514418747,26.786426054926004,39094.204633439615,66.0,1
MAQ-004,2026-02-05 11:30:00,80.14921827664789,46.40646481466125,3.3335632155773616,53.30917734337958,37538.434120535596,132.0,1
MAQ-019,2026-02-05 12:00:00,60.32709540044006,84.05642969874813,1.6255781285475428,84.43707941166895,23411.506915647235,102.0,0
MAQ-018,2026-02-05 12:30:00,75.10660665252318,64.84527127028869,3.5250812172890353,65.00683778156547,27472.249613866443,59.0,0
MAQ-020,2026-02-05 13:00:00,56.859108038341326,67.05682157649588,0.372103255019579,38.67046392476318,16439.322277074403,97.0,0
MAQ-019,2026-02-05 13:30:00,60.70535525478982,6.995485395407847,4.38777880638724,73.52856308251992,35549.84074250896,21.0,0
MAQ-005,2026-02-05 14:00:00,56.23436538249611,53.797803781081406,5.02512385464264,66.34008683600962,22157.072125453982,127.0,0
MAQ-005,2026-02-05 14:30:00,52.17416718102596,92.49779726306261,1.0846390298350486,60.67903423116044,13089.497920768314,25.0,0
MAQ-007,2026-02-05 15:00:00,85.96314233287013,78.87032326066031,7.583148577200425,52.521554184341845,478.7105271923433,113.0,0
MAQ-010,2026-02-05 15:30:00,80.32917551468331,21.752387453434544,6.498227580938134,64.307880009388,23499.34562258229,215.0,1
MAQ-018,2026-02-05 16:00:00,84.64998054967195,49.3583350116953,4.094171811723226,53.361567760952894,21064.812231544292,34.0,0
MAQ-015,2026-02-05 16:30:00,70.58969599036445,33.37264961346301,1.380198286017645,113.69065337698316,32493.89939673782,60.0,0
MAQ-013,2026-02-05 17:00:00,81.6521154829772,85.79982808653166,5.24543686856987,60.199656963664545,7561.4845896347915,173.0,0
MAQ-018,2026-02-05 17:30:00,43.58065893036183,59.397009080966356,2.3769522600694044,57.52486092361779,32634.510587108914,217.0,0
MAQ-013,2026-02-05 18:00:00,82.94631277068032,41.179679924834154,3.7769757726522566,54.16727709024422,709.8160491969866,229.0,1
MAQ-008,2026-02-05 18:30:00,72.65679745007546,55.6148429837342,5.6116169171211325,100.53901685676387,23533.80377021932,28.0,0
MAQ-009,2026-02-05 19:00:00,79.40664400223748,8.067420476767289,0.7995358462503428,32.21866244208867,15934.410809670755,57.0,0
MAQ-011,2026-02-05 19:30:00,75.70034948572919,35.47069653778162,0.5511733768689147,72.18864843798835,13327.66880156143,236.0,0
MAQ-002,2026-02-05 20:00:00,55.1941726819467,55.65598706487357,2.1838853955487694,60.21420056247191,17388.509089952153,121.0,0
MAQ-015,2026-02-05 20:30:00,47.5294033691343,70.2221566321598,11.519979278822175,36.531997907159756,9021.300299342998,200.0,0
MAQ-014,2026-02-05 21:00:00,59.31918750725555,20.056345829247867,13.328067504802481,48.61847344273768,7418.683558689009,3.0,0
MAQ-015,2026-02-05 21:30:00,78.47375921909368,48.13920446135627,4.314432885753335,71.33907987811665,32223.76467165784,27.0,0
MAQ-011,2026-02-05 22:00:00,80.35137122763093,73.1743432933388,6.626587320789327,47.71213560687825,9187.55617920283,49.0,0
MAQ-016,2026-02-05 22:30:00,49.480865839272056,28.8738401612811,3.17713066322571,70.19127856440086,29505.182580405002,20.0,0
MAQ-019,2026-02-05 23:00:00,55.28350948797678,59.125291026115114,3.5275295936006863,99.58306457372703,28483.28572326103,213.0,0
MAQ-012,2026-02-05 23:30:00,59.15146471088741,56.18754105590806,2.7597260561125085,68.4120135443467,1432.6765867093986,192.0,0
MAQ-009,2026-02-06 00:00:00,64.64042409599776,85.85884576641884,7.197518249537824,35.92975042951009,35254.78956548305,93.0,0
MAQ-003,2026-02-06 00:30:00,49.56923753721021,50.85754852399052,9.381030233531698,48.0640747630622,31595.269690725876,18.0,0
MAQ-016,2026-02-06 01:00:00,48.66922350789801,51.911189229248734,3.4634318083424565,59.29188522509476,31863.08325199303,25.0,0
MAQ-019,2026-02-06 01:30:00,57.67247055388669,70.38927555696439,3.5155280572221193,57.95529762010682,32386.722983539174,62.0,0
MAQ-014,2026-02-06 02:00:00,71.29380754337508,31.125723975111796,2.876933337481117,68.04027690231837,23343.873840095046,174.0,0
MAQ-018,2026-02-06 02:30:00,52.29108490369764,51.02410228208454,9.542641445925884,71.24885884156134,39735.89658882171,192.0,1
MAQ-018,2026-02-06 03:00:00,68.2629473504235,46.796949804870806,6.052373185925869,99.61055910237718,7248.170405050458,129.0,0
MAQ-016,2026-02-06 03:30:00,85.87829224212723,52.499587371308195,1.3492777834008296,64.92560669824212,2986.203644572824,217.0,0
MAQ-011,2026-02-06 04:00:00,50.47330393879735,70.27131608133108,11.28576746556691,41.956111062481796,28196.28214793894,222.0,1
MAQ-002,2026-02-06 04:30:00,66.90331362384191,64.97490673147911,0.20046187366176496,88.07612260497135,11828.09577208788,184.0,0
MAQ-001,2026-02-06 05:00:00,85.37135100626159,41.52371844648383,8.902466197041148,90.26049153562047,24368.505634809106,18.0,0
MAQ-005,2026-02-06 05:30:00,63.72597414454286,57.46058565988982,6.797348911748621,69.64886188011938,15728.894356259822,213.0,1
MAQ-009,2026-02-06 06:00:00,61.39495463712372,81.82794905380943,3.471885045992571,60.07211209582076,13407.613924190038,218.0,0
MAQ-015,2026-02-06 06:30:00,87.45243721459711,40.0354174216485,3.405841351485719,77.45092805098123,35740.62012133541,134.0,0
MAQ-010,2026-02-06 07:00:00,65.40696881542678,57.613002047146225,2.9961241887834444,60.7784037264094,5767.533998616083,143.0,0
MAQ-001,2026-02-06 07:30:00,86.56742537808351,51.52310781510469,1.4122536075556933,23.885821424450313,7640.5276103066,187.0,0
MAQ-005,2026-02-06 08:00:00,76.43448086690798,53.86590971493801,10.688294682551044,76.26948565944934,26746.85002951622,142.0,1
MAQ-020,2026-02-06 08:30:00,64.85733020635244,25.648162799510786,3.3265031403173233,82.84502953949155,31325.78040932868,82.0,0
MAQ-020,2026-02-06 09:00:00,77.19535795896296,80.39373137761967,1.388011823980213,93.8217446075866,33305.35823019837,167.0,0
MAQ-008,2026-02-06 09:30:00,74.80674270769057,41.0616657840127,10.253593852391898,50.384831140948705,9322.873682055852,188.0,0
MAQ-017,2026-02-06 10:00:00,85.31324231503712,73.4692954627636,4.680260879244709,69.52330631722546,35296.32538974921,33.0,0
MAQ-015,2026-02-06 10:30:00,61.77481693202472,43.815221055144804,4.889613573354159,69.95599115705966,24421.071191339757,163.0,0
MAQ-019,2026-02-06 11:00:00,70.6180910017243,43.740916265876315,11.838159040852554,66.70765119407629,32946.41491467033,41.0,1
MAQ-018,2026-02-06 11:30:00,69.07726480593044,76.83621850837841,5.391072241988719,67.2971207657243,2834.0254141084647,137.0,0
MAQ-013,2026-02-06 12:00:00,80.56222212459677,72.88992286260265,1.953106413209104,65.74272030753933,14340.084005818318,25.0,0
MAQ-008,2026-02-06 12:30:00,54.62231208333736,58.755986181351695,5.385118572037351,69.23498803165633,21042.072981177687,238.0,0
MAQ-013,2026-02-06 13:00:00,,68.70070989651376,1.5365279361837212,79.81362067990706,23120.58560003321,160.0,0
MAQ-007,2026-02-06 13:30:00,76.99493158255625,49.8060499553848,2.2893159967845262,89.40575049168632,4052.9550075408756,112.0,0
MAQ-007,2026-02-06 14:00:00,50.246123895505804,54.84938270105998,4.210195654781127,49.873351586127235,21592.463959626803,120.0,0
MAQ-013,2026-02-06 14:30:00,88.1239423822075,43.090760935651254,6.555996954764702,61.55397290423635,26652.90868041168,148.0,0
MAQ-012,2026-02-06 15:00:00,103.51139621196597,71.27316908740468,2.0535611847714637,56.54783760224686,14527.64392201044,29.0,0
MAQ-012,2026-02-06 15:30:00,85.02750954324112,42.51856003898766,2.9263907064328505,53.686552855998826,20079.495846797166,122.0,0
MAQ-008,2026-02-06 16:00:00,91.40477150839703,81.73281420888135,2.9013502894782808,32.679371693879474,11773.40022359799,171.0,0
MAQ-009,2026-02-06 16:30:00,71.28057072403882,49.31498497024316,7.366677502122993,65.48444911705924,34832.960847692215,62.0,0
MAQ-001,2026-02-06 17:00:00,45.07742620392235,55.369154152294016,3.4024022455077683,74.58640739090576,24008.343606932052,115.0,1
MAQ-013,2026-02-06 17:30:00,42.33819323248713,68.65710437177802,11.184604406486127,61.898004962022554,22095.82845582224,79.0,0
MAQ-012,2026-02-06 18:00:00,73.82623065801637,55.42955958141248,2.2878057733435355,64.8208420720583,37779.86129252063,38.0,0
MAQ-019,2026-02-06 18:30:00,61.1203178840503,49.63765034286442,2.132832056711963,73.36873855818263,26630.76779403836,234.0,0
MAQ-011,2026-02-06 19:00:00,56.28135582508973,54.45957793944751,8.792491275319,93.22239390327263,11264.95531742318,142.0,0
MAQ-010,2026-02-06 19:30:00,69.05879974046987,71.08873036403651,5.072352463891793,56.60470940953928,25705.947939638576,94.0,0
MAQ-002,2026-02-06 20:00:00,79.23377931791933,43.0686600015393,8.568944919131336,41.56775771332221,38468.77592046354,81.0,0
MAQ-004,2026-02-06 20:30:00,48.208636798567795,52.727733869081234,1.0457093160569395,63.19119706012772,1039.9744114992118,163.0,0
MAQ-007,2026-02-06 21:00:00,63.26683569579423,55.18516109207456,3.3397013700183615,102.67122526739891,25100.981179738672,25.0,1
MAQ-008,2026-02-06 21:30:00,92.64806024680473,70.56253351949782,4.206075939434616,41.781988831432244,6357.714939369328,136.0,0
MAQ-008,2026-02-06 22:00:00,53.87067429667938,53.20278327031414,3.986966625408055,78.00271391160568,32676.73449154893,55.0,0
MAQ-008,2026-02-06 22:30:00,83.04641780747434,87.549383700887,2.964488279599104,88.15826458570228,25663.312732686154,213.0,0
MAQ-016,2026-02-06 23:00:00,62.72903857676509,52.18230560112829,3.926530068256031,17.689315612114797,37485.8807694857,188.0,0
MAQ-003,2026-02-06 23:30:00,78.18690639774928,50.721694508704964,4.0859334551690525,73.2044504721697,26816.156697687453,181.0,1
MAQ-007,2026-02-07 00:00:00,86.45991260804301,51.92142181088083,2.082027668176776,77.0682127414619,787.033836990023,34.0,0
MAQ-004,2026-02-07 00:30:00,81.11922650477533,31.30045428415582,7.159752666562991,59.653295972402915,20463.11839159329,19.0,0
MAQ-007,2026-02-07 01:00:00,83.63739403320815,36.33891675834367,10.33592837967061,52.07122877820566,36156.3557382846,110.0,0
MAQ-014,2026-02-07 01:30:00,52.72609699888066,45.44799598469632,5.718134219235972,53.1867529495204,9368.889866436031,85.0,0
MAQ-001,2026-02-07 02:00:00,86.70489560111949,75.44493727930234,4.571039707617541,58.42863008248757,3407.566526777406,173.0,1
MAQ-007,2026-02-07 02:30:00,57.2096032804777,54.40373093148382,3.1744512236837603,58.95807936624446,28823.525981951487,170.0,0
MAQ-001,2026-02-07 03:00:00,73.89312648357307,46.27640458691728,4.180142027412981,55.184459144864654,20150.091820870886,95.0,0
MAQ-020,2026-02-07 03:30:00,73.87369280495841,,4.500992153154208,58.11049494635108,1999.050929648594,38.0,0
MAQ-015,2026-02-07 04:00:00,77.27683838304371,82.92118839206069,1.417173430815025,88.81583647693256,11268.61777433302,77.0,0
MAQ-005,2026-02-07 04:30:00,75.05435014090286,77.59688429633968,6.91621895122438,40.7114244216973,13137.271040959502,120.0,0
MAQ-004,2026-02-07 05:00:00,57.34285032212915,39.644380049767165,2.420548737814199,30.018831534568193,26747.67297170133,60.0,0
MAQ-002,2026-02-07 05:30:00,49.75198881556426,46.085524836514196,9.112743957545005,89.1357021446863,18916.84880635957,76.0,0
MAQ-010,2026-02-07 06:00:00,83.08523019942653,87.64724926566494,3.828691521309704,61.15964481318836,19538.894029787298,57.0,0
MAQ-016,2026-02-07 06:30:00,72.78751866278374,59.3405144560004,7.000069356380691,57.23535415034928,32283.48761382364,15.0,1
MAQ-012,2026-02-07 07:00:00,87.24065261436726,50.18271283187059,5.657666136690774,62.77565752534662,11208.842230208378,144.0,0
MAQ-018,2026-02-07 07:30:00,69.32900598718199,67.93026330395507,1.0595611585819336,69.18553401558253,26935.65238885483,239.0,0
MAQ-007,2026-02-07 08:00:00,,73.13138321244602,8.564446247116537,54.518975457632685,14765.536462666125,228.0,0
MAQ-006,2026-02-07 08:30:00,84.49194521506159,44.71390772329124,1.7847893523291647,75.11862255294606,16792.964897109512,223.0,0
MAQ-010,2026-02-07 09:00:00,64.4444408550834,58.94991925515877,2.2866282481941376,45.75474852382207,22280.50628551336,158.0,0
MAQ-005,2026-02-07 09:30:00,75.13005186131532,71.67808124590705,2.4597223255553415,58.963476443016276,27856.307511611456,179.0,0
MAQ-020,2026-02-07 10:00:00,60.28810857280721,34.11483137272265,0.6975163871472383,20.706074894304948,37813.29090988504,15.0,0
MAQ-004,2026-02-07 10:30:00,94.66452565350536,55.22221823367052,3.9642220861453623,88.4447426972755,10833.545386075091,48.0,0
MAQ-010,2026-02-07 11:00:00,56.85152763725205,34.940986245087124,7.306320121754099,61.47824606880741,4239.434263718808,169.0,0
MAQ-011,2026-02-07 11:30:00,64.93855368840738,37.295551055317404,8.962143918350273,78.40208183474317,17208.797714636887,237.0,0
MAQ-002,2026-02-07 12:00:00,71.61173054045975,44.864198605354524,2.9638614674763466,74.531491685325,21913.968352825148,217.0,0
MAQ-010,2026-02-07 12:30:00,53.61726509369563,63.58815168183047,3.3797086676983743,75.99627560742644,9197.343801165003,151.0,0
MAQ-010,2026-02-07 13:00:00,74.95779292881393,49.20359268451358,5.937816381813556,64.84448942851307,35630.78138119361,26.0,0
MAQ-006,2026-02-07 13:30:00,94.17865716201236,43.32847375056869,3.0301465175102607,72.7645478547835,31973.995933594324,231.0,0
MAQ-003,2026-02-07 14:00:00,62.643067589594345,55.92798213984926,7.763773696031455,45.77431174776112,19797.190146343535,76.0,0
MAQ-001,2026-02-07 14:30:00,75.92714228547588,34.354670891204265,3.2513573216788583,41.57642887540535,18057.55092811999,10.0,0
MAQ-001,2026-02-07 15:00:00,28.75846920942167,62.71845792101038,1.573198506520428,62.977881329894906,1725.576142514038,184.0,0
MAQ-010,2026-02-07 15:30:00,69.41606199272739,75.36496171524958,4.04213189607803,51.404472392084685,21521.900337773426,41.0,0
MAQ-002,2026-02-07 16:00:00,65.30436571110693,53.57432726221579,0.8525631192572486,93.50928346498853,23870.3091074131,72.0,0
MAQ-020,2026-02-07 16:30:00,57.72253596384422,51.35231812059625,4.001778458563786,72.5028885861422,35676.10807995275,162.0,0
MAQ-005,2026-02-07 17:00:00,86.22175704442799,61.72192635788025,4.583871554150456,50.67037219758922,20093.81282328464,231.0,1
MAQ-014,2026-02-07 17:30:00,65.10634477564258,18.487550461032193,1.7926387795465815,59.569191229888396,6379.359164857357,217.0,0
MAQ-014,2026-02-07 18:00:00,67.33783769359619,64.66271421876161,4.452249656656137,67.66013163976199,7284.270358811623,39.0,0
MAQ-010,2026-02-07 18:30:00,64.34210687816393,110.83394446740755,2.7453320022233796,63.63994087702166,6478.709999084893,42.0,0
MAQ-018,2026-02-07 19:00:00,41.24776192352385,52.79182801993503,1.7274168277360178,70.4349206586853,37547.54147481689,194.0,0
MAQ-003,2026-02-07 19:30:00,53.02020339884558,,,66.37309088924616,31756.231368680248,76.0,0
MAQ-005,2026-02-07 20:00:00,84.41640229180325,68.3849260017943,0.9565171589396887,37.1868650305984,33008.16844017014,18.0,0
MAQ-006,2026-02-07 20:30:00,38.350740296800424,84.61598802756332,9.745033756175665,21.981908649921785,33633.297400537114,141.0,0
MAQ-003,2026-02-07 21:00:00,58.50526975576442,72.54942119981443,2.6555993799139057,57.52781910216018,3915.8222393380183,157.0,0
MAQ-006,2026-02-07 21:30:00,64.00419915565354,16.19907618549609,4.502068108969574,76.20985410196715,28116.85656164632,239.0,0
MAQ-007,2026-02-07 22:00:00,96.15432800937347,65.14117907792945,2.94445067283264,57.75261930872842,28203.034829628803,116.0,0
MAQ-016,2026-02-07 22:30:00,81.52905648244554,101.29474261435014,9.908690319305927,89.73128226810451,9070.386146436724,191.0,1
MAQ-007,2026-02-07 23:00:00,61.6424420942035,66.20393884167038,1.7348903774793332,64.06226601402203,19677.564232545574,128.0,0
MAQ-018,2026-02-07 23:30:00,89.56770545673326,34.21716556110851,3.60667487943768,92.14392128503957,26530.99227632754,221.0,1
MAQ-016,2026-02-08 00:00:00,58.89226269248321,60.072933239535054,2.2735241496696696,88.03806878528611,35903.72383281396,116.0,0
MAQ-019,2026-02-08 00:30:00,85.13649705601009,31.947629475860793,6.946974905755963,86.02573730348934,4505.977886106343,162.0,0
MAQ-003,2026-02-08 01:00:00,49.616841311154765,77.19046640683948,4.466827090133464,40.92976731585999,35698.506844864736,231.0,0
MAQ-020,2026-02-08 01:30:00,86.09886747683736,37.79411341549734,3.5057940353509296,65.34281335946403,36904.35716709419,210.0,0
MAQ-013,2026-02-08 02:00:00,63.90799531793522,56.33638542445642,1.0919161429990987,89.45546974964628,36952.03240947949,96.0,0
MAQ-020,2026-02-08 02:30:00,54.572436385880955,39.55995996414674,12.92258171093392,70.44689449516076,292.9121949966138,121.0,1
MAQ-008,2026-02-08 03:00:00,66.74284580385529,45.16393496413616,3.012645167720407,76.08719809997936,8917.851032917271,142.0,0
MAQ-020,2026-02-08 03:30:00,74.16016269580322,81.7507116254889,1.4847457244124793,37.24225389768757,27680.684917412313,29.0,0
MAQ-012,2026-02-08 04:00:00,62.57877354211432,56.862228968086555,0.7354639728467772,103.37579861216133,12937.417261432276,56.0,0
MAQ-002,2026-02-08 04:30:00,78.30930258992986,44.93435547293704,0.923901972920404,49.17251194869167,2537.223331482925,170.0,0
MAQ-009,2026-02-08 05:00:00,61.25509174503899,34.38589652403899,3.4799464132164712,25.111497164996067,30541.389013915905,17.0,0
MAQ-003,2026-02-08 05:30:00,79.30558590897037,21.309373244810146,7.022798523154883,57.97748524349866,1240.828479356964,144.0,0
MAQ-019,2026-02-08 06:00:00,76.633330930549,32.47694859659164,,16.050322969578666,17896.25098449254,116.0,0
MAQ-007,2026-02-08 06:30:00,69.08615417938097,57.0152663459988,0.7830795538837035,43.297497104176664,37908.28602114401,116.0,0
MAQ-005,2026-02-08 07:00:00,63.379265314510754,72.64420783700794,3.4743447207725575,116.17023666208891,17665.289771926982,203.0,1
MAQ-012,2026-02-08 07:30:00,72.273111936479,44.91367313640038,8.51428304175634,57.3991844499356,36484.30268757198,65.0,0
MAQ-009,2026-02-08 08:00:00,78.2538061455055,83.26978481294226,2.5811592677446926,36.444256640404184,16419.269412575897,189.0,0
MAQ-002,2026-02-08 08:30:00,100.92698729097413,42.08499239989192,4.260003274555228,65.50595773132235,13932.775753168185,188.0,0
MAQ-017,2026-02-08 09:00:00,84.09130632697271,50.715788988162174,2.6746668071392277,47.04392509936049,4384.5738237010355,238.0,0
MAQ-017,2026-02-08 09:30:00,84.63984924723762,35.56761903392946,4.9701244223948855,82.2903839934786,14387.827270185247,196.0,0
MAQ-015,2026-02-08 10:00:00,116.32768292290424,72.83371122222141,1.7106995269585694,47.20910441227919,13545.760951870077,121.0,0
MAQ-013,2026-02-08 10:30:00,77.73937715151766,92.75519105280222,0.0348971190208903,70.41467420270318,33877.392320481704,87.0,0
MAQ-009,2026-02-08 11:00:00,77.26965266967554,23.28729470314844,1.1567782036849092,42.05881926255081,36804.61545121785,187.0,1
MAQ-011,2026-02-08 11:30:00,80.56022611482481,48.76908276457543,2.3195455055669263,116.98056289581106,975.0104215578625,222.0,0
MAQ-011,2026-02-08 12:00:00,54.8655103361762,77.76603724690062,3.209360118038451,75.07247440054628,4020.4307808253293,67.0,0
MAQ-004,2026-02-08 12:30:00,63.34147545371866,28.954980614339178,2.3980383728420334,62.08988405035065,25764.81583689831,88.0,0
MAQ-002,2026-02-08 13:00:00,,65.20031032547955,2.358061791917528,59.1408349873743,19441.241234810725,119.0,0
MAQ-006,2026-02-08 13:30:00,79.71420965829343,76.98649960373626,7.064147834242216,53.92800033501271,11945.45753837913,25.0,0
MAQ-010,2026-02-08 14:00:00,,56.40811865842307,1.3462526340264764,49.78173040384965,10470.291682681487,75.0,0
MAQ-004,2026-02-08 14:30:00,72.07335138211454,64.9047352769224,3.4923611443434264,49.23206547637628,9064.516121792933,39.0,0
MAQ-003,2026-02-08 15:00:00,86.31181930222697,86.69624295029693,0.8384672375713692,98.56657700923904,21065.48968339967,185.0,0
MAQ-018,2026-02-08 15:30:00,82.94726108056209,90.07167797382064,5.720866991621148,53.94772084557523,797.4494658376865,118.0,0
MAQ-008,2026-02-08 16:00:00,67.5741849543813,53.88459016537931,4.1691467383860585,22.41162186723158,29581.486621111424,144.0,0
MAQ-012,2026-02-08 16:30:00,59.950073546826665,45.4171987126138,12.756503141418785,41.68064558240211,12085.481514840169,19.0,0
MAQ-011,2026-02-08 17:00:00,87.02912097479782,38.44035800067346,1.2967426001739235,83.55449239998275,17130.574904299265,137.0,0
MAQ-015,2026-02-08 17:30:00,81.608367713648,72.58535470771682,10.231899688735513,59.95351886817326,21129.382693898136,172.0,1
MAQ-015,2026-02-08 18:00:00,45.90614772556927,30.30803995976257,1.4705974855357478,62.31836799727258,8533.248148833194,165.0,0
MAQ-006,2026-02-08 18:30:00,65.30269091637578,50.45366731615836,2.564820824321208,88.39628902838186,35359.73563220571,190.0,0
MAQ-017,2026-02-08 19:00:00,72.48273193025143,56.848415877180386,0.9918974269328078,49.456668216553936,27315.52088161286,27.0,0
MAQ-008,2026-02-08 19:30:00,81.68244575681547,45.94595477106242,12.646200208657563,77.64835444261809,34824.824048579685,131.0,0
MAQ-017,2026-02-08 20:00:00,83.65152242409657,60.03676477034423,4.649668287570855,51.64233700424815,19070.479150042964,115.0,1
MAQ-009,2026-02-08 20:30:00,74.2585900176321,101.16123972926965,4.68642016447636,76.51753273504667,17355.172273777447,214.0,0
MAQ-003,2026-02-08 21:00:00,,52.811225373762234,1.5993975420801085,57.17729498460683,9561.988483514751,165.0,0
MAQ-016,2026-02-08 21:30:00,70.9620520356723,47.16269870630698,0.2359416328798369,60.169016502886194,21839.130412177627,229.0,0
MAQ-001,2026-02-08 22:00:00,59.892224677291594,73.27597283887334,2.478704446107183,81.40267315022555,23767.226575384473,6.0,0
MAQ-016,2026-02-08 22:30:00,66.08103413438118,59.312505594619395,2.103304369098443,79.96049615364998,16854.942743969306,107.0,0
MAQ-001,2026-02-08 23:00:00,70.28486779960163,80.90804388180477,0.4950032217525332,61.69144029190831,5900.764156474294,168.0,0
MAQ-005,2026-02-08 23:30:00,69.47981124972115,57.964377156754935,2.616915021599874,55.56752660010429,10996.868045594565,21.0,0
MAQ-013,2026-02-09 00:00:00,41.71640643334794,50.528382256521404,3.4974148934697555,96.98295168963308,668.6352297429336,156.0,0
MAQ-019,2026-02-09 00:30:00,64.03774997605854,22.892952014298004,4.88405470817331,76.78661622995938,12833.636835934776,55.0,0
MAQ-009,2026-02-09 01:00:00,70.84308479633728,25.84477551138868,0.2899752081437933,57.177163826842296,23272.28316730585,17.0,0
MAQ-003,2026-02-09 01:30:00,65.77945012141448,21.957423572312152,1.055650672787889,51.9383127342049,38232.872803696504,157.0,0
MAQ-005,2026-02-09 02:00:00,66.29764306732622,61.82810499311631,1.6516274691615944,85.49795013884278,7198.0821759382,102.0,0
MAQ-018,2026-02-09 02:30:00,77.31987056206881,30.479509362385727,7.281512046708025,67.30800172106319,2313.0347680464392,97.0,0
MAQ-015,2026-02-09 03:00:00,,77.60039258654889,7.18520942960134,61.72894009747827,11922.820386071338,78.0,0
MAQ-003,2026-02-09 03:30:00,45.57936679073183,55.544438167407165,4.464358468484775,67.29950351125187,6356.2281569272645,164.0,0
MAQ-008,2026-02-09 04:00:00,64.77745313744988,50.60463545616996,2.5788652142289554,71.75593749273983,27851.20797607284,148.0,1
MAQ-006,2026-02-09 04:30:00,81.46171608252685,39.81060864632191,7.596190008629392,63.86621705138457,329.3916646139586,160.0,1
MAQ-004,2026-02-09 05:00:00,95.31329559229958,66.20065746886371,4.065030761778069,89.07373733685989,39236.59698168789,189.0,1
MAQ-017,2026-02-09 05:30:00,81.7319235864211,40.519039248236595,7.304935215947074,90.18676952423974,34241.1003429678,145.0,1
MAQ-013,2026-02-09 06:00:00,47.97604360196729,37.26319592674214,4.617847320033642,75.637762384036,19677.756623807607,17.0,0
MAQ-004,2026-02-09 06:30:00,66.51449140934844,76.39029857089628,0.5847776008810328,92.49437980991254,36845.59457029559,37.0,0
MAQ-014,2026-02-09 07:00:00,73.84951571622294,61.38318089395041,0.23048219721123264,65.16993536276443,25159.567373025355,237.0,0
MAQ-009,2026-02-09 07:30:00,72.66386675385388,50.7712702915311,2.366383934732734,78.8066201000923,39751.21857989786,68.0,0
MAQ-002,2026-02-09 08:00:00,78.0895682941431,66.54579372520689,6.226519424627116,85.08912637743883,11204.417436237749,102.0,1
MAQ-009,2026-02-09 08:30:00,56.24426580308859,55.160773715992576,2.0797143796711075,85.3807656003322,39876.55509043879,90.0,0
MAQ-004,2026-02-09 09:00:00,70.97414631326114,61.89423670813031,8.623112881923648,83.31998295476689,7291.866955670683,237.0,1
MAQ-005,2026-02-09 09:30:00,76.30484244664194,40.29673775724181,5.8317264608871975,77.6237838816337,14201.39286879771,197.0,1
MAQ-018,2026-02-09 10:00:00,82.3850642995549,92.2671749603912,8.106742029325567,104.14256231276173,37419.43080556977,116.0,1
MAQ-015,2026-02-09 10:30:00,,44.56684058182795,2.422388541025787,54.20608429469018,14884.637181623366,163.0,0
MAQ-003,2026-02-09 11:00:00,,83.00829388509959,1.3911005592179508,61.895584248795785,8472.471445087676,132.0,0
MAQ-018,2026-02-09 11:30:00,29.4427347988999,51.600360712519425,1.2005457303491185,60.70979046699732,2473.5355083818413,154.0,0
MAQ-012,2026-02-09 12:00:00,60.67807048633339,69.52774808178933,4.943413373468702,57.63865710472381,6043.432567912067,228.0,0
MAQ-018,2026-02-09 12:30:00,62.133776605434356,68.21602298247045,0.6480918140929163,25.224559131701277,14273.415268815314,161.0,0
MAQ-015,2026-02-09 13:00:00,54.706232377488355,75.64333159270082,0.6985750363121092,92.49729611416495,16907.158893501484,27.0,0
MAQ-007,2026-02-09 13:30:00,72.48418225348978,39.86877327104539,1.9735961498476844,44.47919081907445,21743.80026336756,120.0,0
MAQ-011,2026-02-09 14:00:00,69.16081851932098,74.36143722301952,3.950342443441408,68.39629817492194,32562.160981634508,196.0,0
MAQ-011,2026-02-09 14:30:00,36.111791836335826,88.23591731640593,1.6770443704281772,36.56277644650227,635.2525077535274,9.0,0
MAQ-015,2026-02-09 15:00:00,73.23261953952635,50.34352637364657,7.19636296432381,77.41431461439477,33660.533636100015,85.0,0
MAQ-005,2026-02-09 15:30:00,56.07513803816459,55.6247092085582,8.186700223973034,49.29207928119604,23132.248786622054,48.0,0
MAQ-007,2026-02-09 16:00:00,77.28533438785773,45.57796043535723,0.10700151864404556,42.280761517818846,30283.474525551628,173.0,0
MAQ-005,2026-02-09 16:30:00,50.77223128407002,48.7641474606682,4.6834603182026635,68.88686928963412,30303.47090623022,33.0,0
MAQ-006,2026-02-09 17:00:00,70.4500980779641,85.80561038078483,2.08859844514043,50.98530839034743,36137.7869043607,149.0,0
MAQ-004,2026-02-09 17:30:00,65.75255006670241,36.923778529656325,6.42743695137818,53.51681807827254,3825.870332490492,15.0,0
MAQ-001,2026-02-09 18:00:00,74.54652827425495,38.04186120668611,4.8020888433524345,68.43579230399241,22903.460005420555,221.0,0
MAQ-019,2026-02-09 18:30:00,71.8704591647702,83.99621685545878,3.809538965145931,80.99978907268834,36370.27818295334,76.0,0
MAQ-002,2026-02-09 19:00:00,66.17253737467819,66.24187166599052,3.0092302392608543,48.63199024256576,28796.331930124947,97.0,0
MAQ-018,2026-02-09 19:30:00,46.95591528933633,93.16666448276544,0.7025537941500777,45.176150520170005,3953.737968711863,189.0,0
MAQ-001,2026-02-09 20:00:00,47.841880548084525,46.89210451913464,13.995424739403164,65.4696733336455,24597.1760041023,91.0,1
MAQ-016,2026-02-09 20:30:00,61.24169591361672,57.27306047027625,1.043069380869232,75.78505160516164,32015.248277117687,27.0,0
MAQ-007,2026-02-09 21:00:00,69.8758017410562,43.10781501210752,10.307062580037835,94.2551038372125,11066.985273597382,217.0,1
MAQ-011,2026-02-09 21:30:00,60.87628079201325,57.57942103565853,5.494786288554136,43.573408034125976,25336.48007716688,26.0,0
MAQ-006,2026-02-09 22:00:00,79.37817895869199,23.066259448882533,2.1810979475529653,58.640657974592386,33632.447633626354,119.0,1
MAQ-010,2026-02-09 22:30:00,65.81168621182475,67.32918201979015,1.9061661702653843,88.51572050150509,21002.29154073537,29.0,0
MAQ-010,2026-02-09 23:00:00,55.524809128307346,60.822533502862086,,104.46189072277437,7848.069313732482,167.0,0
MAQ-011,2026-02-09 23:30:00,65.82855560518136,53.96401607561346,3.4358729227709084,45.13818001382492,22032.31667245809,64.0,0
MAQ-008,2026-02-10 00:00:00,73.38789754474828,47.97344215720604,0.6362909357649246,50.223761603867004,23561.356932882445,223.0,0
MAQ-011,2026-02-10 00:30:00,74.87327078236876,38.894428227374206,7.484896186804921,72.62200189219719,16173.825612138986,48.0,0
MAQ-017,2026-02-10 01:00:00,98.17568697989694,68.0988324165897,4.105063613755203,53.44513715613825,27216.70331865113,160.0,1
MAQ-009,2026-02-10 01:30:00,59.96635989994871,33.92038025733868,3.2588759591317578,49.81536490980095,17389.982498066933,3.0,0
MAQ-008,2026-02-10 02:00:00,68.897820076144,64.21412641688637,3.5979363565310405,69.88941212737814,35108.46299741351,27.0,0
MAQ-003,2026-02-10 02:30:00,76.3918592022914,92.34012510657024,4.231577204662344,95.98839907479555,31685.85615373606,66.0,0
MAQ-008,2026-02-10 03:00:00,69.64865561198776,81.73938679559737,2.5258645157718087,38.81035409801228,32210.39744738109,212.0,0
MAQ-003,2026-02-10 03:30:00,62.4907278101702,27.907697031928244,2.8166653532364,94.96668215559026,21090.46054040409,239.0,0
MAQ-004,2026-02-10 04:00:00,46.76114235483635,45.33871491382055,11.059236044722144,53.504615628342236,7934.278041567756,147.0,0
MAQ-020,2026-02-10 04:30:00,62.33748161420477,62.58611332999608,6.973527748434873,71.91583842516397,29004.430582422432,80.0,0
MAQ-002,2026-02-10 05:00:00,53.89446380923299,53.7349254037417,5.32590391825312,96.8170144220372,2849.96192801932,74.0,0
MAQ-010,2026-02-10 05:30:00,44.100899783143326,29.81069707091642,2.1815970164622973,71.50647184604225,20751.23995250419,50.0,0
MAQ-017,2026-02-10 06:00:00,58.0648173749412,61.93568712652284,0.39513926842600616,59.05017903601623,2213.865351112545,81.0,0
MAQ-020,2026-02-10 06:30:00,54.29362418850318,54.81969588790661,4.884988743573876,79.36351245389478,21183.905625544765,118.0,0
MAQ-003,2026-02-10 07:00:00,78.75679817939422,89.45785735486807,3.5899717948222065,61.53667595335119,27468.29454824332,164.0,0
MAQ-004,2026-02-10 07:30:00,,50.44188335288596,2.765171622863118,75.42702099189229,16826.01003213001,55.0,0
MAQ-008,2026-02-10 08:00:00,56.441810656286876,76.02406093587864,3.1360153074653914,60.906380032443614,16734.43634551739,8.0,0
MAQ-012,2026-02-10 08:30:00,66.09657054155318,32.19240874366044,1.107689339266889,82.22305793978077,4999.474625938998,134.0,0
MAQ-020,2026-02-10 09:00:00,42.12636006831197,36.49583263786285,1.456343063173948,37.115366148995676,12143.799251404547,58.0,0
MAQ-005,2026-02-10 09:30:00,62.58490074725959,67.98991527657083,6.983361909344329,44.72956751812648,17826.521451341763,96.0,0
MAQ-004,2026-02-10 10:00:00,75.98472851053518,74.50715405093274,0.2675977296092947,36.821431502641076,34556.12933134601,170.0,0
MAQ-006,2026-02-10 10:30:00,82.37406834421154,37.76693093066093,6.296820317805938,63.87141141607321,35929.39810332915,215.0,0
MAQ-018,2026-02-10 11:00:00,59.304293774630295,55.43339331671041,8.888759236252708,34.40923562380459,38147.846070102656,128.0,1
MAQ-001,2026-02-10 11:30:00,85.77782290791279,30.1315748764766,4.809393644127539,51.163368498663615,4100.521515354547,222.0,0
MAQ-008,2026-02-10 12:00:00,47.264621177297926,51.738043126501374,4.636080871716484,42.849827908623844,11918.811369628615,64.0,0
MAQ-003,2026-02-10 12:30:00,51.28558301284311,70.06461014123427,1.4440213027996003,94.59352459077648,18570.225458258585,171.0,0
MAQ-004,2026-02-10 13:00:00,80.64492798456814,47.170747015549395,1.6575469663872233,45.18639295648322,25705.578593163085,235.0,0
MAQ-019,2026-02-10 13:30:00,95.06681842844871,50.51737529301155,2.3412019367792087,39.269085941533156,28141.659735019788,51.0,1
MAQ-001,2026-02-10 14:00:00,77.40147982275543,34.663682830671064,0.8824788107581388,69.96677067531539,31462.049915894768,177.0,0
MAQ-007,2026-02-10 14:30:00,69.39486420198982,43.32954855475134,1.5455972953403574,98.7364230912332,19885.36502140014,113.0,1
MAQ-019,2026-02-10 15:00:00,37.072243802166874,86.64599649185809,3.5798054221367193,62.6786584150863,22307.712238413103,211.0,0
MAQ-013,2026-02-10 15:30:00,39.663294159347814,56.31264805090839,2.2204458670130984,64.22561387045872,38426.77049315663,73.0,0
MAQ-002,2026-02-10 16:00:00,,36.95846020028923,3.827747827320925,90.81514922156953,9677.128363608865,230.0,0
MAQ-010,2026-02-10 16:30:00,64.62905995643239,49.33410490147615,6.965101329139782,82.56458676432892,32170.01374107857,191.0,1
MAQ-020,2026-02-10 17:00:00,53.41247226771823,26.246302819001883,3.804941531824584,73.50829969223786,28501.53957086243,169.0,0
MAQ-009,2026-02-10 17:30:00,70.98298871245076,36.74512554147618,4.67473438214246,53.35318543199613,5689.584485451435,7.0,0
MAQ-011,2026-02-10 18:00:00,71.72697051261714,79.48611530283617,0.6234804375548485,74.11915812573226,37067.01853945237,19.0,0
MAQ-011,2026-02-10 18:30:00,84.16623802810409,52.43531636104111,6.878052624300438,37.78431809294626,34228.71062944529,158.0,0
MAQ-014,2026-02-10 19:00:00,72.04903424519051,89.03314316982171,0.603831924116873,52.52648901214804,31202.235650579376,114.0,0
MAQ-004,2026-02-10 19:30:00,88.42591552501577,53.28373890707099,2.087810432076054,93.629253019105,5158.265991767016,77.0,0
MAQ-017,2026-02-10 20:00:00,70.1199104432322,54.35238346855307,1.1650049900820831,91.03985369482243,5672.854190604732,202.0,0
MAQ-020,2026-02-10 20:30:00,68.26997507788995,66.53609485375821,0.39822198554738647,73.74969398670751,27359.618482123118,115.0,0
MAQ-003,2026-02-10 21:00:00,85.96468279370774,6.893423520050781,3.6532190653857555,26.412925572466833,4380.073605646039,110.0,0
MAQ-017,2026-02-10 21:30:00,55.32338679937848,58.688907825764346,4.9776434775279945,40.835569440337,4621.29267552288,77.0,0
MAQ-017,2026-02-10 22:00:00,112.21671179899242,54.11824321490287,9.046629930268859,51.41055142771862,16071.150731468953,235.0,1
MAQ-015,2026-02-10 22:30:00,75.62886217250104,81.74870008327265,4.06643572987229,61.56601937322566,314.5777621473115,87.0,0
MAQ-008,2026-02-10 23:00:00,75.7124387925651,72.3642290949451,1.5366290513262875,39.99177698988074,28887.187772358193,62.0,0
MAQ-010,2026-02-10 23:30:00,77.87643960958897,34.59354966015759,2.1747434159166996,60.07372552835536,21654.25902767558,161.0,0
MAQ-017,2026-02-11 00:00:00,98.15704712997464,77.35849513529645,0.4823947044665867,100.34590476310711,3219.1485536645678,8.0,0
MAQ-004,2026-02-11 00:30:00,81.8876111750891,50.27833853954209,2.378483964810932,73.01671753717346,21788.95166364747,142.0,0
MAQ-017,2026-02-11 01:00:00,45.92416031494115,38.719841926671194,3.2210602325275253,69.37653257922074,2258.1061277894255,135.0,0
MAQ-019,2026-02-11 01:30:00,91.05205577151256,58.54785851568164,4.823269142192094,44.648891619630234,2920.7746293294726,58.0,0
MAQ-014,2026-02-11 02:00:00,64.88655130832474,51.35015159805127,5.808741757041121,32.22030426574986,19470.100987043013,184.0,0
MAQ-007,2026-02-11 02:30:00,71.60732609258986,82.69237565251343,4.706295789558027,40.43607148913924,20042.94769557424,10.0,0
MAQ-012,2026-02-11 03:00:00,50.811190417371,61.13119651284178,1.385562129848024,31.412217039179794,13625.891438438814,235.0,0
MAQ-002,2026-02-11 03:30:00,77.89303027185844,58.7018605759481,1.0284227836061828,66.50070524483019,24908.681186642083,205.0,0
MAQ-019,2026-02-11 04:00:00,60.22938564898672,71.21164749139791,5.510332928555281,72.67771608814718,15555.600265926163,42.0,0
MAQ-007,2026-02-11 04:30:00,71.50254456990211,74.67168912566882,0.379888687783079,45.69420094361307,23519.727102618195,118.0,1
MAQ-002,2026-02-11 05:00:00,65.73851491958825,69.10489169735139,12.092367989762945,67.95838679818294,14056.419002245406,47.0,0
MAQ-016,2026-02-11 05:30:00,98.87519202603778,80.55034251066917,1.6743836533180971,94.37987632464566,28627.181889893127,148.0,1
MAQ-014,2026-02-11 06:00:00,99.73390450218385,65.95628343244819,7.556552598524712,104.15394684694473,23213.516086636748,84.0,1
MAQ-013,2026-02-11 06:30:00,70.69769755322112,58.017726365080634,1.9643535954036861,80.40820701498437,6485.737519004879,117.0,0
MAQ-002,2026-02-11 07:00:00,70.95966567053281,77.30509711758452,5.064622008510216,61.50318992083313,27482.127321591022,229.0,1
MAQ-016,2026-02-11 07:30:00,64.39835550475728,53.3638694785215,1.0670485373915093,79.76208487752511,31379.04330908499,148.0,0
MAQ-013,2026-02-11 08:00:00,86.59009437254178,55.59843729420391,3.3768683521730956,92.03619967355922,2728.375311447697,208.0,0
MAQ-016,2026-02-11 08:30:00,65.06620194499934,85.98838451134446,0.5237188585553048,24.85543724418882,24437.42775249432,150.0,0
MAQ-017,2026-02-11 09:00:00,63.67994088031451,84.19463430319416,4.233220744582294,94.64138075592832,31638.143274921593,113.0,0
MAQ-005,2026-02-11 09:30:00,84.67889295497447,54.85283547538019,1.0479515645181356,54.10826358813875,4674.650621366277,3.0,0
MAQ-005,2026-02-11 10:00:00,61.92551357025026,46.8360716084989,1.2240953887603028,54.300740901250194,36075.93154742774,21.0,0
MAQ-019,2026-02-11 10:30:00,69.43367448327204,81.33712300375296,2.275728235756857,57.90144054828164,16650.471571484966,127.0,0
MAQ-011,2026-02-11 11:00:00,46.280338277335105,69.40753044247386,2.6907269774792173,71.4016827755151,29539.808861838854,120.0,0
MAQ-009,2026-02-11 11:30:00,80.5628551768475,60.68046257555253,4.828696942584475,42.77491492602467,35972.08888848777,120.0,0
MAQ-006,2026-02-11 12:00:00,99.11300408772803,49.206291216581,4.47694848279407,59.303719306180966,39586.522319724296,202.0,1
MAQ-013,2026-02-11 12:30:00,80.81838059199688,60.97053841686269,3.659979990357103,75.50554412995781,23398.61005484846,22.0,0
MAQ-016,2026-02-11 13:00:00,91.92698751320958,,,69.37142498547985,28200.52974727585,158.0,1
MAQ-001,2026-02-11 13:30:00,57.308467957340035,43.04191276768608,4.383530802134702,72.61629028722939,10142.816997285054,179.0,0
MAQ-012,2026-02-11 14:00:00,73.54486423042302,57.322761914570236,4.623406608011082,58.52062575237541,11672.850250196932,154.0,1
MAQ-020,2026-02-11 14:30:00,55.85260113445916,59.77763282151294,1.2131746810556596,78.87419904925315,34045.700133413535,56.0,0
MAQ-006,2026-02-11 15:00:00,66.58351681627985,48.242888795435846,6.629843592154775,86.1283224400571,15989.931755728347,97.0,0
MAQ-006,2026-02-11 15:30:00,81.58317216028757,71.26886239497132,6.060750605229631,84.92878624325422,32915.114781678705,13.0,0
MAQ-018,2026-02-11 16:00:00,71.52730919654948,78.1989830615978,3.7988474448765084,73.55220465686271,2118.8129000842655,42.0,0
MAQ-002,2026-02-11 16:30:00,48.810384660981676,72.45815848579743,5.903975980961874,83.77785217447358,8808.311529537204,192.0,0
MAQ-008,2026-02-11 17:00:00,50.2745634169337,50.02752906614809,3.1730106197939043,82.42121168229461,6886.7541499091,148.0,0
MAQ-010,2026-02-11 17:30:00,49.282541027638395,68.60478707539069,9.361958671520755,118.53015813368293,21129.992041128047,207.0,0
MAQ-016,2026-02-11 18:00:00,77.37178884909386,56.40330515428072,3.532597187291069,89.36134140097417,3313.16884750952,166.0,0
MAQ-003,2026-02-11 18:30:00,100.95841803485003,32.75657238581287,3.087122358543139,63.22511726729437,13820.430453110192,57.0,0
MAQ-009,2026-02-11 19:00:00,90.43687366000319,67.10912881295943,4.407573026396412,46.76641425306261,39451.17988303879,195.0,0
MAQ-004,2026-02-11 19:30:00,41.560222012809035,57.630369537225064,10.711337452667147,59.77719490481779,31789.263754344847,165.0,0
MAQ-016,2026-02-11 20:00:00,91.31613907104676,101.68386403724753,2.020088419885528,58.36430288800041,30447.59737550646,45.0,0
MAQ-013,2026-02-11 20:30:00,84.04600625521971,81.23087553901408,4.193101355255775,75.22845135451736,5491.076507677657,1.0,0
MAQ-010,2026-02-11 21:00:00,46.820500817068634,67.80070282482143,2.1542896855388673,50.99487509621402,14645.908352622331,183.0,0
MAQ-008,2026-02-11 21:30:00,65.45197574934254,59.485069023187236,3.0839651675903235,88.84354343040808,27255.460054361432,173.0,0
MAQ-004,2026-02-11 22:00:00,86.43283617243713,57.94700059104433,1.5303459607839949,37.208739882094086,962.8469660115111,21.0,0
MAQ-019,2026-02-11 22:30:00,78.25650266402178,36.93359073460407,4.533164682902918,32.34949727367167,17415.661989947486,111.0,0
MAQ-013,2026-02-11 23:00:00,50.36357421418022,23.698229910401608,3.307513648797466,62.29767984149302,37150.7325899887,219.0,0
MAQ-007,2026-02-11 23:30:00,79.16113233694291,39.29393603653183,5.81482002207982,48.14881901608977,3385.358295294353,190.0,1
MAQ-009,2026-02-12 00:00:00,37.93749105879118,54.14109367293225,6.992830213784648,39.83532292031407,36259.747614369415,196.0,0
MAQ-015,2026-02-12 00:30:00,66.65766736364183,17.100292992238288,7.747481612412898,52.25860089990315,7861.412818389338,94.0,0
MAQ-015,2026-02-12 01:00:00,87.06935154100073,45.20220773909052,2.2283842540752077,49.77028341842154,7645.378211430835,29.0,0
MAQ-010,2026-02-12 01:30:00,70.2759132335698,50.542965403760334,4.414118710020236,65.20268662468438,7897.894754665371,84.0,0
MAQ-007,2026-02-12 02:00:00,62.51593675057081,51.12232203726175,8.096163742072038,52.59058423371478,37257.11768389814,164.0,1
MAQ-014,2026-02-12 02:30:00,83.34019380658523,43.08897523261339,1.5195782067007675,54.21731283499855,24189.42527630714,201.0,1
MAQ-014,2026-02-12 03:00:00,84.62127722629873,48.85275134113479,3.5911674744262734,64.90268563557414,30056.478917345234,154.0,0
MAQ-012,2026-02-12 03:30:00,89.65059539300425,86.03008890622951,1.616336475215778,85.28483141470849,14719.663482778393,9.0,0
MAQ-002,2026-02-12 04:00:00,83.11513642669581,66.91861506683085,10.614558487255215,94.41490930977581,34942.712345327156,141.0,1
MAQ-010,2026-02-12 04:30:00,86.2206219090572,44.91458601583331,8.031916397645224,67.95535124968129,23319.291723006005,44.0,1
MAQ-013,2026-02-12 05:00:00,80.99362836156303,53.76973980948466,4.987965916447456,69.5108623754104,24033.41383494099,146.0,0
MAQ-020,2026-02-12 05:30:00,73.98292973674708,54.4903599582592,4.930583650617504,61.33625965408318,30117.609977917677,98.0,0
MAQ-011,2026-02-12 06:00:00,71.3426349964572,41.17680219267728,1.7617788770083846,74.62497240118157,30968.340671232556,127.0,0
MAQ-007,2026-02-12 06:30:00,66.44110421353896,41.15565608061062,8.695900900761877,72.80438721168278,27306.35650629297,143.0,1
MAQ-012,2026-02-12 07:00:00,,73.18943236588083,2.5881835226184124,91.51695366176824,4844.506350475425,153.0,0
MAQ-004,2026-02-12 07:30:00,55.67032736770287,47.44388120469731,1.9215622936337915,27.225907416891417,34682.391050055674,1.0,0
MAQ-002,2026-02-12 08:00:00,65.76978277097186,35.295465033444316,7.261649647489614,60.31004512575585,10509.874731802023,231.0,0
MAQ-014,2026-02-12 08:30:00,73.62178239403644,54.22347380675003,2.387368222116498,71.78379738255288,39848.14691788249,138.0,0
MAQ-020,2026-02-12 09:00:00,91.61218897006395,57.124175556324225,1.9931340085291258,64.47432084915778,15481.766477566869,121.0,0
MAQ-017,2026-02-12 09:30:00,69.37304158186731,19.49132396451097,6.057131199211722,46.21653935807776,4887.892174197213,90.0,0
MAQ-012,2026-02-12 10:00:00,85.05214436316496,54.26656555929053,1.120708109214631,39.01266641519045,12711.851453308913,25.0,0
MAQ-001,2026-02-12 10:30:00,86.18973484648181,,5.032811801249226,81.12644852057724,22984.016319667822,151.0,1
MAQ-020,2026-02-12 11:00:00,66.52829803466814,63.122128939392994,3.6230327013048975,49.8614829920717,15718.704904276552,87.0,0
MAQ-009,2026-02-12 11:30:00,78.92035317055276,95.13631207350949,5.701452457779637,29.90199016988796,33164.39938987192,217.0,1
MAQ-006,2026-02-12 12:00:00,66.34707937412708,77.51997068161923,4.635500132901017,82.13145720019796,27320.031187277003,157.0,0
MAQ-018,2026-02-12 12:30:00,89.83203841117715,81.08081244551536,,74.17965800892131,8616.677567602945,105.0,1
MAQ-015,2026-02-12 13:00:00,,105.40154684645788,3.887125834162116,62.68251805083529,21600.246868035487,7.0,0
MAQ-015,2026-02-12 13:30:00,52.142743679674666,68.64681271194276,2.3811985863690666,46.708968144779426,31522.526807909555,133.0,0
MAQ-006,2026-02-12 14:00:00,72.4228697823077,57.93526374278862,3.322179404704313,62.73117113259012,35660.226686947324,202.0,0
MAQ-020,2026-02-12 14:30:00,94.72168242735819,72.52732528176398,4.598847607687148,89.31175201038411,15858.27896283086,111.0,1
MAQ-010,2026-02-12 15:00:00,67.28153448179948,44.93374419889011,10.215736016461028,32.70601427942401,36986.142334042415,156.0,1
MAQ-011,2026-02-12 15:30:00,76.71572545142602,56.93835375090945,5.270837805317679,33.72044766520812,1535.181438816909,28.0,0
MAQ-016,2026-02-12 16:00:00,78.18818256608718,43.340902424590354,1.6772056821253165,52.44469354175179,27099.978966972754,97.0,0
MAQ-014,2026-02-12 16:30:00,54.45065651253099,62.16372203613187,29.644976371556673,64.4671262641359,31301.191319203437,190.0,1
MAQ-004,2026-02-12 17:00:00,77.66061923820271,43.265636415643236,6.791518648282144,55.07416204232439,17063.141087618013,101.0,0
MAQ-007,2026-02-12 17:30:00,49.09247271948061,42.63528700248908,1.5890126859166023,77.85633150334039,537.8815891611551,212.0,0
MAQ-008,2026-02-12 18:00:00,60.61563840397906,62.44251927589908,1.2218453800156546,86.77667888896694,27512.702894752136,98.0,0
MAQ-019,2026-02-12 18:30:00,86.13584451241289,52.52119406594979,1.007832308873112,70.57537549214936,13768.313277265841,194.0,0
MAQ-015,2026-02-12 19:00:00,75.35134435462537,20.304619557098555,3.187277604253361,76.20864687512208,6157.336892231308,154.0,0
MAQ-008,2026-02-12 19:30:00,65.43283288380209,28.799975416382388,3.2937185166902347,70.44199104047345,6368.640182980833,227.0,0
MAQ-015,2026-02-12 20:00:00,76.69691531867781,34.34920315369366,1.884119968980838,65.19016181830636,30789.645827669712,127.0,0
MAQ-015,2026-02-12 20:30:00,69.09861628367302,39.10650568994846,0.8622341551762741,39.128826003706095,7576.838026076386,112.0,0
MAQ-008,2026-02-12 21:00:00,70.18867753527749,62.45961993061549,1.2483527170373767,44.44016584794744,19415.522095872446,84.0,0
MAQ-009,2026-02-12 21:30:00,79.85227790080206,58.940899247289444,5.3477771761347075,37.98163046056146,38818.53545029669,156.0,0
MAQ-018,2026-02-12 22:00:00,59.08948389011302,74.17502869058558,2.6245960839322224,62.029904100778325,30376.866044946833,235.0,0
MAQ-012,2026-02-12 22:30:00,70.60504608332036,68.55043281295188,1.388148837402324,69.64556062508744,21933.026583717863,40.0,0
MAQ-003,2026-02-12 23:00:00,65.31597708090021,74.29425321128784,3.6132804648415746,36.014752304372465,21178.186569705565,224.0,0
MAQ-015,2026-02-12 23:30:00,46.215949380996165,65.95113144626421,4.155905895291809,66.45190094204015,6776.364917710021,234.0,0
MAQ-012,2026-02-13 00:00:00,56.1931636562605,58.77422756364682,,47.495673434795826,17912.300643109425,184.0,0
MAQ-011,2026-02-13 00:30:00,93.52309670595749,74.7883313611778,3.5087062610849973,43.616013129262825,5881.496190862783,139.0,0
MAQ-015,2026-02-13 01:00:00,75.7708497187785,71.5494302513218,3.102138491796847,52.493011668785826,3434.926397718637,207.0,0
MAQ-019,2026-02-13 01:30:00,50.14617547897916,61.769716615971845,7.683370721657901,42.59047003309907,4454.575714773458,62.0,0
MAQ-007,2026-02-13 02:00:00,46.894684362273836,77.87929367548256,1.2988110363990855,77.13318235918572,24303.785150405947,152.0,0
MAQ-009,2026-02-13 02:30:00,68.31754149834124,12.775811634938862,2.7852860270149566,61.63991163902145,7822.764012198066,193.0,0
MAQ-004,2026-02-13 03:00:00,93.41779799764723,49.7716628654719,0.46329343190682765,81.30428113975177,6058.886048144245,193.0,1
MAQ-013,2026-02-13 03:30:00,67.1986279779347,49.49577161826884,2.495190652363187,56.1300729578746,34698.52538766979,140.0,0
MAQ-009,2026-02-13 04:00:00,89.60499330106023,75.74829179466826,3.811486759836363,56.886278762326285,4968.3172330546695,92.0,0
MAQ-007,2026-02-13 04:30:00,75.27896156227986,83.28510994511385,6.014706502655009,102.46765281626911,28254.841044961082,227.0,0
MAQ-014,2026-02-13 05:00:00,77.0687568676884,28.896771336215274,0.48181403644718707,32.53879056639322,16738.31045968112,161.0,0
MAQ-009,2026-02-13 05:30:00,49.964192360431454,80.40100913468697,3.7257834094639026,90.68962486839399,23205.28153682188,184.0,0
MAQ-010,2026-02-13 06:00:00,84.06284382624636,33.91398665152716,11.247741004394449,98.09048075291653,1031.8810384306307,149.0,0
MAQ-009,2026-02-13 06:30:00,64.9760194408959,34.45812557990519,4.752377780231138,80.31634992522999,100.76765671149349,210.0,0
MAQ-006,2026-02-13 07:00:00,82.94638680416362,50.782857358107435,1.0766803066713615,58.390590612579516,32708.216906355086,114.0,0
MAQ-003,2026-02-13 07:30:00,57.7874502702083,49.27228350161348,2.499009960378342,93.53804143479483,19070.102224539674,131.0,0
MAQ-017,2026-02-13 08:00:00,72.65574021264868,26.948488965096224,4.866406401101605,58.564772802200025,2945.1467643227897,192.0,0
MAQ-002,2026-02-13 08:30:00,,66.69780352286621,1.9621554047074417,50.88428828578557,13803.898517302878,124.0,0
MAQ-007,2026-02-13 09:00:00,67.689500251362,67.22924364507884,4.059914247074875,57.23463311616673,20303.542006406344,58.0,0
MAQ-014,2026-02-13 09:30:00,76.06817789629235,73.97274873094608,3.8824485500766723,53.59612521762924,5506.18972619529,181.0,1
MAQ-003,2026-02-13 10:00:00,66.00404387211236,47.197804063998426,3.1503784653894016,46.067537501608356,21898.884196123752,90.0,0
MAQ-014,2026-02-13 10:30:00,60.26410370438081,54.28751113049592,0.9639788306051738,87.2001566821793,21197.153721506842,25.0,0
MAQ-015,2026-02-13 11:00:00,94.08225074190946,54.45231103175243,1.7807809862174273,49.53103294756433,24153.12313713461,89.0,0
MAQ-014,2026-02-13 11:30:00,85.73429299542164,85.38391794643236,12.014387077852861,64.40706022157254,32429.446029691997,12.0,0
MAQ-007,2026-02-13 12:00:00,58.58702882427735,3.9835939126020747,2.3643482091436145,36.12456221202392,16569.874654135787,210.0,0
MAQ-001,2026-02-13 12:30:00,78.5266645839192,37.77500171819614,2.6098706384530574,65.61621363498384,35553.545135556844,236.0,1
MAQ-018,2026-02-13 13:00:00,58.859817179482704,55.09973517025236,2.5985578102179288,41.88147911554522,19039.48274110653,63.0,0
MAQ-007,2026-02-13 13:30:00,52.229730345065136,35.45973577152095,5.910126679708973,41.390283541495336,18340.24367215108,219.0,0
MAQ-017,2026-02-13 14:00:00,85.50714162098464,50.35023356911989,2.717062409950714,62.81424179807834,26261.85936631878,170.0,0
MAQ-004,2026-02-13 14:30:00,44.43850561528892,52.730640345341634,3.207115661316298,86.1394453036187,24739.09649145887,229.0,0
MAQ-004,2026-02-13 15:00:00,83.90283870364811,43.16165004173556,3.7274723168243207,73.80827375479592,556.2540564811511,39.0,0
MAQ-016,2026-02-13 15:30:00,66.20916531140412,56.16044066984811,6.383554082938913,75.18240772265519,39298.98054994537,14.0,0
MAQ-019,2026-02-13 16:00:00,66.82680095379207,66.30668699964065,3.218851358386496,62.40165640041985,37713.474087164264,220.0,1
MAQ-018,2026-02-13 16:30:00,76.14626829434934,50.747203989441964,3.4967558782260117,58.28719469698965,11323.309105612576,64.0,0
MAQ-016,2026-02-13 17:00:00,78.71798217991379,46.84249478856276,2.0457743351429394,80.8228127698847,22387.4752726135,143.0,0
MAQ-005,2026-02-13 17:30:00,57.60485234756638,52.016231500230305,4.130618893865604,53.73645675358395,30842.358426227016,216.0,0
MAQ-019,2026-02-13 18:00:00,80.76588413125096,54.86614576037939,5.038777110773249,81.68868308895392,36826.66618150853,82.0,0
MAQ-014,2026-02-13 18:30:00,71.70055807037835,23.674247823980405,5.292208163051129,89.71893877868119,23477.67494096753,21.0,0
MAQ-004,2026-02-13 19:00:00,51.159178106979425,63.30797052330301,10.795204977367018,48.17226434048446,855.7113042334785,189.0,0
MAQ-003,2026-02-13 19:30:00,67.45188274630391,46.8819778699577,1.6697427274194847,51.111090087335846,27259.05010673609,108.0,0
MAQ-018,2026-02-13 20:00:00,90.71918523338388,77.70763134659893,3.3238446236117483,54.08608987170791,3813.814949071653,5.0,0
MAQ-006,2026-02-13 20:30:00,95.14892197368545,65.63896256156454,2.731619402590018,35.66074748493173,26879.993164150237,81.0,0
MAQ-016,2026-02-13 21:00:00,80.76022686413016,76.06119527595379,9.513669565944666,55.611945367322846,23538.361321022287,127.0,1
MAQ-003,2026-02-13 21:30:00,52.144847677474445,36.80193171313165,5.438234997510884,91.0289947443901,25662.71815380091,211.0,1
MAQ-006,2026-02-13 22:00:00,77.35910353683832,48.31504045862632,0.6926360413323062,44.08848915329305,7651.3821895174915,54.0,0
MAQ-006,2026-02-13 22:30:00,82.76291355788788,32.635747225766636,1.8983478071758542,91.50392217307896,19795.033526197058,124.0,1
MAQ-006,2026-02-13 23:00:00,80.88561974978083,42.30655823927213,2.47262557596515,56.33111084093846,24756.476099222473,43.0,0
MAQ-014,2026-02-13 23:30:00,81.77431433031877,77.53789764115464,0.8084897424931595,107.28071274205506,12081.687165425095,69.0,1
MAQ-019,2026-02-14 00:00:00,75.44894618871297,81.77483040260492,3.520559547479127,51.363738693691445,7346.768130797559,63.0,0
MAQ-019,2026-02-14 00:30:00,68.91381491754184,34.33360069351973,2.1232286091405257,62.12036100355681,8984.961481563336,125.0,0
MAQ-015,2026-02-14 01:00:00,60.87448756143972,46.7510019702889,11.112259722678871,46.796338696152006,34334.86509748019,159.0,0
MAQ-005,2026-02-14 01:30:00,41.53096722247756,53.628477903568914,4.105801144396357,51.24598452828347,18635.286459770527,26.0,0
MAQ-020,2026-02-14 02:00:00,75.09462650070026,65.54090155257606,2.3931638434387876,91.76358333716783,26476.82774136449,18.0,0
MAQ-011,2026-02-14 02:30:00,72.79079265478283,23.323415256343136,1.3806537089487811,74.4907337027796,20644.065679544907,175.0,0
MAQ-011,2026-02-14 03:00:00,78.36363764237224,26.145998532488107,3.105598238696565,85.57635558354899,33381.67734977587,70.0,0
MAQ-015,2026-02-14 03:30:00,49.93684460060659,63.813270589703244,8.965815209112964,38.68821398019935,20388.94519917672,148.0,0
MAQ-016,2026-02-14 04:00:00,79.6752503397259,19.917305759477358,2.7569823286978177,78.0965690631583,3823.679985573065,18.0,0
MAQ-020,2026-02-14 04:30:00,100.81817641931165,46.957646689500336,3.127134734033489,45.57113366559058,7999.589271972807,144.0,0
MAQ-012,2026-02-14 05:00:00,71.17675196166867,57.91765255405913,7.005570810014462,38.25362973934295,629.290065363645,218.0,0
MAQ-013,2026-02-14 05:30:00,69.07502021190189,62.48198745879611,4.0180913324177014,69.77532277707112,33277.81889408313,105.0,0
MAQ-015,2026-02-14 06:00:00,74.63503534128552,52.44907428021102,5.826452056658309,69.57076666822827,26564.586048976606,138.0,0
MAQ-006,2026-02-14 06:30:00,100.48505537065506,48.41637905714445,4.3222031480178105,66.06691572598301,30392.156533054454,70.0,0
MAQ-007,2026-02-14 07:00:00,54.64528357450163,70.20227547489662,4.145901413264923,79.35116825255331,28629.307364380405,68.0,0
MAQ-013,2026-02-14 07:30:00,73.04810400090858,60.133706674583635,0.6515760631759984,82.47132635267354,32996.73958059422,15.0,0
MAQ-002,2026-02-14 08:00:00,58.00513866553534,,1.2049027009121995,94.39458678387402,39480.083174378386,114.0,0
MAQ-007,2026-02-14 08:30:00,61.794929187325074,55.67901214028029,3.7036980239206225,41.193140033883296,26173.506063431858,227.0,0
MAQ-015,2026-02-14 09:00:00,69.2561453817709,61.89704240781147,,95.0403249090045,10165.397558121502,27.0,0
MAQ-020,2026-02-14 09:30:00,90.20984862420337,85.92827034612486,3.108196790834212,102.64622979391153,4145.462684172782,99.0,1
MAQ-011,2026-02-14 10:00:00,97.01485901033105,69.15382602924842,1.1001828935696456,57.67539967095931,23630.942342946637,200.0,0
MAQ-008,2026-02-14 10:30:00,76.7221321694006,76.862023407171,7.045046334203719,31.63016633853647,30853.206745104424,119.0,0
MAQ-009,2026-02-14 11:00:00,64.35107915464772,44.00906686660666,1.6694361732686958,37.33002173861764,22506.711396631057,182.0,0
MAQ-014,2026-02-14 11:30:00,107.39108299957778,45.56470768740995,1.3767707099550144,55.76297238132577,12211.835245392485,90.0,0
MAQ-011,2026-02-14 12:00:00,63.586682780057195,50.76316012936618,0.8687535703617437,105.28283180614844,28817.420431438863,144.0,0
MAQ-001,2026-02-14 12:30:00,61.43296128460394,52.41569236051305,5.249895031803812,65.34160000406358,17974.102593179618,237.0,0
MAQ-011,2026-02-14 13:00:00,43.3758543313191,36.855550759547974,3.1048192371812005,52.65631766496374,11534.905141563739,143.0,0
MAQ-009,2026-02-14 13:30:00,90.94137353867116,77.78680527802273,6.86721969673587,51.29195483285406,33659.271072174,191.0,1
MAQ-015,2026-02-14 14:00:00,84.52368388556941,70.90032947965825,2.0577937998993883,38.54555349988417,23103.099366616458,166.0,0
MAQ-018,2026-02-14 14:30:00,106.26708304174669,49.49779849657287,1.1744635632506062,82.4915205936078,11409.575115662969,22.0,0
MAQ-020,2026-02-14 15:00:00,49.157149716728114,66.55079168224937,2.996507190693551,63.15862510561831,13211.31293932486,38.0,0
MAQ-013,2026-02-14 15:30:00,91.87256211218664,59.01218493406908,7.826407108634216,106.99659019524864,22909.43810385197,145.0,1
MAQ-008,2026-02-14 16:00:00,71.05203277549191,67.95690365676475,0.6335132126200099,77.56418792852901,16974.651400278894,83.0,0
MAQ-009,2026-02-14 16:30:00,82.09150325200204,30.80247177653866,3.9505547666024454,81.5987263211454,6504.712813562604,116.0,0
MAQ-004,2026-02-14 17:00:00,45.28334288343294,52.378100682446174,4.253012234833651,60.15790338514644,24457.75030244399,116.0,0
MAQ-019,2026-02-14 17:30:00,92.02122733997946,53.95530649769568,8.715612663678847,43.17939323653024,27595.49163548459,190.0,1
MAQ-017,2026-02-14 18:00:00,81.79775126997745,66.22555779300973,1.5612860691023773,47.5283803934164,104.34097170903736,237.0,0
MAQ-018,2026-02-14 18:30:00,69.41634947820674,43.6881231787216,0.586169356096605,37.615061122218364,21521.085712125965,239.0,0
MAQ-007,2026-02-14 19:00:00,79.67669031491683,10.001246966516867,2.23582370667479,83.20789439636182,23128.743047314416,19.0,0
MAQ-007,2026-02-14 19:30:00,58.51757048436626,35.52940508170743,5.767832170732262,57.30169625508227,13349.355763735828,178.0,0
MAQ-018,2026-02-14 20:00:00,61.30839871627451,53.90113625720367,3.263186740881522,84.05001079184132,13615.37723562154,174.0,1
MAQ-011,2026-02-14 20:30:00,63.04833079561906,56.14991605905997,4.5873222240263924,67.71828804615127,12774.589404939901,207.0,0
MAQ-015,2026-02-14 21:00:00,42.20908207464583,85.30746620724972,1.247182268332441,59.14363288459108,17868.589926286637,102.0,0
MAQ-010,2026-02-14 21:30:00,82.9263774130505,65.48943593184578,2.6250270923043533,41.607943300629,32496.401166486063,120.0,0
MAQ-009,2026-02-14 22:00:00,87.8739042127385,56.46754502616681,3.3574987981304956,71.03265465925355,18814.140077007854,108.0,0
MAQ-013,2026-02-14 22:30:00,59.47983775354238,54.41695701793412,0.7428862857576795,60.6273396710641,39746.58339657432,89.0,0
MAQ-017,2026-02-14 23:00:00,75.22304523917228,74.87530087905446,3.342160889047657,83.04367855910843,15108.731123196634,59.0,0
MAQ-007,2026-02-14 23:30:00,66.01689288056146,44.378011861166115,2.4292972792899015,50.69178648248803,28000.56402107548,154.0,1
MAQ-017,2026-02-15 00:00:00,74.92410943121546,52.47489182066922,17.27406282118334,77.32215546994072,22003.73028849146,4.0,1
MAQ-005,2026-02-15 00:30:00,60.58634138183456,35.393353837510574,3.1617435428300964,97.81696832445074,30515.315982789896,179.0,0
MAQ-009,2026-02-15 01:00:00,56.74862265868546,80.54030887651547,9.041169796394557,70.4511182931944,35545.746303489555,201.0,1
MAQ-019,2026-02-15 01:30:00,85.78112329035613,62.064980866029046,4.562247210956735,80.70582905483762,20516.163395500666,54.0,0
MAQ-020,2026-02-15 02:00:00,69.04194122313261,42.264580671928975,2.8679785765979933,76.4378049235516,19829.720446227988,51.0,0
MAQ-019,2026-02-15 02:30:00,100.33163426280214,52.939809814270454,8.142958527083485,102.96182969035044,37714.489292751445,120.0,1
MAQ-007,2026-02-15 03:00:00,70.6946494719121,64.17371373771304,1.0773446856970694,72.43120843387658,37353.01694793755,203.0,0
MAQ-017,2026-02-15 03:30:00,56.108829394742614,50.487059570999044,2.193741941699502,78.9991770347102,39880.16951076977,27.0,0
MAQ-019,2026-02-15 04:00:00,88.40411314653909,45.37952880917318,6.012028987152533,64.27447942968087,6343.3890199830175,103.0,1
MAQ-020,2026-02-15 04:30:00,79.4620024621903,,0.27029265226046256,49.51222928634482,242.39207304757198,51.0,0
MAQ-001,2026-02-15 05:00:00,80.90309295544635,61.10131418634007,3.080240027509992,40.83648628637662,17548.681052716856,204.0,0
MAQ-015,2026-02-15 05:30:00,87.85901018301878,48.55502297420767,3.0595601301322084,90.3384813127335,29360.27251806591,211.0,1
MAQ-020,2026-02-15 06:00:00,60.20805559231308,46.83236077427057,3.854543472277574,44.8328125731492,3006.954804139113,20.0,0
MAQ-016,2026-02-15 06:30:00,68.09120036522069,30.950888409002697,2.64842792187021,79.91728999566864,15006.705123718095,34.0,0
MAQ-005,2026-02-15 07:00:00,67.4282525276831,56.397530377489055,5.84059465651606,73.32033260767523,23300.23312382533,37.0,1
MAQ-016,2026-02-15 07:30:00,50.63880194626573,51.737978101745654,1.6333536935368218,83.35570689791463,8580.642259541513,194.0,0
MAQ-003,2026-02-15 08:00:00,66.04614774762635,49.210329724444634,6.424492142695831,54.70575954833563,29272.56571135162,216.0,0
MAQ-010,2026-02-15 08:30:00,90.04569186815236,58.57787219479693,,49.18540171033579,9258.552433532477,89.0,0
MAQ-013,2026-02-15 09:00:00,73.5600715569077,68.46404072924616,4.0853837114114855,72.56743676199515,33642.81340703136,37.0,1
MAQ-010,2026-02-15 09:30:00,49.80908008232518,67.62817849492843,7.488019482753485,59.153166535849735,13996.106173350483,159.0,0
MAQ-014,2026-02-15 10:00:00,46.66240882502598,64.94911301619572,1.506694495861782,40.37943326787443,23986.073051144707,213.0,0
MAQ-005,2026-02-15 10:30:00,94.97164088122408,50.667934984557014,1.8572145731848182,103.77051084680693,21811.744883290237,218.0,0
MAQ-013,2026-02-15 11:00:00,68.64521484617305,44.794029953057645,6.582262945631704,49.171836680749095,11928.223987456391,106.0,0
MAQ-013,2026-02-15 11:30:00,60.28884691447574,36.20951845619613,3.6555187199485073,45.12734576029971,17618.95778999331,187.0,0
MAQ-013,2026-02-15 12:00:00,65.89012352654495,44.323182867914525,0.5943499365134984,60.15728463641245,33854.326366498506,229.0,0
MAQ-006,2026-02-15 12:30:00,47.84038368524002,55.35370171245825,3.7635616785999213,90.05717138315828,21978.936996473294,198.0,0
MAQ-007,2026-02-15 13:00:00,91.3464272426743,,5.154958374439309,21.665299137527676,2317.9197370107795,113.0,1
MAQ-006,2026-02-15 13:30:00,64.10420593620955,56.72902850411397,6.772653011024658,88.39767229150898,28549.988407760826,62.0,0
MAQ-010,2026-02-15 14:00:00,90.51102291607633,37.62177979758644,4.013080940434239,46.77052997087394,7379.854662068127,89.0,0
MAQ-012,2026-02-15 14:30:00,70.77477571670973,25.102145997873603,4.673382875218256,70.29050480216509,19493.904263923225,86.0,0
MAQ-008,2026-02-15 15:00:00,91.44297961852659,69.74931017556631,9.65351218323507,51.479860765523995,18794.7013402138,237.0,1
MAQ-009,2026-02-15 15:30:00,73.85041748564628,46.460537283414794,6.137309623942268,104.83833708004012,19510.828449156117,175.0,0
MAQ-006,2026-02-15 16:00:00,82.79848994303615,39.933394241969964,2.570093863996695,67.49240173284703,1337.458852407158,206.0,0
MAQ-005,2026-02-15 16:30:00,80.78639569132505,35.31075145664611,2.847307979391762,50.83816899317528,10968.301916136854,186.0,0
MAQ-014,2026-02-15 17:00:00,79.34936599377956,62.61464754514721,7.2784662043734585,58.97817356324619,2124.3453614838927,114.0,0
MAQ-017,2026-02-15 17:30:00,75.21901715774067,79.74833880642342,3.951921731586586,66.79274149803375,16656.772434573573,189.0,0
MAQ-006,2026-02-15 18:00:00,66.50723925826622,47.7446705018894,3.5241287296537602,68.55353215524401,24891.33541872,153.0,0
MAQ-018,2026-02-15 18:30:00,98.7315203735929,51.119859256073525,2.504598800315256,73.77524967042642,26197.55761580044,177.0,1
MAQ-012,2026-02-15 19:00:00,56.39594522356149,74.2893731180033,7.087694175441403,64.9719078463537,2675.465346015068,72.0,0
MAQ-004,2026-02-15 19:30:00,70.0646146351474,22.41197732155038,1.5883752565755311,37.456751667825685,4843.675288101065,55.0,0
MAQ-008,2026-02-15 20:00:00,70.22328812811394,90.403635572428,2.19810382944731,58.19464658196678,26494.120468648525,43.0,0
MAQ-001,2026-02-15 20:30:00,76.03661130015283,98.99380544187466,7.07226284075908,77.13316749681717,21294.38721718056,69.0,1
MAQ-001,2026-02-15 21:00:00,63.55791031158248,6.285924470438509,7.012652420759539,51.60234387241998,33353.1391283201,234.0,0
MAQ-007,2026-02-15 21:30:00,74.72119458384381,53.24494187949838,13.669217298565885,78.45562559396755,8285.17247185224,226.0,1
MAQ-010,2026-02-15 22:00:00,67.46736122195551,42.058953426347855,3.089300566867913,65.63436265915621,4901.6572742976905,35.0,0
MAQ-016,2026-02-15 22:30:00,46.270712238431514,50.23410812371479,2.536405024656989,60.645196864670204,14544.763430880146,132.0,0
MAQ-003,2026-02-15 23:00:00,,47.46906874691338,2.7500789230302334,88.88287785079186,25518.978686231538,225.0,0
MAQ-017,2026-02-15 23:30:00,53.49152000454772,69.61166377262845,,30.23737111231437,19490.0929300786,181.0,0
MAQ-005,2026-02-16 00:00:00,43.984213563266486,52.97374167457617,0.33791195648205036,51.49358203470701,4033.871317306169,146.0,0
MAQ-003,2026-02-16 00:30:00,72.05309981034077,38.60367014440078,4.002684196031486,89.64857419357551,2944.5543481643276,143.0,0
MAQ-014,2026-02-16 01:00:00,77.31825013029349,51.90066709668776,2.380623049279814,101.60098326307069,27139.975723638378,78.0,0
MAQ-016,2026-02-16 01:30:00,77.90047063156865,64.26611626532338,1.6910691948629764,110.71984969343401,11949.031635527266,221.0,0
MAQ-013,2026-02-16 02:00:00,78.50756060529541,33.69301610022492,3.4855723891546395,66.00711060676608,26812.350593586103,19.0,0
MAQ-003,2026-02-16 02:30:00,41.01116468589085,25.367793598540352,4.073405673980557,74.15794759231086,11867.10383475857,208.0,0
MAQ-003,2026-02-16 03:00:00,49.58474608138796,90.86937041503576,2.92233487998188,81.34855654471335,12660.289052557346,209.0,0
MAQ-008,2026-02-16 03:30:00,99.60282155220506,43.43631976524814,2.983079615247042,90.50150544316568,8471.607783392614,62.0,0
MAQ-010,2026-02-16 04:00:00,54.29186859884446,52.52764623544859,2.357338907964048,71.26183869349522,39350.30676477026,122.0,0
MAQ-020,2026-02-16 04:30:00,79.16261546705033,47.83968269513969,5.436464303012071,83.52297846892134,741.2045747330742,212.0,0
MAQ-006,2026-02-16 05:00:00,59.69593567501231,64.86557867347855,2.0714293438920097,74.19547600889044,5177.372111079231,113.0,0
MAQ-004,2026-02-16 05:30:00,71.19509108901347,86.91021861563878,1.3821379514360126,75.44447883816753,33467.97821957527,72.0,0
MAQ-019,2026-02-16 06:00:00,60.50118696589609,65.43880915112712,2.2752106184976824,46.6326152619984,5612.653189014793,16.0,0
MAQ-004,2026-02-16 06:30:00,78.42311731929468,27.66942734428016,3.8682389043132654,58.41572561247552,11299.80598844882,105.0,0
MAQ-001,2026-02-16 07:00:00,72.05161175975049,30.08577831384646,5.67254994783071,54.54461603844361,10585.120234278596,66.0,0
MAQ-009,2026-02-16 07:30:00,63.2756533953365,47.818634044115505,10.940092542093396,41.222090928429566,27909.724732089475,204.0,1
MAQ-009,2026-02-16 08:00:00,54.24741820478934,50.1718024084012,3.498860781257071,31.96789551578169,16506.92700378898,206.0,0
MAQ-013,2026-02-16 08:30:00,74.01661296238767,24.00487714816119,9.119332732201528,56.527450028157034,33639.45412297647,77.0,0
MAQ-018,2026-02-16 09:00:00,51.80921801436115,69.74813656313992,1.9240316970179059,59.72235347127481,29922.34510998905,50.0,0
MAQ-019,2026-02-16 09:30:00,76.41221563181257,35.44622995813339,1.638741073873761,67.10074152055684,21290.94311519187,69.0,0
MAQ-006,2026-02-16 10:00:00,109.3972736355535,81.8794281182636,4.520108943665168,76.11475681680281,10037.564847201063,96.0,1
MAQ-020,2026-02-16 10:30:00,90.25255076893018,87.77138674970297,5.018074413206479,68.76244487211645,31717.510500487657,160.0,0
MAQ-013,2026-02-16 11:00:00,80.77521830341244,50.531436412620806,3.7720524710041126,59.86177644938847,34653.02310837081,36.0,0
MAQ-002,2026-02-16 11:30:00,68.71589053388279,62.90150752752733,17.530827777425362,46.6974736844625,33467.67219323334,239.0,1
MAQ-019,2026-02-16 12:00:00,40.918710594947115,32.82495000248437,2.0184066883451943,82.54138195002436,2163.3793276989313,168.0,0
MAQ-003,2026-02-16 12:30:00,50.16570406149724,66.22617387662406,7.967572202264678,62.96355565421197,27948.551445932044,31.0,0
MAQ-012,2026-02-16 13:00:00,89.2418928415407,46.03253637818134,1.6791282857996845,56.32420409986181,28187.151587654873,75.0,1
MAQ-016,2026-02-16 13:30:00,58.153658798128305,35.42976421140963,5.308060047459992,61.27091435173462,37728.71404185722,168.0,0
MAQ-005,2026-02-16 14:00:00,59.5112185275393,49.791970211446284,3.3845892012499856,50.345113052905845,10612.786832488435,120.0,0
MAQ-006,2026-02-16 14:30:00,67.51524286473968,46.616535848703464,3.9690614492954266,54.38652153177787,31475.23849744603,126.0,1
MAQ-010,2026-02-16 15:00:00,54.06930611730168,49.14713074593242,4.555134865219158,53.75083373419624,27594.9503564763,9.0,0
MAQ-018,2026-02-16 15:30:00,51.59846898172546,72.09423825069446,3.481127940529469,59.25325163999063,35161.20615043576,98.0,0
MAQ-005,2026-02-16 16:00:00,69.24288890827867,40.86446333255681,2.9744814499563095,78.1150991363618,27762.99040953351,147.0,0
MAQ-014,2026-02-16 16:30:00,56.62705817991946,86.23041399592977,0.5211577088533658,73.14224137081216,34112.93601566447,179.0,0
MAQ-010,2026-02-16 17:00:00,58.88472130331658,31.148926609143633,6.310894615123782,95.93474814561569,14447.056346776084,107.0,0
MAQ-003,2026-02-16 17:30:00,58.28213460779491,84.07774491721472,1.0175514131042562,89.23458184224017,6389.2143872108845,133.0,0
MAQ-015,2026-02-16 18:00:00,77.83540320751703,36.70280880567951,2.40447683782671,104.1284354646915,14597.746182372377,53.0,1
MAQ-017,2026-02-16 18:30:00,66.51811464256964,54.98176181434092,4.1860802728168345,76.18316959341658,32620.56238492526,191.0,0
MAQ-012,2026-02-16 19:00:00,67.3214204815922,46.176469957395646,1.2139144592080657,75.86210444747061,5352.834109377048,167.0,0
MAQ-004,2026-02-16 19:30:00,78.95418845963324,48.81288391231862,2.9718882444945476,55.25168444725729,25554.012653873608,178.0,0
MAQ-004,2026-02-16 20:00:00,67.8694058765059,69.42443025439988,5.816142023922449,81.52029794990997,39503.48660186677,160.0,0
MAQ-009,2026-02-16 20:30:00,65.82619347314241,81.9968823501186,2.3585186037263823,51.87766139913821,35811.09354424221,236.0,1
MAQ-011,2026-02-16 21:00:00,77.05675533355256,76.42944468920156,3.0114489156651687,35.590889512368435,26880.214800325113,211.0,0
MAQ-012,2026-02-16 21:30:00,80.02296765336446,47.71258601784674,1.4574350251039985,95.52646784495509,31725.950040443666,194.0,0
MAQ-005,2026-02-16 22:00:00,67.79389750737094,58.31659400328196,2.595738350492185,40.01636810734657,4747.410517218305,80.0,0
MAQ-011,2026-02-16 22:30:00,71.20911663430782,40.922598273969484,1.0464345601054175,73.77703579191197,20003.467124291434,16.0,0
MAQ-006,2026-02-16 23:00:00,58.27314655400008,37.152094373655494,3.82652677599261,47.39337254333276,21323.30568859236,0.0,0
MAQ-014,2026-02-16 23:30:00,57.08975435253212,34.366583696883964,0.8136579017087271,87.53335245583668,31329.560809074337,187.0,0
MAQ-016,2026-02-17 00:00:00,81.53721252950211,47.12368047428567,1.9536861347021206,90.25899971541392,11375.47449389148,215.0,0
MAQ-014,2026-02-17 00:30:00,76.67413093816933,59.49290135826896,3.4073863146710304,75.58355614846371,4348.762929024905,155.0,0
MAQ-001,2026-02-17 01:00:00,76.82947657624864,20.587327124472914,2.816521926035134,89.92729418952399,27954.742319227964,173.0,1
MAQ-020,2026-02-17 01:30:00,74.21281523088284,54.16563335354622,4.3589963704313135,65.14674151662246,19754.505769896085,21.0,0
MAQ-001,2026-02-17 02:00:00,70.6930491372243,82.28845224189145,3.019174165057283,109.683493616521,33707.532982776786,135.0,0
MAQ-020,2026-02-17 02:30:00,80.44617836234154,75.19439924333426,0.5188037771649742,79.92330466985814,19311.438772193527,145.0,0
MAQ-001,2026-02-17 03:00:00,84.02663141534175,44.466686622520015,1.1942098834290131,46.988968807526135,33866.20408961432,37.0,0
MAQ-011,2026-02-17 03:30:00,83.66842007785971,29.85628763290985,3.2834912280583826,66.39213417488278,20362.616572554918,180.0,0
MAQ-003,2026-02-17 04:00:00,68.4883312608102,63.27694551636688,6.916264751139693,61.94995947569864,31329.670541934283,80.0,0
MAQ-002,2026-02-17 04:30:00,90.80489094863258,13.286291496265001,6.084923566156924,59.99151883124678,28857.732638898688,47.0,1
MAQ-014,2026-02-17 05:00:00,73.42691022598481,74.9827740858882,17.226926331785887,31.857215442015857,10716.693361167214,167.0,1
MAQ-015,2026-02-17 05:30:00,79.48564288848698,51.15542575810167,2.1479237408079603,72.7372908888692,12444.993170972928,104.0,0
MAQ-003,2026-02-17 06:00:00,74.2313183625232,87.96340577039322,5.679048219562076,37.28494042118895,35977.90134851725,128.0,0
MAQ-020,2026-02-17 06:30:00,73.70510061226261,23.914621259623615,5.39870675426856,14.49185438955233,9317.184392437171,130.0,0
MAQ-007,2026-02-17 07:00:00,58.96372014624521,71.526632053741,9.35113268296327,58.11972717753392,27930.27219481157,149.0,0
MAQ-007,2026-02-17 07:30:00,,53.190840937344426,7.696017979425314,49.882126932155245,5890.293266692456,99.0,0
MAQ-006,2026-02-17 08:00:00,112.67941592361458,49.04109043350255,4.040644354786746,47.769259747288935,30230.819012844746,195.0,1
MAQ-010,2026-02-17 08:30:00,64.37807387814875,30.3428176261814,5.039500454664062,2.938080992689578,9009.264998215123,210.0,0
MAQ-004,2026-02-17 09:00:00,71.06492073137423,65.7234623208109,4.370606211016041,47.98314248093903,23803.20837277751,116.0,0
MAQ-009,2026-02-17 09:30:00,63.30692103479107,67.17047292598345,3.1883927410418496,61.52716269654595,22613.315160707803,40.0,1
MAQ-005,2026-02-17 10:00:00,62.67970147657098,87.13230043538601,4.78274530832031,52.31692119807813,8220.218696037296,66.0,0
MAQ-002,2026-02-17 10:30:00,93.1667421717801,73.14490473149067,3.7371513269590357,72.74687352506663,19706.992512915025,185.0,1
MAQ-008,2026-02-17 11:00:00,59.90543473408803,44.30988407879677,3.618887528894188,92.85321296951125,35181.996215172534,61.0,0
MAQ-014,2026-02-17 11:30:00,62.88879289950458,36.93047349488474,9.645402713132402,75.3273488051035,27253.120991265852,186.0,1
MAQ-016,2026-02-17 12:00:00,46.18760764403048,30.367154196597046,4.098890716661539,85.5278858820397,39706.91052405672,158.0,0
MAQ-008,2026-02-17 12:30:00,58.635824131866286,81.51803822151047,3.499574139117032,87.18253379296897,31403.71501374825,107.0,0
MAQ-007,2026-02-17 13:00:00,44.37400160569979,40.99286288299841,2.884381331947729,44.62278465866575,25773.87182868989,30.0,0
MAQ-016,2026-02-17 13:30:00,79.47707048817894,81.64413764148352,2.6904562611739355,73.7822938537239,22571.76235980118,129.0,0
MAQ-014,2026-02-17 14:00:00,111.99545832755965,64.4512967355172,1.1604025859304443,84.90314706730932,37503.402976546255,166.0,1
MAQ-017,2026-02-17 14:30:00,64.49981809524216,60.93825186869129,3.190840121215735,56.28079043903041,21127.836150365907,36.0,0
MAQ-019,2026-02-17 15:00:00,44.998631005146436,49.476370373914634,7.160722743987459,49.187466999394175,16166.643548369198,197.0,0
MAQ-017,2026-02-17 15:30:00,83.499994966446,66.89211243404051,2.0954724732472614,75.60812918432886,33396.29381682722,46.0,0
MAQ-019,2026-02-17 16:00:00,59.096125616047644,54.72152626893756,0.2909545017531862,35.36742256424642,37615.75231492203,99.0,0
MAQ-009,2026-02-17 16:30:00,89.49020395830311,48.354160753561416,4.653334409791361,43.23990833867414,19208.78398681683,127.0,0
MAQ-008,2026-02-17 17:00:00,65.76956428315083,67.52808615966761,3.8424714360827403,51.66487304833133,5575.817092142843,177.0,0
MAQ-007,2026-02-17 17:30:00,60.52276466375829,52.40850203401965,9.530630273199264,74.01028426261416,24374.075446665534,53.0,0
MAQ-005,2026-02-17 18:00:00,67.3306366638147,40.62997398270112,1.906401264455899,69.37825043111329,29661.20225096969,80.0,0
MAQ-015,2026-02-17 18:30:00,81.3666514140428,65.79688195829172,1.0327408370018232,85.64741759104264,15008.07971901927,193.0,0
MAQ-015,2026-02-17 19:00:00,66.58869053866515,53.848258198685826,2.766949741893679,46.56259891273163,29940.36641682883,79.0,0
MAQ-017,2026-02-17 19:30:00,62.54912945809442,63.80038021164048,2.4283481587322178,45.490540574649835,21288.948571427416,147.0,0
MAQ-004,2026-02-17 20:00:00,67.01752595531693,46.830522549624646,0.6704503267239497,75.47823937499328,12124.109603350866,95.0,0
MAQ-010,2026-02-17 20:30:00,50.92217223248673,33.2358165157428,3.524390803110113,49.026661917859286,25217.89701486882,13.0,0
MAQ-005,2026-02-17 21:00:00,75.9554740344097,86.23133132525696,2.2661820565023922,52.929921690111584,15619.007864103753,123.0,0
MAQ-018,2026-02-17 21:30:00,43.199101092326345,82.83900539374434,8.367063508147249,27.864703214965026,31494.337607814512,85.0,0
MAQ-006,2026-02-17 22:00:00,63.33817818451727,70.9081293027153,3.5681889292995312,70.81692002827175,222.89311388265713,63.0,0
MAQ-003,2026-02-17 22:30:00,81.39077813246115,48.01940766326308,1.7041600673318913,95.82580943632337,32745.30682653713,206.0,1
MAQ-012,2026-02-17 23:00:00,74.54572424399075,49.59427648310069,3.2361884045837885,44.4142216739924,12332.353573477332,185.0,0
MAQ-018,2026-02-17 23:30:00,78.85480859479586,79.88189402613637,3.787597740166173,85.43407223440227,38389.099882851224,66.0,0
MAQ-019,2026-02-18 00:00:00,69.02431490921786,48.63105932378656,4.981780431344495,63.81202838020097,30390.6782182121,125.0,0
MAQ-002,2026-02-18 00:30:00,87.54619271478275,43.613991345748644,3.359143086638775,29.691707231799377,9717.507362154985,172.0,0
MAQ-007,2026-02-18 01:00:00,83.87048795154688,88.70022416145616,12.089227546790488,47.10546288743744,39154.086433386095,12.0,1
MAQ-004,2026-02-18 01:30:00,76.69211506371512,54.1418017309503,1.1242396943622053,45.87065334392456,20033.265620669194,22.0,0
MAQ-007,2026-02-18 02:00:00,83.91318665970314,86.83165591324922,2.235003542660851,58.669444297187475,20964.659510857447,129.0,0
MAQ-011,2026-02-18 02:30:00,81.25635331605365,,1.7106025134755396,73.39028576893409,36389.77355034523,223.0,1
MAQ-006,2026-02-18 03:00:00,63.40804729979665,64.32732789012104,2.5205754807975227,101.97845674482863,36744.28239252324,222.0,1
MAQ-002,2026-02-18 03:30:00,49.84151632462999,92.27948678589908,4.133612034169566,36.377084101630274,27905.611918243652,107.0,0
MAQ-011,2026-02-18 04:00:00,76.30543188763936,55.53551340385951,3.9237334913969586,55.30445206160024,39140.14061853392,168.0,0
MAQ-002,2026-02-18 04:30:00,78.19133846247144,50.24791913917967,4.895967227368027,47.08038294178577,13221.925352537904,117.0,0
MAQ-005,2026-02-18 05:00:00,86.35707986707848,33.98046548322844,3.551969084195051,39.640410770214054,9370.22971763712,217.0,0
MAQ-001,2026-02-18 05:30:00,55.9551808743206,74.48217497983445,3.7136688115611545,66.9089537321913,1267.343185743503,136.0,0
MAQ-002,2026-02-18 06:00:00,56.40353411084255,41.137694512467625,3.6060992905713207,65.02959982373694,13919.16304526372,213.0,0
MAQ-009,2026-02-18 06:30:00,76.89850399461656,53.293445930980205,2.3308710985822545,28.723953058342623,24145.070398152184,87.0,0
MAQ-018,2026-02-18 07:00:00,68.9324951672037,32.77895896373299,2.190659917131442,65.36301055890931,12284.624091673564,223.0,0
MAQ-016,2026-02-18 07:30:00,41.71357584143308,83.02410280175378,1.6804974481825627,40.892080141777214,23226.848259570572,174.0,0
MAQ-002,2026-02-18 08:00:00,75.62662245631286,75.78793559306229,5.080680397587885,65.23655438269951,2030.5915113383192,184.0,0
MAQ-001,2026-02-18 08:30:00,,54.43147451416365,0.3719652139472571,90.3899298641218,14228.23347938462,3.0,0
MAQ-007,2026-02-18 09:00:00,55.821151721899355,34.225319159435294,3.6533757231330943,74.26135922151877,29945.39576857971,193.0,0
MAQ-014,2026-02-18 09:30:00,90.2752205929016,82.64632688636738,5.755069667203171,68.5503418881418,4262.641721619585,38.0,1
MAQ-015,2026-02-18 10:00:00,97.37318526710672,48.41322891315135,6.826702856266546,54.42468485193226,28622.014480655067,224.0,1
MAQ-017,2026-02-18 10:30:00,51.76515447292057,35.106312865284664,0.23683779715281134,66.33735301689549,30556.11340907861,45.0,0
MAQ-007,2026-02-18 11:00:00,65.05912693880958,23.281875775494207,2.390698614130784,76.26508444494965,22793.58421376326,198.0,0
MAQ-004,2026-02-18 11:30:00,70.6393378461806,43.37262762591205,1.7683227657844633,74.28332685616819,35454.89336753169,152.0,0
MAQ-001,2026-02-18 12:00:00,96.71840391372352,28.816513794461088,2.2309667415255934,63.015624723729125,38187.084137803475,94.0,0
MAQ-003,2026-02-18 12:30:00,62.60696578263398,43.78922494258916,7.814675839824449,69.34752647877832,1483.6315698531037,213.0,0
MAQ-002,2026-02-18 13:00:00,62.84673965450083,68.39935720655888,1.778139023108819,38.668763599158396,27195.41266041457,93.0,0
MAQ-018,2026-02-18 13:30:00,93.23088337694293,48.2427970484458,5.745643107973697,50.31326450444524,9563.262648693824,15.0,0
MAQ-006,2026-02-18 14:00:00,64.37816270922613,61.402480878046795,3.691393474235354,79.15119505091971,16386.514029292623,18.0,0
MAQ-017,2026-02-18 14:30:00,80.83302563449686,41.97997612841983,2.1524268486885774,81.84065902748415,24963.855872136995,204.0,1
MAQ-012,2026-02-18 15:00:00,47.84285552331359,56.173043194556165,1.9745104253358452,66.87197181678724,28519.66358598651,92.0,0
MAQ-011,2026-02-18 15:30:00,67.4315088386151,89.57621479754837,3.9785690621869714,94.57931468730303,33623.61809667692,196.0,0
MAQ-010,2026-02-18 16:00:00,45.10604742510393,48.72725059551586,3.10401128160004,75.16038832922735,28244.938039515353,4.0,0
MAQ-017,2026-02-18 16:30:00,54.16849328566443,61.919729877153856,0.6196234184874334,60.337449642738704,31118.219855146108,18.0,0
MAQ-001,2026-02-18 17:00:00,82.58802032728394,26.82050990556811,1.4317638694304078,40.604944939188854,24002.94085444052,237.0,0
MAQ-002,2026-02-18 17:30:00,69.25141913369932,82.36191020350367,4.053700452084951,93.7746650005783,4770.657440492832,34.0,0
MAQ-009,2026-02-18 18:00:00,65.21341389170539,46.41028067899242,1.0752624295782751,80.40634914309155,955.0695639232044,165.0,0
MAQ-008,2026-02-18 18:30:00,58.76875564028624,73.90960569831702,6.318062958058765,100.96622845861036,21238.34365196902,84.0,1
MAQ-011,2026-02-18 19:00:00,,52.78275467633971,0.7917553738185444,108.33694911007831,28650.08781327682,120.0,0
MAQ-015,2026-02-18 19:30:00,74.51669750651041,66.00842857037452,2.650567849996925,39.26119386434479,4443.736978810134,27.0,0
MAQ-012,2026-02-18 20:00:00,84.74374309692642,67.07822368979801,5.191387798406556,39.313325117456294,17228.90832023705,64.0,0
MAQ-006,2026-02-18 20:30:00,30.622799738547968,46.85607388877109,1.3298070943115319,7.736001748618655,10321.478130550226,181.0,0
MAQ-007,2026-02-18 21:00:00,57.52358238605785,74.65431584371333,1.0052353833995553,83.36724274059512,22727.012700462623,128.0,0
MAQ-016,2026-02-18 21:30:00,72.38644363283508,41.33827244812421,4.546407396517939,78.12965374975198,15681.059821710738,120.0,0
MAQ-005,2026-02-18 22:00:00,68.51705326056572,69.00281596049577,5.872567630478972,66.95558000251692,8138.553267322442,226.0,0
MAQ-011,2026-02-18 22:30:00,76.05064363790088,47.97630470500244,2.80242854806792,40.47733537913198,275.2692782038399,98.0,0
MAQ-011,2026-02-18 23:00:00,74.0131042918983,61.29204307537708,2.338052146110754,63.21932621750457,12928.851305699129,192.0,0
MAQ-016,2026-02-18 23:30:00,65.42698205509889,46.6841259576233,0.7597098101586559,68.69410990015412,20694.869652783866,173.0,0
MAQ-015,2026-02-19 00:00:00,62.097202060192345,55.89956754471872,3.4471202523962607,80.6545133375834,37175.44241183802,110.0,0
MAQ-010,2026-02-19 00:30:00,66.31747765396749,35.65551336954819,0.5148326635619825,70.45973828930572,9176.292993964526,70.0,0
MAQ-007,2026-02-19 01:00:00,87.23113524734114,59.456025724398295,7.888034852716355,78.27602589982332,20538.977131948966,84.0,0
MAQ-008,2026-02-19 01:30:00,59.01988100641428,55.79538102927255,2.910214722528518,62.517382601719035,22703.211725526624,209.0,0
MAQ-009,2026-02-19 02:00:00,69.05789915284066,45.27723602669549,1.4586508037804338,88.62963787850504,26004.18350867354,73.0,0
MAQ-005,2026-02-19 02:30:00,72.75013320997631,54.00949660497467,1.9583542359421333,77.63460154886883,13209.797399890633,156.0,0
MAQ-013,2026-02-19 03:00:00,93.40526394811687,57.41208057102238,3.647491435032891,41.26133858598351,4069.324597650101,29.0,0
MAQ-005,2026-02-19 03:30:00,65.4953761264553,43.90557304122798,2.2420437881045014,92.78440735312483,36862.11398327146,83.0,0
MAQ-013,2026-02-19 04:00:00,84.38209984016441,52.68234563686595,3.2105115460397715,89.51143045430273,38114.94161125842,224.0,1
MAQ-016,2026-02-19 04:30:00,88.47969104897533,36.90006506389142,1.27472298715041,74.30949474105884,17585.422416052137,129.0,0
MAQ-020,2026-02-19 05:00:00,69.04368602514027,97.22319470129813,6.919038538313766,70.6143540997493,23264.940980522308,197.0,1
MAQ-003,2026-02-19 05:30:00,66.83921531384857,74.06413588374733,1.9936922652115123,98.1722313775665,1258.1530918447527,62.0,0
MAQ-016,2026-02-19 06:00:00,65.06419491927676,59.915693901367916,0.3472463118638035,32.333742674558515,1983.9040804954764,182.0,0
MAQ-002,2026-02-19 06:30:00,66.16265298636127,76.09803269458051,2.402796614128967,89.82449048119301,3159.0298914806167,236.0,0
MAQ-007,2026-02-19 07:00:00,82.8135979086525,19.373455419692,1.7441151385554752,55.47586602851298,29575.977962471945,222.0,0
MAQ-004,2026-02-19 07:30:00,73.46514965883271,8.961764718987887,6.608587656685278,86.90354892820771,9166.656194465057,104.0,1
MAQ-004,2026-02-19 08:00:00,73.52934563754805,47.812760888501685,,67.40751694338086,7459.444196677699,163.0,0
MAQ-004,2026-02-19 08:30:00,53.121647344302474,30.18584541516204,2.21637676026181,40.14147953183524,432.5797769956948,215.0,0
MAQ-001,2026-02-19 09:00:00,55.48764883937148,50.741100559930075,3.723321170222626,55.06960379928617,1013.6120165161935,195.0,0
MAQ-017,2026-02-19 09:30:00,102.1517023716547,58.70181953070818,4.918524438051976,85.4345814633193,16274.811718166216,234.0,1
MAQ-002,2026-02-19 10:00:00,67.33261412066966,71.56746097013101,8.2405693055707,60.79584237360253,21712.94943401995,7.0,0
MAQ-008,2026-02-19 10:30:00,58.378420066324594,34.51124828304616,1.5757902348893171,52.5702917056379,23204.46135253999,128.0,0
MAQ-014,2026-02-19 11:00:00,91.46648748383946,62.19335235088129,7.633198434380937,52.436558844099594,18370.65612911851,189.0,0
MAQ-020,2026-02-19 11:30:00,74.22712823025329,55.259014476740184,6.435313100681582,77.84494844467581,18436.494758499248,175.0,1
MAQ-018,2026-02-19 12:00:00,78.67232375296783,61.25516757879552,1.7214707613623519,100.01270060279927,30150.373192124454,36.0,0
MAQ-003,2026-02-19 12:30:00,67.929293870777,45.6441048864352,1.5476613593278146,22.182332587274367,11653.848370544687,137.0,0
MAQ-020,2026-02-19 13:00:00,65.21990364134794,79.89643251751816,4.326149495051221,121.01368894686574,9584.940938556687,39.0,0
MAQ-014,2026-02-19 13:30:00,67.45620441254064,53.13684432826493,3.1522507493531866,69.07492457952263,34187.53510247005,21.0,0
MAQ-004,2026-02-19 14:00:00,49.2589274455206,86.93528002306783,4.318015230312763,76.60448270597655,27601.625927871795,26.0,0
MAQ-009,2026-02-19 14:30:00,68.68108885870154,40.77300423371997,2.4648697865177764,56.27476505705187,19126.971318406533,228.0,0
MAQ-019,2026-02-19 15:00:00,74.44049615563927,68.37089211919997,3.3968378664256234,64.92969750286346,11088.65253880688,65.0,0
MAQ-008,2026-02-19 15:30:00,97.7569485076563,53.925967349910486,2.9247119909132087,68.85026024262216,5549.614601186878,109.0,1
MAQ-004,2026-02-19 16:00:00,71.28998597507824,49.10063649999825,4.275699986290838,44.01808015325929,1593.1057503240606,61.0,0
MAQ-018,2026-02-19 16:30:00,34.98734436684543,66.38167612841583,1.5004239645624058,48.886371234849406,34109.37778385054,214.0,1
MAQ-020,2026-02-19 17:00:00,68.59021850823068,49.61487737458739,3.5955660397488463,88.69135081782507,23776.081505747934,213.0,0
MAQ-020,2026-02-19 17:30:00,111.0925619966246,7.084623931168096,8.128586261354403,33.953063092815576,1928.5967671839849,157.0,1
MAQ-020,2026-02-19 18:00:00,82.9954935247756,-0.13162621713753708,7.818107096479587,73.82078206627081,6427.6371760007005,198.0,0
MAQ-018,2026-02-19 18:30:00,57.83666584287117,77.90359888511288,3.909881770379756,57.58966181261631,11254.614299313642,25.0,0
MAQ-010,2026-02-19 19:00:00,78.86659771645836,77.14465224183452,1.4729909882811525,45.78585701048849,10596.556349781178,239.0,0
MAQ-004,2026-02-19 19:30:00,58.869798626653896,88.97213703260704,10.790058189901735,104.43863703938801,21980.800469928632,100.0,1
MAQ-013,2026-02-19 20:00:00,49.69288720679714,54.68449153092081,,45.90994877477124,16037.800565155918,96.0,0
MAQ-005,2026-02-19 20:30:00,64.77445955148892,31.732573564037956,10.095264521849705,42.39796000531057,35300.44251005247,47.0,0
MAQ-010,2026-02-19 21:00:00,71.37289658858292,47.44749083228197,4.404954058479024,61.26054592958928,28804.486954252076,210.0,0
MAQ-014,2026-02-19 21:30:00,41.917667463499065,55.20564127650363,0.2003157955181485,49.62882731795797,36438.22951547217,40.0,0
MAQ-019,2026-02-19 22:00:00,52.76261064192046,36.87331196286803,10.743975734156994,65.12761313989097,34526.46314386214,205.0,0
MAQ-006,2026-02-19 22:30:00,70.15503344773532,84.6743450135296,5.820326159750241,68.1079859330278,36862.628426388874,171.0,0
MAQ-006,2026-02-19 23:00:00,,95.31105183358727,3.3006576850250986,69.69316131269854,39202.4568665217,185.0,0
MAQ-015,2026-02-19 23:30:00,75.92216906719136,63.6090526131432,0.5755754684345636,62.522183055128735,12536.687878572557,7.0,0
MAQ-001,2026-02-20 00:00:00,51.77997509037158,54.80445255943248,6.266471738657529,50.9567659381555,8466.256093761032,177.0,0
MAQ-012,2026-02-20 00:30:00,80.7117062282995,31.69059438746022,,77.86806085358661,6689.579252408152,231.0,0
MAQ-015,2026-02-20 01:00:00,52.24361354409707,82.83581013080892,12.800635821048477,62.76614466991712,25160.729754129792,94.0,1
MAQ-012,2026-02-20 01:30:00,94.64101452906445,56.373522595282836,9.434122268003682,55.08765375890043,27270.571257238375,107.0,0
MAQ-008,2026-02-20 02:00:00,44.26362573432525,49.795040828608975,9.900296235759198,94.59987398195045,3604.716019004798,26.0,0
MAQ-017,2026-02-20 02:30:00,53.61168594424881,63.66113359614168,3.833195489783735,62.57376079217098,32860.7567096321,117.0,0
MAQ-008,2026-02-20 03:00:00,76.26056204547744,44.457192478194656,3.7065733813947217,86.83973202993181,31344.35460457962,161.0,1
MAQ-015,2026-02-20 03:30:00,94.96349877246458,57.643753116192734,4.410198930788319,89.53676894218782,25176.109934910975,71.0,0
MAQ-010,2026-02-20 04:00:00,74.72564554174257,29.03559668477812,1.8850199929358484,90.75345670851586,17480.937930838376,177.0,0
MAQ-001,2026-02-20 04:30:00,78.44286880273586,74.56756940654381,3.375089608632882,78.823156162222,6230.925806202236,20.0,1
MAQ-011,2026-02-20 05:00:00,70.26305352509587,53.12060125955788,2.8761072638809275,64.9873300624847,20273.131610182296,161.0,0
MAQ-001,2026-02-20 05:30:00,54.6040231882721,75.85841549141222,7.4848967035776015,63.719166186979486,6450.854892105228,141.0,0
MAQ-019,2026-02-20 06:00:00,62.64792477640931,51.37954879885085,8.537657502252785,60.117597630334224,24238.65352504845,55.0,0
MAQ-013,2026-02-20 06:30:00,51.82135420028085,52.54840524188839,5.303519675169824,21.662086599737485,12467.592739890459,82.0,0
MAQ-008,2026-02-20 07:00:00,50.81935048334692,33.178286290744765,1.6258841852341672,79.37613611495725,9967.519865921493,57.0,0
MAQ-010,2026-02-20 07:30:00,76.0262337897962,68.67562551432658,11.202668603488434,69.88931132770158,17697.950060203286,149.0,1
MAQ-013,2026-02-20 08:00:00,53.15233026868057,39.23488082758435,,81.51048532417255,23270.44073032072,152.0,0
MAQ-006,2026-02-20 08:30:00,74.79331010085042,46.244397282413885,4.190646129994776,62.65996897056072,14761.81621629804,133.0,1
MAQ-006,2026-02-20 09:00:00,50.47265871668354,55.01884934948566,4.955605999958703,78.2965032390705,38547.77570541768,46.0,0
MAQ-009,2026-02-20 09:30:00,74.44574530175132,57.182035306408416,0.9191089535292309,37.44985874277111,335.31567340870623,52.0,0
MAQ-006,2026-02-20 10:00:00,62.66976146555556,24.29025507608034,2.8802781788086507,41.6146878147686,36523.15463606233,194.0,0
MAQ-016,2026-02-20 10:30:00,91.09923300475967,50.845494421215705,7.924069517061587,15.47576800557237,127.29357435723425,110.0,0
MAQ-003,2026-02-20 11:00:00,,69.31414393558684,0.8732898755996854,62.31301608336748,8746.806352670617,104.0,0
MAQ-017,2026-02-20 11:30:00,88.53674339491212,48.18991537856975,0.8464795004922528,49.549488244428,39854.413871697034,73.0,1
MAQ-007,2026-02-20 12:00:00,58.66529925362211,50.95482842416021,6.271428807158583,46.9323624965916,29151.005490976208,223.0,1
MAQ-012,2026-02-20 12:30:00,70.8421501036625,57.92330891516908,4.708927178516204,71.69304755930615,25815.485031388936,57.0,0
MAQ-004,2026-02-20 13:00:00,55.28369262825582,52.73271221415402,0.8842910264262054,56.489856116047434,29071.105946130345,184.0,0
MAQ-008,2026-02-20 13:30:00,63.79592135883373,36.45072095702312,2.6787787624148547,36.33817986392675,16391.01786207304,184.0,0
MAQ-016,2026-02-20 14:00:00,66.06843665883056,54.34576977399572,4.190655900789621,115.89533545504196,31389.968279919074,58.0,0
MAQ-006,2026-02-20 14:30:00,59.112126689692914,72.89331706010613,3.834283417894024,64.25978759023849,6279.2345134393545,2.0,0
MAQ-003,2026-02-20 15:00:00,51.76745711731458,36.078832949192375,4.435108556735473,43.33673894128608,31776.306257084358,59.0,0
MAQ-011,2026-02-20 15:30:00,48.79724014521021,48.259325989255274,2.5218972273304225,51.603290781339005,37587.11452845268,64.0,0
MAQ-004,2026-02-20 16:00:00,34.90377826438904,30.13063616916861,3.980591187968343,61.53714061981592,34321.70533521167,178.0,0
MAQ-007,2026-02-20 16:30:00,54.154803047448134,71.94487510882621,5.296825308342116,61.495080754855984,29612.47203680539,127.0,1
MAQ-010,2026-02-20 17:00:00,79.41240845007766,53.33755227691818,5.012098546710593,91.04328546091752,26089.954795150912,103.0,0
MAQ-012,2026-02-20 17:30:00,46.02252201980076,39.69640659509446,2.582679009946491,63.41140084735585,20891.577396332934,114.0,0
MAQ-013,2026-02-20 18:00:00,49.47815730620042,56.66078080257719,5.64919380606901,102.10416343736505,15869.408853493904,228.0,0
MAQ-014,2026-02-20 18:30:00,96.86347856849372,33.33519613188185,1.4645380971989668,56.35154111975788,34639.5782753076,225.0,0
MAQ-017,2026-02-20 19:00:00,60.45255925227619,36.39708043371269,1.9580657562396713,73.52872080519785,25933.597128458263,6.0,0
MAQ-002,2026-02-20 19:30:00,74.81569013747253,28.71759646266795,6.265338354326559,85.43960388655661,17452.52252519648,202.0,0
MAQ-008,2026-02-20 20:00:00,79.63475719750741,35.797973723966805,,88.90304609423356,31413.18955276289,86.0,0
MAQ-001,2026-02-20 20:30:00,79.9378919467192,79.43207651199651,2.7704382558426817,91.23744434857626,2258.7397861300897,180.0,1
MAQ-001,2026-02-20 21:00:00,47.16528654087911,41.803870036913274,1.9243827215656828,59.55976518239731,32543.45811222532,236.0,0
MAQ-005,2026-02-20 21:30:00,66.53410480150765,63.39205220772662,2.147649165560811,64.89021479450162,32447.016692503963,123.0,0
MAQ-012,2026-02-20 22:00:00,45.72659095722412,39.94657444079341,5.134577325112069,15.411548668726489,9218.323591560578,149.0,1
MAQ-018,2026-02-20 22:30:00,106.69476788365485,68.67160742373795,4.471002163623346,61.07979922798879,1603.0964374846728,102.0,0
MAQ-016,2026-02-20 23:00:00,46.076871039766,36.53052398323632,1.8233853951549688,86.82508355859963,28576.94742563888,17.0,0
MAQ-013,2026-02-20 23:30:00,54.2823967169527,55.706102699711614,5.53989686792719,82.93672959711765,8074.877974345671,8.0,0
MAQ-016,2026-02-21 00:00:00,54.390987177377426,55.95132357764108,2.6754249688265688,63.27025757979837,39841.26944977052,86.0,1
MAQ-004,2026-02-21 00:30:00,47.5500928491568,96.90049605567864,1.5089169672390508,98.98278885859915,466.3795651822442,197.0,0
MAQ-017,2026-02-21 01:00:00,90.28890864634818,66.34765518364297,2.333013093544738,57.31989431310386,9268.700051834729,81.0,0
MAQ-018,2026-02-21 01:30:00,106.33671851625243,44.32772774207308,3.571047140640667,50.67720351960201,1778.289651172659,103.0,0
MAQ-002,2026-02-21 02:00:00,62.863763210310736,67.33088134570926,5.404362062260878,55.636765295472614,31327.963844463757,127.0,0
MAQ-010,2026-02-21 02:30:00,50.19365279733385,93.48714046873374,5.162574527596331,42.55069950327769,23189.950137738342,77.0,0
MAQ-017,2026-02-21 03:00:00,36.446117519109684,25.66655037128269,3.0870728622949044,77.44790063407073,33952.53792838198,117.0,0
MAQ-010,2026-02-21 03:30:00,66.33836922216848,39.83532323376292,3.8898709794813566,70.76963623217219,38508.2734898498,145.0,0
MAQ-017,2026-02-21 04:00:00,65.25451865257834,50.735843935960716,2.8843254252222543,77.19958892746104,24443.58292897863,204.0,0
MAQ-019,2026-02-21 04:30:00,60.23055810459783,47.49241191144488,1.8261668806661788,56.712576961375774,9346.964794358677,180.0,0
MAQ-010,2026-02-21 05:00:00,73.32062880964342,49.01037943006226,3.1765306954749555,63.83854041321493,3796.7126878246413,196.0,0
MAQ-002,2026-02-21 05:30:00,75.9275971422323,31.523819219321627,0.5703987504497054,21.43162553182185,34663.81569468206,125.0,0
MAQ-007,2026-02-21 06:00:00,74.8462488690685,80.27120896390022,8.647086829619566,72.52451102622095,9880.01887524203,167.0,0
MAQ-005,2026-02-21 06:30:00,65.25812692047269,29.393045227420853,3.816004013629133,66.97682910119299,35751.37716545328,35.0,0
MAQ-010,2026-02-21 07:00:00,53.47567255638607,51.39616942679502,4.597363234233987,42.989446770130705,35143.67522460957,35.0,0
MAQ-012,2026-02-21 07:30:00,79.98749646710074,73.82495065169256,1.8944047016929082,62.906849358268055,25149.587569583382,221.0,0
MAQ-010,2026-02-21 08:00:00,70.18770639132296,54.456672571374654,3.7921622043816523,59.84301395859666,24199.433240948874,144.0,0
MAQ-004,2026-02-21 08:30:00,83.32536287251975,37.37090499575016,4.2656908225616395,100.28623870014985,38037.97609422283,27.0,0
MAQ-007,2026-02-21 09:00:00,81.85113324208348,30.72383818526876,2.7787496500711124,43.77746063744391,30265.00256121945,97.0,0
MAQ-014,2026-02-21 09:30:00,,50.86001447149992,2.895525375278519,71.62852357733405,27362.942670104898,232.0,0
MAQ-001,2026-02-21 10:00:00,48.48666688813595,41.37346781469161,1.0637474613128515,43.184632946432785,17486.05600553728,5.0,0
MAQ-005,2026-02-21 10:30:00,58.666889218892074,58.6941596506536,10.52932875981762,53.84253111859459,19411.537984901657,106.0,0
MAQ-018,2026-02-21 11:00:00,54.15601887563998,29.77387934096477,1.8712928443080206,70.5363790738446,15617.95182343357,200.0,0
MAQ-002,2026-02-21 11:30:00,81.32877663964152,69.6346432639772,2.0782374075487855,60.77274018273777,37858.20871236121,227.0,0
MAQ-009,2026-02-21 12:00:00,75.26964513981876,57.079891416960365,9.015225126325557,64.88018287572888,25560.956606411524,88.0,0
MAQ-005,2026-02-21 12:30:00,86.48775990677966,58.41705509834458,4.7501576689444915,71.65444216463939,31236.507150178735,219.0,0
MAQ-003,2026-02-21 13:00:00,75.94730226116377,80.93938200832031,5.435121300965896,55.126208576028844,1584.2694297937685,171.0,0
MAQ-009,2026-02-21 13:30:00,73.12974372810054,47.11968102930641,0.9984967290171506,82.6829306963088,34111.80945545953,97.0,0
MAQ-011,2026-02-21 14:00:00,87.99594670516255,41.93529949480197,3.7578989994474172,58.8904051352479,16763.768068038764,187.0,1
MAQ-004,2026-02-21 14:30:00,77.04591009602572,45.14025468975628,1.0099655590800243,63.04889076894857,29512.698955164917,192.0,0
MAQ-002,2026-02-21 15:00:00,71.02151445156578,51.534521748581355,1.646436607040053,72.2262254917571,1697.0100613489483,66.0,0
MAQ-003,2026-02-21 15:30:00,92.20679550896028,53.36263189375609,11.532368711541755,69.5400040232967,35765.540013109996,21.0,1
MAQ-014,2026-02-21 16:00:00,71.72771324729185,,1.3936348798717755,77.88455849085706,26427.83902500786,187.0,0
MAQ-018,2026-02-21 16:30:00,65.43489092623118,18.584465445404938,5.2583095198336585,71.3392880296941,18354.281555765956,19.0,0
MAQ-004,2026-02-21 17:00:00,57.43265111833526,44.903277984177315,1.513463386405342,74.38061323112349,12211.968150503637,186.0,0
MAQ-007,2026-02-21 17:30:00,80.54538188568117,61.476861993164015,1.6788696422558058,58.49254971669716,12509.86328370384,85.0,0
MAQ-007,2026-02-21 18:00:00,88.55575812763703,57.45264951256286,16.17815264613426,43.62457803828959,12205.585166608334,168.0,1
MAQ-008,2026-02-21 18:30:00,69.24118897849854,76.59198045686489,3.0989564607725577,36.4472219449428,5327.931524531574,146.0,0
MAQ-005,2026-02-21 19:00:00,89.61873435669759,90.19875779134819,0.9287285462728314,31.58579704715401,18606.00056736017,9.0,0
MAQ-002,2026-02-21 19:30:00,40.44977452042636,68.66800788625243,5.413089656152266,100.25453435458552,18194.105529949335,2.0,0
MAQ-011,2026-02-21 20:00:00,69.16819937788128,79.88537156334806,7.550091450686764,20.744531782117484,16536.272705673688,151.0,0
MAQ-008,2026-02-21 20:30:00,69.39857631843346,68.80193726073617,5.760610029995954,88.87446997954204,28153.460075636285,123.0,0
MAQ-007,2026-02-21 21:00:00,59.09508441388979,85.77818660669291,2.8965696329989594,48.58261977405054,16850.61302086886,10.0,0
MAQ-006,2026-02-21 21:30:00,105.7579155697281,88.31536541724282,2.9715031957422107,88.72881944239609,3651.248301661463,234.0,0
MAQ-019,2026-02-21 22:00:00,69.00711050966858,72.12097307402068,2.18594031300248,20.949199441691,34097.17893031615,57.0,0
MAQ-013,2026-02-21 22:30:00,63.884038425933504,67.71484263564254,1.246436112168579,60.29812196233435,17061.52451937591,206.0,0
MAQ-009,2026-02-21 23:00:00,70.38943170150257,51.30582090512738,4.208391028990518,94.08048806050536,26245.897606008602,28.0,0
MAQ-005,2026-02-21 23:30:00,39.95779392211256,54.255928942649625,2.787740309380915,79.26419126951163,37202.86455214242,55.0,0
MAQ-017,2026-02-22 00:00:00,58.60198111982628,48.91892803569528,1.0247881301525839,58.25469078618416,30719.862604345613,126.0,0
MAQ-018,2026-02-22 00:30:00,84.74859954168106,66.182528996111,3.157093592907951,26.140453969430368,21598.07496001033,126.0,0
MAQ-001,2026-02-22 01:00:00,60.56581967600838,42.03373532753173,1.8808613584750005,38.550229556981364,21846.388061314057,144.0,0
MAQ-019,2026-02-22 01:30:00,57.56687255799593,51.56008822396162,4.05112373172273,92.78294193118758,33996.28837994713,41.0,0
MAQ-014,2026-02-22 02:00:00,89.64288454771601,12.606942066790602,3.766927211407875,58.03517597492549,32962.92849432317,63.0,0
MAQ-002,2026-02-22 02:30:00,90.10381601427744,86.01561810590518,2.492206517161312,63.56351793173121,7228.2440118842105,63.0,0
MAQ-016,2026-02-22 03:00:00,77.75485708241713,51.03145751344627,,70.67070209405261,25097.39315258563,105.0,0
MAQ-003,2026-02-22 03:30:00,63.17323998941999,63.20044787205838,3.4838153918010595,38.94322173824888,34642.05477156094,221.0,0
MAQ-002,2026-02-22 04:00:00,66.40793402325515,81.24016050480525,6.264048294054856,73.14580359680357,32151.966337661608,110.0,0
MAQ-003,2026-02-22 04:30:00,57.93775057637561,60.405281873941234,3.1819496747486546,56.60769038661988,5076.1690508604825,239.0,0
MAQ-010,2026-02-22 05:00:00,55.07840321457033,80.99818663768175,2.2288435863866107,70.87405571151082,17484.143611233405,60.0,0
MAQ-013,2026-02-22 05:30:00,54.33375267537352,32.6487193812754,2.690199591736764,53.43898158925931,20777.50087391517,58.0,0
MAQ-009,2026-02-22 06:00:00,60.72918389822189,98.15277861275864,10.013948295909515,33.53767879877686,10386.601226658186,24.0,0
MAQ-003,2026-02-22 06:30:00,54.47918513972883,74.56798357279779,1.5618214560391783,56.45254936375966,27212.025483461555,50.0,0
MAQ-004,2026-02-22 07:00:00,46.54442322185277,58.76564486475954,2.82795501981737,77.81555234216003,19101.437053197034,74.0,0
MAQ-018,2026-02-22 07:30:00,73.29104004630858,80.65142798725802,2.7955360082139697,72.88120178154071,11970.59747525333,92.0,0
MAQ-020,2026-02-22 08:00:00,73.51893371340155,33.9645720521913,2.887199444732433,65.61861734669453,13540.894572801108,171.0,0
MAQ-016,2026-02-22 08:30:00,95.51189137642476,49.80493218214911,1.2069938659401023,82.96263706020686,34281.06736476518,107.0,0
MAQ-003,2026-02-22 09:00:00,59.97492447467946,80.99650713524284,2.6787897089917156,60.92811974911547,34661.37223882179,164.0,1
MAQ-017,2026-02-22 09:30:00,74.44150884434906,21.392916743890638,2.1386325601192557,66.12552628030436,32513.788730772223,21.0,0
MAQ-014,2026-02-22 10:00:00,74.69068868912203,65.0882399492585,,55.40466240612549,36563.36596519917,227.0,0
MAQ-011,2026-02-22 10:30:00,66.192436583117,64.57917087721277,6.880784882941082,84.1323595350691,38097.02969639021,35.0,0
MAQ-003,2026-02-22 11:00:00,81.16500383124514,90.44606470279894,4.2655928861435815,70.83057095443529,19723.93364011837,8.0,0
MAQ-020,2026-02-22 11:30:00,81.62843780276071,26.506802444999746,3.57919611363652,53.86083779653256,3958.474531751718,101.0,0
MAQ-009,2026-02-22 12:00:00,74.9111664279631,83.9733590265694,4.567337761392855,35.21940506944391,32022.83319166057,156.0,0
MAQ-001,2026-02-22 12:30:00,66.16540442428307,44.92952662331975,3.8235166763197213,87.09922549796653,25373.933943424476,56.0,0
MAQ-005,2026-02-22 13:00:00,64.63704837168197,46.953829721586615,3.2508873466893444,50.1186989763072,15282.635890161104,39.0,0
MAQ-009,2026-02-22 13:30:00,49.48369151804411,33.003921034723724,6.104108597995787,66.44128704979094,39023.772789693096,202.0,0
MAQ-002,2026-02-22 14:00:00,57.911233320734624,35.41866332559535,2.622483825374833,112.05199366289142,13613.539587875093,197.0,0
MAQ-007,2026-02-22 14:30:00,60.66988714147468,62.2634022541706,1.1918069327323042,81.03019083466617,36314.595748777465,180.0,0
MAQ-010,2026-02-22 15:00:00,53.140423563558485,34.9780255339356,2.081222623633749,97.22299177653983,23744.119477539818,52.0,0
MAQ-019,2026-02-22 15:30:00,76.59885950031496,68.32511800575247,1.864077276454681,54.23750374917702,1562.0151646277998,128.0,0
MAQ-002,2026-02-22 16:00:00,87.94941803480515,43.06661115454444,11.804205061527492,86.41952793640414,34427.37081239791,165.0,1
MAQ-012,2026-02-22 16:30:00,56.37906351506275,33.165391494724346,7.153194116192873,65.53337985903782,30512.25781268651,103.0,0
MAQ-019,2026-02-22 17:00:00,74.25162153616955,45.4994353655219,3.6109471595949603,72.32033841537164,25735.253098542744,42.0,0
MAQ-017,2026-02-22 17:30:00,54.48833290705434,61.060729451613504,1.903910568108241,105.4168342607912,24622.026889071167,199.0,0
MAQ-019,2026-02-22 18:00:00,65.42616743591256,50.007641285241654,6.062422489639911,59.427083517005876,8831.536156970527,225.0,0
MAQ-004,2026-02-22 18:30:00,59.64505631233337,55.61578212999037,3.5104329064215123,65.38508907353072,8657.996555053855,39.0,0
MAQ-017,2026-02-22 19:00:00,79.02843472909662,67.53173431304951,2.6268859583978847,46.93570696984075,1263.9798930320324,168.0,0
MAQ-020,2026-02-22 19:30:00,59.818177392367325,74.48358612910508,3.5312997915441278,82.76937111816153,6250.084775842272,212.0,0
MAQ-007,2026-02-22 20:00:00,85.1749062055997,49.41828444539024,2.682079819708056,53.787462034267286,13525.602445430462,129.0,1
MAQ-010,2026-02-22 20:30:00,66.31418839506702,36.20400371962914,4.529796387079384,85.45420831637757,21674.923364039016,11.0,0
MAQ-011,2026-02-22 21:00:00,60.255944356077535,56.36970062060529,1.0939173149495736,32.00173516510298,5319.261444159109,165.0,0
MAQ-010,2026-02-22 21:30:00,51.20042106482255,63.47169254987329,4.507474172536694,75.97276143667214,22347.129992907383,221.0,1
MAQ-006,2026-02-22 22:00:00,73.79806765443024,28.706944492504892,2.6793661077878084,52.126133878738884,10606.472836350631,62.0,0
MAQ-020,2026-02-22 22:30:00,83.4282760333927,38.96905065386347,6.153667689150098,79.61035278660421,10233.04888520024,33.0,0
MAQ-020,2026-02-22 23:00:00,74.09981884805312,42.05463587266706,7.264638375395169,64.72881654291544,37922.97387551454,60.0,1
MAQ-008,2026-02-22 23:30:00,103.58247499621635,51.25920060303322,8.318697837637739,54.29322170263417,39694.547299154845,194.0,1
MAQ-017,2026-02-23 00:00:00,91.44681178705628,41.30138973471786,12.375342891943761,57.2688076624801,32476.400004377003,133.0,1
MAQ-008,2026-02-23 00:30:00,65.38708352924476,67.72673305174419,8.13013340619113,47.992233998827196,2270.240031262727,4.0,0
MAQ-016,2026-02-23 01:00:00,65.22958849289397,26.107602373748485,6.023736931914606,81.75575510641718,29172.405250694766,141.0,0
MAQ-012,2026-02-23 01:30:00,77.04545079228029,26.565063450500357,1.240251245480792,44.02725301149171,7219.186698752875,195.0,0
MAQ-010,2026-02-23 02:00:00,57.42971229361473,48.99000139279368,0.29797710301767194,59.65842722534405,22811.93041746353,44.0,0
MAQ-003,2026-02-23 02:30:00,87.4943245979873,51.83824952548258,6.585600677642683,71.90479159404947,35759.173805442624,140.0,1
MAQ-014,2026-02-23 03:00:00,75.42400782765375,28.816410288554135,1.6391457915681595,97.26989050897038,15269.805706591455,54.0,0
MAQ-007,2026-02-23 03:30:00,73.84688366287799,44.078520832343834,18.01449571059805,64.81402798216372,37160.78323418259,4.0,1
MAQ-005,2026-02-23 04:00:00,80.30430501656224,47.78121128645639,0.8269039767033604,60.14978826923119,28364.051471838575,96.0,0
MAQ-004,2026-02-23 04:30:00,95.84244825053588,47.92063695360138,5.850951481070457,70.47269730232055,12110.371352970928,185.0,1
MAQ-020,2026-02-23 05:00:00,72.56433028281258,57.73386669920725,3.81524259482042,23.530715686511414,3887.196235289654,160.0,0
MAQ-003,2026-02-23 05:30:00,68.30439443692923,43.091580080375884,0.9251959884597326,41.02708598618561,32632.51626225745,24.0,0
MAQ-016,2026-02-23 06:00:00,92.63079434983868,81.60105340014893,3.7982857964006733,57.492670022430985,18376.570398870514,44.0,0
MAQ-018,2026-02-23 06:30:00,84.51325623986703,63.7876835152043,1.8181280977167977,50.740616985346946,3000.4701775827016,129.0,0
MAQ-001,2026-02-23 07:00:00,65.18530239424416,40.471956628456205,3.1068563287186213,32.983334215131755,4214.582049688575,76.0,0
MAQ-012,2026-02-23 07:30:00,70.0777967298853,56.70120688061631,3.139722297280979,82.1555730233517,38681.75913762965,79.0,0
MAQ-012,2026-02-23 08:00:00,72.93071373908198,57.23227573490089,1.8401798164103715,70.19513459114644,9795.77798437309,104.0,0
MAQ-008,2026-02-23 08:30:00,75.42719416907474,76.86498654096006,2.4996782174436536,67.80530494565016,38666.987996509444,182.0,0
MAQ-014,2026-02-23 09:00:00,49.65100223591329,44.19311627950568,1.69513992487055,51.12017697691253,27278.26722994637,138.0,0
MAQ-009,2026-02-23 09:30:00,46.8627308829766,68.81209655897032,0.5963861767749497,66.5878592932733,12089.594962963902,204.0,0
MAQ-009,2026-02-23 10:00:00,56.68914966996319,55.753380564084594,3.571122989999483,75.28898918882119,15410.742182314803,24.0,0
MAQ-009,2026-02-23 10:30:00,55.528923354829864,81.84819729607779,8.102737256430952,59.70207892193439,31103.83391990925,111.0,0
MAQ-017,2026-02-23 11:00:00,60.34263979041246,78.23604614750934,1.7813815506378299,73.89144478480729,17473.057659123293,132.0,0
MAQ-013,2026-02-23 11:30:00,79.52065963135007,58.54562748266681,10.853787972667535,49.078790363497696,3082.556028805023,181.0,0
MAQ-008,2026-02-23 12:00:00,67.46606265512892,50.27891282171091,12.340404073373232,66.94970625979427,9269.58376983051,123.0,0
MAQ-019,2026-02-23 12:30:00,72.94591907515283,64.1189063742302,2.335202817977537,87.849965658522,34427.76442258925,219.0,1
MAQ-017,2026-02-23 13:00:00,51.63544884936607,51.75189951171101,2.7894079121693927,89.64039407152079,27877.34806542831,201.0,0
MAQ-019,2026-02-23 13:30:00,63.075366956185825,85.24552790761003,2.372020486396254,91.55177609899324,20090.54283587317,165.0,1
MAQ-015,2026-02-23 14:00:00,78.8088649261726,56.412461407186214,1.2576223258457218,70.71136830865834,9895.277177763104,95.0,0
MAQ-008,2026-02-23 14:30:00,78.92428687265203,47.69843261476893,2.7997862644120493,65.63227909715492,19036.165542090876,77.0,0
MAQ-016,2026-02-23 15:00:00,59.13139257718138,46.726928450669334,2.5619104304794806,56.02422167681171,31575.07740532283,128.0,0
MAQ-007,2026-02-23 15:30:00,72.4249357956933,33.16535946642327,3.525986440625719,28.850304869651666,3353.5735659726565,111.0,0
MAQ-006,2026-02-23 16:00:00,102.98271780223499,65.01806430567981,3.6684089041866548,38.102006071990154,39791.23596753535,7.0,0
MAQ-010,2026-02-23 16:30:00,69.73603106116543,40.239798352488954,1.17194763263101,61.638900560694815,34404.525499971525,55.0,0
MAQ-020,2026-02-23 17:00:00,59.60219580786332,74.76666853937945,5.06409030731089,62.83423101743139,12786.834735644348,200.0,0
MAQ-012,2026-02-23 17:30:00,67.3935641595676,31.727169027971684,2.7741259220169234,93.24446057612984,34836.010883900446,110.0,0
MAQ-008,2026-02-23 18:00:00,71.3826566129025,57.29034608151851,1.3893117210071124,91.29598258751251,27300.40974314152,227.0,0
MAQ-010,2026-02-23 18:30:00,67.73247428964176,75.70402765295417,2.7257717523283813,51.27027717026831,26687.54164126323,59.0,0
MAQ-006,2026-02-23 19:00:00,69.52967948985247,16.259552836774546,3.772864256395146,81.36651430178037,5674.419780874774,232.0,0
MAQ-014,2026-02-23 19:30:00,48.3482980459474,91.32877978825934,9.121106975474294,55.45862270852179,36245.196164135035,193.0,0
MAQ-008,2026-02-23 20:00:00,55.56054287371073,47.34486645043403,8.167559937200274,78.65232686007602,18068.63769716287,86.0,0
MAQ-012,2026-02-23 20:30:00,,57.539716878918505,2.179810827209204,81.1203545621349,32148.78755775868,146.0,0
MAQ-008,2026-02-23 21:00:00,67.52098044966345,65.28608605929419,2.9219752499144835,89.84185624295475,12050.999235340438,237.0,0
MAQ-007,2026-02-23 21:30:00,61.50716087709999,68.07032301007996,1.6525143628410588,55.14713290434606,12389.346257539668,151.0,0
MAQ-020,2026-02-23 22:00:00,67.34479620885345,59.92991088867428,4.225561562377645,85.28607374361847,38591.0982812783,223.0,0
MAQ-007,2026-02-23 22:30:00,70.91522283121309,72.95292250671461,2.27733420347535,27.54371927757456,19916.73099407098,26.0,0
MAQ-002,2026-02-23 23:00:00,83.34120184786788,64.34327283259263,2.8463453510931487,90.92431363077723,2489.6394639817886,39.0,0
MAQ-008,2026-02-23 23:30:00,68.51182397160923,86.69586052058146,6.744383939303127,64.49966554362967,33444.6952165788,0.0,0
MAQ-011,2026-02-24 00:00:00,75.98654807947379,64.40189577138275,1.1675796810762644,64.92544004028605,9166.477891754572,78.0,0
MAQ-002,2026-02-24 00:30:00,61.875995478491184,90.36343935789557,8.180107407714104,24.251269886190947,35162.2747370801,189.0,1
MAQ-007,2026-02-24 01:00:00,78.58143585397723,71.2194191242778,4.527421978771259,57.22668225505238,36665.9511311556,231.0,0
MAQ-004,2026-02-24 01:30:00,75.63595446418535,22.49649773617127,7.925421868329449,92.10958799227102,3003.363928196325,130.0,0
MAQ-011,2026-02-24 02:00:00,82.98725504769729,101.99984821098114,5.6175490293954695,56.465962165943715,23338.926180217957,101.0,1
MAQ-015,2026-02-24 02:30:00,80.70190693666731,44.66180604741006,6.337042473952082,79.26925521950417,39262.81181251617,223.0,1
MAQ-020,2026-02-24 03:00:00,78.8310343432172,81.91979227363123,3.3967134829336483,65.69110255428218,37243.69262437002,141.0,1
MAQ-008,2026-02-24 03:30:00,68.5237388701333,55.48228197614989,1.3571762151741136,86.25338279199397,21057.20711369691,128.0,0
MAQ-018,2026-02-24 04:00:00,73.67408840566702,74.09962463684643,2.0480836585437494,68.8300193040825,27251.6784912425,20.0,0
MAQ-005,2026-02-24 04:30:00,85.9526339267729,42.607379604415705,1.7360568443603586,46.36376937803796,24210.055202847077,51.0,0
MAQ-016,2026-02-24 05:00:00,60.21888145895808,66.26340177561258,0.45025382175412587,66.12901359697887,8209.808514964147,167.0,0
MAQ-012,2026-02-24 05:30:00,60.573883319547015,50.4425701829007,6.736243183068184,97.02433807402426,26154.603223410693,167.0,0
MAQ-016,2026-02-24 06:00:00,72.72147096925544,83.422056008618,3.1139011240786894,74.95290156072403,13392.333221682447,119.0,0
MAQ-016,2026-02-24 06:30:00,76.22919535398181,62.89602701350617,1.6195158372488516,62.67107385412671,13585.079974913417,168.0,0
MAQ-011,2026-02-24 07:00:00,57.638402511039935,71.84696754342819,12.029976450764288,110.11487638266615,16857.527621526817,165.0,0
MAQ-006,2026-02-24 07:30:00,68.87856154880038,16.046616313484733,15.494558952001615,88.18431405122442,34101.85764517499,15.0,1
MAQ-011,2026-02-24 08:00:00,68.59001838656823,53.45969176380475,1.034170791846988,81.3346783079692,9609.99844790011,200.0,0
MAQ-017,2026-02-24 08:30:00,36.77079826594794,62.389929431049325,2.7981225043783233,71.3468493048875,10106.587503142797,166.0,0
MAQ-020,2026-02-24 09:00:00,66.70609016111861,59.02506831591473,2.658808632172473,79.60547669502215,392.8625529014317,52.0,0
MAQ-019,2026-02-24 09:30:00,67.64023250727301,72.30082984692132,1.5100610372943144,80.25464146365681,6284.774069865555,51.0,0
MAQ-004,2026-02-24 10:00:00,67.59560585765472,,6.628343552439024,21.343693088957245,39149.30356745697,229.0,1
MAQ-012,2026-02-24 10:30:00,91.23871411865902,55.87816789062335,,72.89872425658898,17411.410825708386,61.0,0
MAQ-003,2026-02-24 11:00:00,51.763025522366874,76.26208175946985,10.04528249314931,61.78388281328683,7887.07122333572,7.0,0
MAQ-014,2026-02-24 11:30:00,57.63066143193081,13.983597937983575,3.505226767929964,55.00447453726849,38630.70424920201,7.0,0
MAQ-020,2026-02-24 12:00:00,30.81706302520999,65.60830902949014,11.377324908583,61.09125439911524,1182.0029346740055,54.0,0
MAQ-002,2026-02-24 12:30:00,62.78625000738789,48.99007313211604,3.288168775937523,33.883026263555976,19418.23882693852,150.0,0
MAQ-014,2026-02-24 13:00:00,64.06534668810998,38.57827375803481,2.6511674582960145,28.907797999256417,32203.625211537896,109.0,0
MAQ-019,2026-02-24 13:30:00,62.350342354986154,61.057796036967645,6.99009070642965,89.93004834896993,30935.725664084166,175.0,1
MAQ-017,2026-02-24 14:00:00,86.6151600922564,77.0941233425558,11.328438860936762,74.24315639417853,7649.768893283194,55.0,1
MAQ-008,2026-02-24 14:30:00,82.90926283505445,73.70458896671525,10.13229518997918,16.739757455754415,28340.807967772813,55.0,0
MAQ-003,2026-02-24 15:00:00,71.16785086400957,52.567965443680684,0.7043195617310882,53.472309171965186,24929.315484969415,97.0,0
MAQ-019,2026-02-24 15:30:00,64.44080419690206,70.76333734769707,8.421160521174727,82.61103466793061,27043.52102435574,190.0,1
MAQ-019,2026-02-24 16:00:00,85.39284502160295,70.62522217202519,2.548246576651597,59.399712525587375,10717.582143546693,120.0,0
MAQ-012,2026-02-24 16:30:00,69.70363210246222,53.427317131123,3.0317187428112056,89.90009907596723,32448.302082468254,182.0,0
MAQ-020,2026-02-24 17:00:00,57.72594941622313,42.52455006421226,2.50589020486817,85.99503598553268,22413.576621418517,22.0,0
MAQ-001,2026-02-24 17:30:00,44.25626983773172,43.56578743979806,2.047210537632191,37.86577581378573,29030.614095462857,98.0,0
MAQ-013,2026-02-24 18:00:00,63.38028259156476,70.08136027962647,2.822526649538663,62.13351802302336,37588.98304446594,104.0,0
MAQ-001,2026-02-24 18:30:00,81.31965425758914,54.241357353171566,1.461374220515296,56.03821150382592,34234.34118833209,16.0,0
MAQ-019,2026-02-24 19:00:00,,36.16872004484941,8.455127072525359,37.21523411295799,31315.265074024912,75.0,1
MAQ-014,2026-02-24 19:30:00,70.92415519284214,24.67246896083575,5.562370771028224,35.91451350289457,11656.985102307382,67.0,0
MAQ-019,2026-02-24 20:00:00,58.51966727319544,69.97296613773483,4.0062284343917485,48.87956907516545,2257.916195058888,109.0,0
MAQ-012,2026-02-24 20:30:00,52.22552187573679,45.157988399243976,2.505048559733404,52.181491809747236,23028.314073277714,39.0,0
MAQ-002,2026-02-24 21:00:00,78.27932344458398,60.94697960180767,2.1616075800983725,70.66459554486725,1477.0708234537105,64.0,0
MAQ-001,2026-02-24 21:30:00,43.53075921423597,77.31472432724422,4.659428234893199,85.8842694642884,28596.171991326617,230.0,0
MAQ-007,2026-02-24 22:00:00,78.25517652107332,31.439359416637267,4.104445312033102,75.2728991162474,29499.184684721204,34.0,0
MAQ-015,2026-02-24 22:30:00,82.26567409394369,54.187527150768794,7.328239407212225,80.00744480561647,22560.159323422555,196.0,1
MAQ-004,2026-02-24 23:00:00,76.54419179849296,51.927505368060345,2.1915340512211055,59.66764357059265,6809.261310399581,130.0,0
MAQ-018,2026-02-24 23:30:00,66.70507492092163,61.83537176130329,2.022913492509372,77.0600039322578,35041.28523927822,18.0,0
MAQ-005,2026-02-25 00:00:00,78.47410980320223,77.30487997156783,5.40107922839375,62.032500368194775,23877.257156990403,96.0,0
MAQ-010,2026-02-25 00:30:00,72.5640755669245,31.06986733607666,6.2201704975294545,56.17055233494435,20644.18880795698,123.0,1
MAQ-005,2026-02-25 01:00:00,58.32814237209112,65.2563630767038,14.735911307573113,102.94201897791251,22746.91120572798,66.0,1
MAQ-010,2026-02-25 01:30:00,97.75618483562539,73.56742794988662,0.6674160318174766,18.39048086905003,3407.194763863872,64.0,0
MAQ-010,2026-02-25 02:00:00,64.72480930584226,51.64521284877791,8.771426621853273,27.533914053852783,29643.438484083163,170.0,1
MAQ-001,2026-02-25 02:30:00,81.63628450674864,52.525954127923775,3.7611151087206096,72.65399508267208,2524.9457971728566,7.0,0
MAQ-012,2026-02-25 03:00:00,33.72078575956428,62.5320886417286,2.295763620149818,59.700353029351,23177.687524784742,222.0,0
MAQ-016,2026-02-25 03:30:00,89.14706324171394,61.206707402016185,4.703829201589062,36.260312996661554,6853.35777411113,77.0,0
MAQ-019,2026-02-25 04:00:00,92.03145616981872,65.48234693260821,,43.90778097672464,8387.307364756723,91.0,0
MAQ-007,2026-02-25 04:30:00,70.44750680689957,65.1030494752219,2.350202302267938,46.511884062764366,9406.84460324279,30.0,0
MAQ-018,2026-02-25 05:00:00,78.38156552106638,37.324498498918274,0.7231591471868367,82.84673074261828,670.794975689501,211.0,0
MAQ-018,2026-02-25 05:30:00,78.37772772411344,72.82479695868898,8.791943430873772,89.24820862128878,35684.36936143572,53.0,1
MAQ-020,2026-02-25 06:00:00,60.358246455389136,76.00209691942429,1.8772868158664417,97.79125130461236,32188.987332445307,192.0,0
MAQ-008,2026-02-25 06:30:00,78.2068345815901,58.34949208642537,1.6401842002284963,33.21977555581324,1348.3292618906441,78.0,0
MAQ-018,2026-02-25 07:00:00,,28.105204482105997,2.0325186767167027,37.65752934976936,2373.7449111787255,7.0,0
MAQ-012,2026-02-25 07:30:00,60.86864614532011,52.93457729199837,6.009462220038747,36.28747050998955,31336.78621432011,98.0,0
MAQ-002,2026-02-25 08:00:00,86.90414714818448,58.49930578493023,2.5847643057694576,90.77714011540019,371.4511740310721,125.0,0
MAQ-006,2026-02-25 08:30:00,84.61986536050304,,2.0657500837263716,73.34448908839059,18813.056656955112,112.0,0
MAQ-014,2026-02-25 09:00:00,59.40436746826311,48.517514855613754,4.482276505559199,66.60398432939444,4381.16044634289,236.0,0
MAQ-004,2026-02-25 09:30:00,58.99635484748439,29.631351023946248,4.033535803467551,69.59257387694895,23706.125858040472,124.0,0
MAQ-009,2026-02-25 10:00:00,60.31605096313492,65.93126004975599,2.1035080393816536,63.86443445722513,39933.78267358785,186.0,0
MAQ-016,2026-02-25 10:30:00,80.98959349698237,57.98719566823692,0.708771530845133,42.5771590518699,6963.658470105116,88.0,0
MAQ-003,2026-02-25 11:00:00,55.000228287844045,25.3759030333436,5.916298288012397,75.26345579569809,38271.68550963987,34.0,1
MAQ-010,2026-02-25 11:30:00,75.35068958553929,61.32636750847565,4.088990564266716,61.27722988692627,34632.59390304421,119.0,0
MAQ-005,2026-02-25 12:00:00,81.20270215951442,53.98283894697476,0.48443429195877297,40.99356973041414,39435.61322893687,134.0,0
MAQ-011,2026-02-25 12:30:00,68.6763182456035,64.29545708957929,9.646476910201331,76.48570890716115,30670.92648074049,100.0,1
MAQ-005,2026-02-25 13:00:00,85.15095545297392,47.952416192402296,0.4607618098136531,56.484247274548245,34294.07063297969,183.0,0
MAQ-020,2026-02-25 13:30:00,65.43534745765311,40.57337078662557,1.7514377688142788,69.54966973682754,23824.4458190555,231.0,0
MAQ-002,2026-02-25 14:00:00,66.79216598509129,41.124796723759474,1.850169366245749,62.5004167740395,34704.63483886304,19.0,0
MAQ-020,2026-02-25 14:30:00,55.34130653302215,45.31293610212872,2.1291265736789406,82.82757544449618,4549.3390095885625,16.0,0
MAQ-016,2026-02-25 15:00:00,85.25766021430309,55.33885173845885,2.072685553254139,69.40325948457883,29692.00674430018,65.0,0
MAQ-018,2026-02-25 15:30:00,58.50219329531694,57.66325237764626,1.1260753532665206,47.32599650286389,25186.071121346184,140.0,0
MAQ-018,2026-02-25 16:00:00,75.24657726572589,51.56704219945415,3.8067100791743433,71.44006447077064,2487.8746612408036,10.0,0
MAQ-004,2026-02-25 16:30:00,68.93025899311098,47.38024811806265,6.610455662371947,72.09377448946124,11734.455816811182,46.0,0
MAQ-019,2026-02-25 17:00:00,54.208254053325064,48.67474117590133,3.76868963005762,75.22665948077746,8722.661334863542,98.0,0
MAQ-012,2026-02-25 17:30:00,60.86345284265019,100.13904613912479,4.254709007175724,85.71748509463825,16266.500486874133,90.0,0
MAQ-020,2026-02-25 18:00:00,90.743083585611,41.12694727303224,2.6319480949520258,52.68034429645654,8014.298326796883,203.0,0
MAQ-018,2026-02-25 18:30:00,73.02486313951721,44.95650384616853,3.660903548611007,78.35871334361065,11065.702801664205,131.0,0
MAQ-012,2026-02-25 19:00:00,54.86274487949737,114.28937395062667,4.487883405696414,30.5036552431839,11911.602396189557,209.0,0
MAQ-008,2026-02-25 19:30:00,74.57992431023038,62.57823944428995,5.564511608031507,62.60030369423387,24032.454715468764,182.0,0
MAQ-003,2026-02-25 20:00:00,67.80828952608182,30.160348013733476,1.936607207164923,59.50680230384715,5481.463026798451,99.0,0
MAQ-003,2026-02-25 20:30:00,121.81069603366272,70.16836967159074,1.7307318725936314,93.95690440360559,9719.93926541211,234.0,0
MAQ-008,2026-02-25 21:00:00,74.27685762013408,38.61929999437935,0.3048432194954406,61.87329142047029,12754.207633105943,202.0,0
MAQ-017,2026-02-25 21:30:00,64.29062729400454,71.36310714049175,11.536568019973583,77.15977556343219,18017.810737215303,118.0,1
MAQ-011,2026-02-25 22:00:00,91.30041876680656,51.202678971327735,11.059194065819417,29.76442754254886,1619.7364499163255,204.0,1
MAQ-010,2026-02-25 22:30:00,42.38445749060732,47.08367470919067,3.2065021791565744,57.964840706228365,39968.536937703175,61.0,0
MAQ-005,2026-02-25 23:00:00,71.41480234571647,83.96496943889649,3.3454029081043624,48.072802651328416,12085.640901825816,49.0,0
MAQ-012,2026-02-25 23:30:00,99.91642742021608,65.1952243478664,9.189462767077979,114.5102224659105,11565.059943350943,189.0,1
MAQ-013,2026-02-26 00:00:00,68.25701073460368,72.51380987408574,1.16014911246577,51.66406485757285,22239.336404988386,189.0,0
MAQ-020,2026-02-26 00:30:00,44.00048433027882,62.828554231359035,,66.46558145322905,34175.883954952435,53.0,0
MAQ-015,2026-02-26 01:00:00,,46.99999857172423,9.570700328152265,67.5315160455034,18326.693785625812,180.0,0
MAQ-013,2026-02-26 01:30:00,91.81777061438555,66.00437956464775,2.610424107104575,33.21043418126693,10028.68411350586,121.0,0
MAQ-019,2026-02-26 02:00:00,75.64104394481157,76.7658770683203,1.3913036324794792,54.47929178913772,22678.432577494637,134.0,0
MAQ-009,2026-02-26 02:30:00,57.41715835731223,57.42528478331596,4.677291710682211,73.09533025298511,19369.407746026616,203.0,0
MAQ-019,2026-02-26 03:00:00,59.72135789231464,87.42956687823711,1.9462461978730194,66.7144455048257,16980.685598189604,38.0,0
MAQ-008,2026-02-26 03:30:00,61.6044959327528,70.30876965763436,8.49253794583035,18.991780559841267,39356.929736290505,96.0,0
MAQ-003,2026-02-26 04:00:00,75.41796826080994,58.81568589588901,3.6385980478576947,53.660171109907985,39838.415552295744,69.0,0
MAQ-009,2026-02-26 04:30:00,90.0729419940798,59.526757558320725,2.0120395131922355,85.41643322893785,22521.558755457994,133.0,0
MAQ-003,2026-02-26 05:00:00,85.78634519198756,57.470268321417244,2.104938459138716,76.7644585462587,2813.3566901652553,37.0,0
MAQ-003,2026-02-26 05:30:00,76.84018273163693,32.47770185929015,4.518185604725665,89.36066703650408,22720.011461267433,28.0,0
MAQ-018,2026-02-26 06:00:00,50.02532859913775,53.37870047544511,2.8673904846365095,45.28705325153418,38103.63872047712,167.0,0
MAQ-016,2026-02-26 06:30:00,50.081012290098386,58.98135673614101,2.578781568706532,90.61859070558116,37035.131974717944,13.0,0
MAQ-005,2026-02-26 07:00:00,77.99878031820646,47.51046781720248,5.714018659638067,64.11187903421637,8698.483892309774,100.0,0
MAQ-017,2026-02-26 07:30:00,49.81793353100659,61.07818633668451,9.274210260685924,96.84445001877879,7685.767333008347,236.0,1
MAQ-002,2026-02-26 08:00:00,66.61649468397094,55.383534826392,5.169497638961576,65.06608868167547,6175.008614961639,239.0,0
MAQ-006,2026-02-26 08:30:00,74.56225669279266,68.92645403977784,1.8189961939658799,24.050490145713738,32809.395541552665,42.0,1
MAQ-015,2026-02-26 09:00:00,52.93609006955967,66.93602285918315,1.3152987876400268,81.98509142614287,19653.196773879994,222.0,0
MAQ-007,2026-02-26 09:30:00,54.63606498461705,58.00875917652714,5.484210373504896,56.12972644050715,13588.058169303904,80.0,0
MAQ-015,2026-02-26 10:00:00,68.58818403148273,30.39016795656403,5.162284909963726,57.47540777263033,13059.806036704045,47.0,0
MAQ-018,2026-02-26 10:30:00,77.55475431286081,87.23300929626107,2.433622308259087,35.93807137860461,11088.988393880076,121.0,0
MAQ-002,2026-02-26 11:00:00,85.92278155620635,52.445962025719425,2.911088062438491,97.44398998012086,35316.528987164886,117.0,1
MAQ-001,2026-02-26 11:30:00,79.10580152155828,53.54404383348763,1.9087398626102778,54.57797652394305,16446.227720609495,89.0,0
MAQ-019,2026-02-26 12:00:00,71.10484892488292,48.834624723411025,1.3439342592820125,96.5007154982504,9836.307652111047,102.0,0
MAQ-011,2026-02-26 12:30:00,58.80707869664426,46.208590190820345,2.0439970104460343,56.37513676814294,28445.15176200461,23.0,0
MAQ-011,2026-02-26 13:00:00,53.93639506233221,,0.21003635667387804,46.44509595701444,25454.636819982752,63.0,0
MAQ-010,2026-02-26 13:30:00,62.33684367506279,79.94879776694944,7.4468740492236964,91.39058348059628,28643.0856283044,47.0,1
MAQ-009,2026-02-26 14:00:00,76.14903377470851,62.99908126439807,0.9802772796995626,63.53330501999541,32896.04896974161,223.0,0
MAQ-014,2026-02-26 14:30:00,75.04935559941015,53.064997220246944,3.258576593516456,63.72855985289688,4139.225211299883,118.0,0
MAQ-012,2026-02-26 15:00:00,38.50147021412316,66.14412373024756,0.37450519389063364,39.3674811943376,179.35078386077413,131.0,0
MAQ-004,2026-02-26 15:30:00,,56.32834567184871,5.041161799009097,55.847532906074875,2117.5930221305507,105.0,0
MAQ-013,2026-02-26 16:00:00,88.06761327409234,51.575987470184224,6.142349955971617,73.57391647261997,28301.051040037593,212.0,1
MAQ-014,2026-02-26 16:30:00,71.1882257170621,61.08590658711394,3.485081647431297,39.01640012482295,37386.411955963566,191.0,1
MAQ-003,2026-02-26 17:00:00,48.74486630345521,47.05916055498199,3.113164052204298,54.21824611656366,13311.104742453037,165.0,0
MAQ-008,2026-02-26 17:30:00,105.33731772397226,59.54075675206178,1.9023285579902642,56.59107125185085,31269.647239138296,74.0,0
MAQ-016,2026-02-26 18:00:00,69.56587401527852,58.67597666118944,7.323045414973321,66.32881609427996,29194.461983659905,74.0,0
MAQ-013,2026-02-26 18:30:00,75.76500938970112,65.85284838264263,0.7820295648972081,94.59119291276528,39124.6570135082,225.0,1
MAQ-003,2026-02-26 19:00:00,75.99287134067701,43.85553476543904,2.306649871653203,59.00093734034032,18884.643951439106,223.0,0
MAQ-001,2026-02-26 19:30:00,64.48606800759721,67.78245435177773,1.7169027625280897,51.189986751748755,6726.311394747067,67.0,0
MAQ-012,2026-02-26 20:00:00,59.086394772679085,38.686393126890906,1.6653183848106692,119.92741264049343,30632.732883450917,80.0,0
MAQ-010,2026-02-26 20:30:00,101.82512477598911,44.693800270817704,7.1925573757823615,56.3362929295314,32770.87267445543,79.0,1
MAQ-020,2026-02-26 21:00:00,85.04808804426625,45.479348935376606,2.9668425257780746,61.186836776616076,28321.27302062612,188.0,1
MAQ-011,2026-02-26 21:30:00,82.32905801663014,35.70306809727379,1.8896753195708647,57.84307261617935,34540.94876386318,227.0,0
MAQ-019,2026-02-26 22:00:00,78.64433787577316,73.28192110094193,4.186634081045167,59.46461797780745,14910.185074464189,213.0,1
MAQ-005,2026-02-26 22:30:00,54.95023914457473,37.55705542858365,3.937418634485132,66.55509726031922,27643.5686286196,201.0,0
MAQ-009,2026-02-26 23:00:00,89.1629528761041,42.4195059266799,6.065964944390999,83.41592955186549,10627.560702606173,83.0,0
MAQ-003,2026-02-26 23:30:00,57.35301012982376,77.59733878875956,4.5223470731820585,73.07975446546811,17912.96182299952,76.0,0
MAQ-012,2026-02-27 00:00:00,74.24930197225969,44.72951136663429,3.073431219968129,86.54191126732842,9775.437549309167,213.0,0
MAQ-004,2026-02-27 00:30:00,45.40915141803147,51.61343166751426,3.239054235633609,85.88057349214867,6265.89353866099,94.0,0
MAQ-010,2026-02-27 01:00:00,39.38711724028721,36.78347798350235,4.3799087901048175,69.17104211231752,1534.5345952793505,51.0,0
MAQ-007,2026-02-27 01:30:00,74.77436803979673,69.99312173720833,,72.5262394012755,26889.827901874127,202.0,0
MAQ-004,2026-02-27 02:00:00,57.86351099207638,70.24125239543918,3.8773015817719148,87.17473352537246,35023.396222268915,115.0,0
MAQ-002,2026-02-27 02:30:00,40.1624864305409,68.30102627422204,9.133787393468609,42.77580143995035,12645.33542901961,20.0,0
MAQ-011,2026-02-27 03:00:00,78.10914254420614,64.675536907491,3.487259340621952,114.96422404476601,17226.491799564315,215.0,1
MAQ-019,2026-02-27 03:30:00,101.80121156576183,56.32460399835058,2.4860552576389456,54.74829738944786,241.52323727268328,70.0,0
MAQ-004,2026-02-27 04:00:00,90.84340387870093,45.56121999511628,2.4604784054570374,57.980701568620475,16572.90542400481,74.0,0
MAQ-009,2026-02-27 04:30:00,66.14023172101491,40.33055248001162,4.250661546693772,40.76198050652469,11324.752391775166,127.0,0
MAQ-005,2026-02-27 05:00:00,70.13267960045418,78.21829948171006,3.721828195240708,41.35698384091204,23010.581201971592,64.0,0
MAQ-017,2026-02-27 05:30:00,,68.76647689107861,5.209677753444064,84.48068137779472,36349.83559575738,198.0,0
MAQ-009,2026-02-27 06:00:00,86.8319202975236,42.52052391039236,1.993876505417571,110.40386555284503,20295.48750794835,165.0,0
MAQ-020,2026-02-27 06:30:00,64.84696421761451,55.71697182801642,2.836707255736248,53.655197783833046,27053.753130124183,135.0,0
MAQ-005,2026-02-27 07:00:00,70.51266573586861,49.59792832626976,5.826495853919993,71.94633056255036,28248.765308244238,48.0,0
MAQ-002,2026-02-27 07:30:00,74.50922210146804,34.69220729729649,6.148053407949156,69.40333191424327,6182.033295772385,117.0,0
MAQ-012,2026-02-27 08:00:00,78.30814480418248,58.197724779183446,6.181786347626967,85.00489124833517,13928.167251691862,65.0,0
MAQ-014,2026-02-27 08:30:00,68.00385336983099,47.52113204369448,5.406465030943172,109.37428929034796,4614.507495473337,230.0,0
MAQ-020,2026-02-27 09:00:00,68.19872132396884,37.85434000667766,5.535172149367897,95.41946835963172,17685.789491164753,190.0,0
MAQ-018,2026-02-27 09:30:00,90.69748494631583,28.375614025448286,3.872182058897272,60.22681438038505,35502.69869622877,27.0,0
MAQ-018,2026-02-27 10:00:00,88.1428105366433,26.85153699629792,0.9441055016839695,75.5753527141927,19289.280594422806,126.0,0
MAQ-013,2026-02-27 10:30:00,77.16115860154133,48.31432970149649,1.036847976791659,77.56115685484454,18300.504030435164,187.0,0
MAQ-008,2026-02-27 11:00:00,95.78663605034393,53.46829053235152,3.437053251379186,64.5981873766476,8452.009477230538,125.0,0
MAQ-009,2026-02-27 11:30:00,64.20331356660374,39.24458541707831,3.5510626724195746,43.08127733006538,12477.669475473529,30.0,0
MAQ-003,2026-02-27 12:00:00,94.34460172944071,66.7133096978301,1.6324415651317623,49.024475628739566,37470.32294414284,33.0,0
MAQ-009,2026-02-27 12:30:00,78.13773165303326,,1.7239769549480033,87.9630530185843,12189.513438055463,175.0,0
MAQ-008,2026-02-27 13:00:00,119.06539183321884,65.3839355907757,3.05857534637092,90.02615991644099,29282.324763445642,125.0,1
MAQ-001,2026-02-27 13:30:00,52.11277109826283,51.70760577662126,12.664658794020122,60.84865270321627,1781.4524300875842,130.0,0
MAQ-005,2026-02-27 14:00:00,59.65982121673988,40.83188256627209,1.3830020748839726,70.22110788120176,5219.727007770467,64.0,0
MAQ-011,2026-02-27 14:30:00,76.28196742300821,57.05411628049505,2.384581677878097,88.94527642659287,12527.968860565437,63.0,0
MAQ-008,2026-02-27 15:00:00,75.95851079468488,32.2718587836702,6.0591945392560245,30.914622559334035,36066.69236827299,97.0,0
MAQ-020,2026-02-27 15:30:00,99.25208476262527,64.70989337145966,5.321100597263583,56.07295138322287,8849.737029674188,130.0,1
MAQ-010,2026-02-27 16:00:00,59.97437975050699,38.1313142827636,4.093401602945023,105.35742762965288,29097.109942391817,112.0,0
MAQ-020,2026-02-27 16:30:00,83.57377778040826,71.52818547760208,0.5688408421606149,70.98615432406635,6784.226229297632,211.0,0
MAQ-014,2026-02-27 17:00:00,87.43694507022994,48.90779656764553,2.715184795025904,42.415678305931316,24552.39764011385,45.0,0
MAQ-001,2026-02-27 17:30:00,80.56971748330972,74.12560329357851,10.464477292439119,67.34564587147429,23514.44640697612,113.0,1
MAQ-005,2026-02-27 18:00:00,55.5850548711352,34.79278260541032,1.6746013202135857,85.42871184536553,24915.721255472927,56.0,0
MAQ-015,2026-02-27 18:30:00,91.11638207881298,42.80014538688123,1.6190377413006025,14.069341253428362,11522.433214334966,1.0,0
MAQ-011,2026-02-27 19:00:00,88.43987396973121,61.856829043274274,8.863762146548837,68.52571634382186,6567.909578408057,99.0,0
MAQ-007,2026-02-27 19:30:00,78.99376779685566,76.06894768168159,3.053654671377581,57.551708908150246,35470.78139056823,13.0,0
MAQ-011,2026-02-27 20:00:00,73.06521530813431,84.99896034966861,0.6188673319745984,32.16003747126105,22820.813106309146,89.0,0
MAQ-019,2026-02-27 20:30:00,73.39162015066557,55.74459094625571,1.2275879800804599,66.63854510260619,8560.522471865428,151.0,0
MAQ-008,2026-02-27 21:00:00,68.81896311640934,88.07942135416161,2.036890130438113,62.27039536479104,16591.82922249787,90.0,0
MAQ-001,2026-02-27 21:30:00,79.61177701378963,49.786038103142246,3.9503664704469665,64.51819495604722,2776.950567715755,162.0,0
MAQ-007,2026-02-27 22:00:00,70.46702279417467,74.7778172025335,2.7973636110038,58.034787595104746,19067.507052434732,70.0,0
MAQ-019,2026-02-27 22:30:00,57.27212536971038,38.040742054732505,1.5559713236244108,44.5732489609172,17013.241969700455,96.0,0
MAQ-016,2026-02-27 23:00:00,54.27112532758612,62.563609123538576,2.8287720662737432,35.90394332803506,5395.776871198405,210.0,0
MAQ-017,2026-02-27 23:30:00,58.71945619521562,12.849525264583981,1.6735656088753146,51.18620119450751,17830.456173783477,58.0,0
MAQ-019,2026-02-28 00:00:00,73.33198363824178,34.81136179024377,10.871752188117872,82.18504228152129,25617.340349748963,120.0,0
MAQ-003,2026-02-28 00:30:00,69.59566245347189,63.400182365453766,1.165606177702211,69.6614058745349,37146.76874486364,171.0,0
MAQ-006,2026-02-28 01:00:00,73.23015689933123,31.376100660390577,2.257266248358364,63.6165334110682,28157.08923898503,86.0,0
MAQ-002,2026-02-28 01:30:00,77.51219700319166,62.68509299420532,2.0013266801960925,44.20463701857021,20147.1679261534,72.0,0
MAQ-001,2026-02-28 02:00:00,60.590186111246815,71.31624617462253,2.0288332045884894,57.521701342915776,30825.039602659577,167.0,0
MAQ-017,2026-02-28 02:30:00,91.98490252518022,45.976236531070995,1.291837896621622,79.74315116714425,11269.417725898738,17.0,0
MAQ-019,2026-02-28 03:00:00,65.98433759428788,37.55884679786443,8.412208232891565,75.09567524970981,26784.385777951084,63.0,0
MAQ-004,2026-02-28 03:30:00,63.49859522827737,46.464640914614705,13.310389039596577,55.456022604545694,301.9804552591321,98.0,0
MAQ-015,2026-02-28 04:00:00,77.23579355998679,37.61537825468466,4.310843638359432,12.771956970643963,2994.790104936065,52.0,0
MAQ-011,2026-02-28 04:30:00,42.45234696437391,53.17815595571348,4.042036925545838,51.50304739676837,25008.198894825135,129.0,0
MAQ-002,2026-02-28 05:00:00,58.14198325415621,56.83763124798547,0.7532842526448386,55.346109647787245,7782.728018079593,148.0,0
MAQ-019,2026-02-28 05:30:00,84.7160919803775,49.49181778425744,8.273919201454353,46.85788124594477,27580.310491962104,231.0,1
MAQ-018,2026-02-28 06:00:00,43.938671064068345,85.13846632336279,1.6723436638398408,56.7364843372059,25506.45525370244,144.0,0
MAQ-012,2026-02-28 06:30:00,86.76361295399734,,0.6650765064725223,81.33100256390436,2640.303301376196,142.0,0
MAQ-015,2026-02-28 07:00:00,92.66704849538702,80.04579722659562,,64.25407094086971,15760.616997127328,174.0,1
MAQ-008,2026-02-28 07:30:00,64.45816993264377,36.25769374638195,6.82702477982688,84.79392095809884,24558.787712447534,49.0,0
MAQ-016,2026-02-28 08:00:00,74.37719151139466,56.30999625894788,8.218149150058478,34.83255828709191,28567.917100176,112.0,0
MAQ-009,2026-02-28 08:30:00,86.7863062727654,76.29589735386526,2.280959745634146,58.898718840901125,32661.758005017222,199.0,0
MAQ-020,2026-02-28 09:00:00,62.998162179347204,75.36442874055973,,26.219557783099994,13284.671776434532,42.0,0
MAQ-002,2026-02-28 09:30:00,83.01663280789272,47.43535784139577,3.805957479013896,56.46844940326304,33484.9700859659,69.0,0
MAQ-004,2026-02-28 10:00:00,59.932768073039924,64.99125496128421,2.797961513028324,44.086850894046535,14234.751597625207,52.0,0
MAQ-020,2026-02-28 10:30:00,62.83596560000231,62.58122350595607,4.956352307131369,90.62505666856765,378.7749638801211,230.0,0
MAQ-006,2026-02-28 11:00:00,58.00995303512539,45.28109478533068,3.8360340142049285,73.19424011687012,24439.235403496845,85.0,0
MAQ-007,2026-02-28 11:30:00,75.13970798792205,66.08709886866534,1.5552368168184698,85.29658991186028,9742.577026601499,78.0,0
MAQ-016,2026-02-28 12:00:00,87.36953578848325,88.5248590969427,8.399887198476746,56.413043494541405,5062.813949541755,195.0,1
MAQ-004,2026-02-28 12:30:00,67.23830601824254,63.49061197112735,4.977759392099572,44.605638057667136,10408.47661919208,218.0,1
MAQ-011,2026-02-28 13:00:00,50.931262601313954,65.19441482327207,6.717493267788357,43.96874010923123,33133.76852336827,1.0,0
MAQ-006,2026-02-28 13:30:00,53.75939766569776,67.09878960761273,1.5793346538023565,70.30878561541715,36568.65219958126,210.0,0
MAQ-004,2026-02-28 14:00:00,75.9189913205581,28.70242106760747,4.875847118793412,101.20322988386849,38471.69529242261,169.0,1
MAQ-020,2026-02-28 14:30:00,,63.2840441177132,5.857674543676946,73.24764584040976,12182.931483710016,207.0,0
MAQ-004,2026-02-28 15:00:00,75.90587498971597,36.69832765290651,3.725435117889507,57.50464541424834,18291.55545674308,20.0,0
MAQ-002,2026-02-28 15:30:00,64.19655174023121,44.3820350674396,1.2785972600765951,61.22458289746832,32120.79150204653,9.0,0
MAQ-014,2026-02-28 16:00:00,,93.91495206139305,3.4696553091424494,64.37399336496405,12784.317271431071,80.0,0
MAQ-018,2026-02-28 16:30:00,66.4075204661988,50.44129102614142,5.474483254326307,105.53285120356318,15467.213133886566,203.0,0
MAQ-003,2026-02-28 17:00:00,64.3257217395369,41.67686612270391,7.034904699283446,89.67217131669764,9567.252120262721,119.0,0
MAQ-015,2026-02-28 17:30:00,55.623113414571044,75.74648642022505,0.8222469838598344,70.1991800830073,22937.45604213386,173.0,0
MAQ-011,2026-02-28 18:00:00,91.12673266369534,37.941813948837215,3.670407617813449,67.19463935612212,26404.741283129883,58.0,0
MAQ-017,2026-02-28 18:30:00,31.911881237565048,46.94645540458581,1.0184280725828816,70.98706780739752,12805.734257955197,80.0,0
MAQ-003,2026-02-28 19:00:00,81.96788800418904,77.482939023751,5.524964806086742,74.88551338566154,1066.7976088114144,210.0,1
MAQ-020,2026-02-28 19:30:00,63.04382593303695,55.76981617554327,6.5599843171264185,56.73604094048808,29462.721753461803,117.0,0
MAQ-013,2026-02-28 20:00:00,63.84488902822581,26.891253187722473,1.4544167828328747,48.11842105246727,24702.231844928952,187.0,1
MAQ-017,2026-02-28 20:30:00,95.38472734176719,,1.221101725396776,85.64440521109731,8838.051545494294,153.0,0
MAQ-008,2026-02-28 21:00:00,59.28803361699923,47.86361412316284,1.9874952175954552,65.43965461143968,12654.442239114253,42.0,0
MAQ-019,2026-02-28 21:30:00,59.79896268957385,82.71732675754441,2.879350918224906,83.97455871629937,38288.83221186012,226.0,0
MAQ-013,2026-02-28 22:00:00,68.04408641620705,44.08863494258559,1.773161750343986,97.92317497552887,25245.12144587051,227.0,0
MAQ-003,2026-02-28 22:30:00,76.20771078718357,73.92206752706667,5.872838442810194,75.4122946819912,23859.562480016244,187.0,1
MAQ-019,2026-02-28 23:00:00,63.37216326560696,86.96256458258286,7.059800855025477,72.1709695914014,25623.660424795384,112.0,0
MAQ-016,2026-02-28 23:30:00,46.392116041961714,39.683021971391724,3.557137583042293,129.00485961034127,38182.336938270906,102.0,0
MAQ-007,2026-03-01 00:00:00,57.014527286773514,51.52216562635253,1.8238345684843782,69.14040256559636,13660.377032370494,71.0,0
MAQ-011,2026-03-01 00:30:00,89.22000784696779,61.99525493460011,2.7988808481960654,43.189063843073036,11308.547446595705,154.0,0
MAQ-008,2026-03-01 01:00:00,71.12165183703267,39.56777645402486,3.5564415600121553,59.37549535656025,15132.024962742054,74.0,0
MAQ-011,2026-03-01 01:30:00,76.76630925555733,59.865309040740954,2.7045171441325233,96.03369423491083,32057.868853681375,44.0,1
MAQ-020,2026-03-01 02:00:00,66.07868189240443,50.95143482489214,3.075073727123288,39.11665299439907,4926.259088160037,14.0,0
MAQ-018,2026-03-01 02:30:00,60.10753455740095,50.58878371131943,6.6801425098813745,49.95080791694039,8352.305448312109,101.0,0
MAQ-005,2026-03-01 03:00:00,,55.88089106874601,1.7256582986889868,87.12853611937035,9206.995947880132,195.0,0
MAQ-020,2026-03-01 03:30:00,67.17712214423379,56.282764880414156,11.468201619348521,59.56758714973932,25491.45790836185,189.0,1
MAQ-009,2026-03-01 04:00:00,63.3494518070931,57.94985384336872,3.6360449720495542,62.7950842604701,25699.16268270661,203.0,0
MAQ-015,2026-03-01 04:30:00,,44.221125781777886,2.5923827422464973,86.46745640261258,14938.266697286715,145.0,0
MAQ-016,2026-03-01 05:00:00,59.16459461698922,45.00690896170444,1.689702764120773,50.66357648692078,11120.071674795292,208.0,0
MAQ-010,2026-03-01 05:30:00,61.07908984339005,52.86542340115305,1.8165253005298658,35.62795096955877,30210.612059648654,187.0,0
MAQ-010,2026-03-01 06:00:00,70.15370026025347,54.19436245775569,3.3098255984035614,37.222280582749285,1365.8900212981905,193.0,0
MAQ-010,2026-03-01 06:30:00,70.0040515613227,47.1007118809609,3.617194704482649,76.63560886819243,29575.634658848932,122.0,0
MAQ-018,2026-03-01 07:00:00,73.89417021854821,60.83091355754833,2.52035589313423,70.18264187661589,8489.932375397226,20.0,0
MAQ-008,2026-03-01 07:30:00,101.37503634093233,22.33428852384646,1.0106060607399932,51.1486697344134,36120.80457221847,91.0,0
MAQ-006,2026-03-01 08:00:00,75.04372369528555,41.85160733963887,3.310271879859445,41.82416758385732,16606.360504329026,203.0,0
MAQ-008,2026-03-01 08:30:00,34.32919055873799,49.96129912834862,1.8450601307159429,59.58853749702266,25727.64644336351,178.0,0
MAQ-004,2026-03-01 09:00:00,74.89448415147342,39.58992663344911,0.6162292231425143,87.33034572500944,4926.675459736897,3.0,0
MAQ-008,2026-03-01 09:30:00,70.56819991734399,84.32556426656004,5.092584210343858,48.28364092341488,10229.987897173036,22.0,0
MAQ-003,2026-03-01 10:00:00,70.65175036527187,55.33951324104913,0.7206928535387122,51.746319560948756,28054.282914786854,158.0,0
MAQ-002,2026-03-01 10:30:00,73.68920964094256,58.18185420806626,2.435159010574663,41.18956865307242,22059.18246825505,234.0,1
MAQ-015,2026-03-01 11:00:00,69.56982568487801,46.301847256621706,3.0114859979417448,57.651742217956574,30842.047500485845,175.0,0
MAQ-002,2026-03-01 11:30:00,69.21081860416916,54.715979433286705,7.711183942357939,71.7615798143316,22579.753356454003,227.0,0
MAQ-012,2026-03-01 12:00:00,79.1956631465618,33.12543764255079,0.6518907841356325,107.30338314086181,22816.314111216485,15.0,0
MAQ-016,2026-03-01 12:30:00,61.868788042082485,51.94329335028868,5.48162159706869,69.35563025639874,34344.53337100447,211.0,0
MAQ-015,2026-03-01 13:00:00,55.78470496541237,38.13384828527639,6.086438878745451,63.92643789525962,17045.127700503046,30.0,0
MAQ-009,2026-03-01 13:30:00,115.35672178933586,50.006735474389075,9.299384791286819,82.25873211970263,35812.28431433441,212.0,1
MAQ-004,2026-03-01 14:00:00,59.2621383432815,8.92150180655505,6.891905041090931,78.92431103660489,14951.388396995459,233.0,0
MAQ-019,2026-03-01 14:30:00,71.50214368690115,34.695942248016536,3.0879698052437985,53.44678371266634,13210.908850124893,122.0,0
MAQ-017,2026-03-01 15:00:00,47.56509623686949,81.350675281258,5.652078847759382,111.04120146860154,31198.90894191717,127.0,0
MAQ-013,2026-03-01 15:30:00,71.74702622577132,69.94715948393576,7.963816917065205,64.51233295412094,560.7013399035079,119.0,0
MAQ-002,2026-03-01 16:00:00,56.00161673965997,78.74270804647416,0.4834352784444054,69.72750640711591,6970.465581568275,132.0,0
MAQ-001,2026-03-01 16:30:00,63.362905857249835,79.97898285407663,1.0019920385807632,76.02697174572265,2963.453017532537,196.0,0
MAQ-007,2026-03-01 17:00:00,85.67596998656686,67.1137736349606,3.8943676912333434,71.91744735225906,20532.99321106542,67.0,0
MAQ-004,2026-03-01 17:30:00,77.0801435256711,46.84836366317557,6.038790172001854,95.50795337749179,25160.03295301098,67.0,0
MAQ-018,2026-03-01 18:00:00,78.52614286862229,36.329482967218794,4.964278183900652,53.20182521740061,514.0002399140341,232.0,0
MAQ-005,2026-03-01 18:30:00,43.43192742412206,75.64140289809454,4.152248160481452,80.6676449770541,6542.39558675948,203.0,0
MAQ-006,2026-03-01 19:00:00,97.55342754743519,56.16222353897303,9.212330676843164,68.29136890769958,12171.400207968654,129.0,0
MAQ-020,2026-03-01 19:30:00,52.121780335871875,99.89241069487431,2.51645747170194,84.65446390219047,11839.6307756212,48.0,0
MAQ-017,2026-03-01 20:00:00,92.92841221440797,48.428236431806425,1.7811445348110275,60.70029100063444,3975.595404091466,229.0,0
MAQ-005,2026-03-01 20:30:00,85.32315798972229,90.51212538604864,2.1459935912041086,57.991692876937584,6996.613496416403,210.0,0
MAQ-008,2026-03-01 21:00:00,78.6599911267702,52.177747767476404,3.9541822235595068,79.64146974852024,33897.36526279761,78.0,0
MAQ-011,2026-03-01 21:30:00,57.17522828637428,79.04887475065661,3.000185593089832,72.15986514179961,28053.187550398754,129.0,0
MAQ-014,2026-03-01 22:00:00,72.27384767229285,85.54045127018418,6.273802680253351,48.594113953494634,11914.165868267532,100.0,0
MAQ-019,2026-03-01 22:30:00,62.9361788403271,36.58690129274718,1.866662747504273,91.91224572828517,10609.95782621179,202.0,0
MAQ-018,2026-03-01 23:00:00,70.43559357257938,46.27003459076437,4.3314989665829335,79.65018750216919,3299.948165918739,164.0,0
MAQ-020,2026-03-01 23:30:00,66.2519161137166,36.406373937426444,5.66581864432644,63.51591619007893,14021.346902179554,118.0,0
MAQ-001,2026-03-02 00:00:00,39.42084240141388,32.86099921135198,7.960284031853863,55.63537776537768,15982.973633643689,232.0,0
MAQ-005,2026-03-02 00:30:00,86.82676226476882,67.0072033094491,1.1816720353354735,72.2826179374717,36176.84808985906,146.0,0
MAQ-012,2026-03-02 01:00:00,68.78339265175958,51.460689335517614,2.112094488547814,78.20970448053566,29750.316989206876,116.0,0
MAQ-001,2026-03-02 01:30:00,62.72799400746644,55.94259381742245,2.8339180134514312,33.11849852058341,19218.235596525396,222.0,0
MAQ-008,2026-03-02 02:00:00,61.595091507553484,65.01230442951905,0.8738290474264027,72.51361845045663,5480.805024724191,107.0,0
MAQ-004,2026-03-02 02:30:00,75.37689364550153,21.567036993131538,4.128360376090842,78.0510940482707,26280.849795432336,100.0,0
MAQ-019,2026-03-02 03:00:00,56.59365492558292,78.161788071227,4.082362384232029,17.95102800064457,37446.89127956482,93.0,0
MAQ-002,2026-03-02 03:30:00,36.17236662288935,48.716305059881485,3.831325739165796,68.9237931749058,3213.989595093416,52.0,0
MAQ-003,2026-03-02 04:00:00,76.10694704812414,64.58322351228144,2.7016346216965363,78.89218268791159,33959.44993767099,67.0,0
MAQ-004,2026-03-02 04:30:00,77.78654496935232,66.17283110611385,,76.61756628529092,7286.570753244386,21.0,0
MAQ-003,2026-03-02 05:00:00,67.00552262983551,79.67433809374913,,81.0489670956165,28081.10927913107,174.0,0
MAQ-012,2026-03-02 05:30:00,52.78145687214987,53.1125670199054,6.924127473651174,58.448668159635034,7435.855886012336,141.0,0
MAQ-008,2026-03-02 06:00:00,71.33403311333927,16.774525737227243,2.117113059914556,44.20187130649089,24040.540840003425,223.0,0
MAQ-019,2026-03-02 06:30:00,48.032014475296165,56.0282970421641,1.1517388693209982,29.005113364692072,9581.220910746,146.0,0
MAQ-006,2026-03-02 07:00:00,54.591541049685105,58.612723446908824,3.107936812979918,86.84446481136115,21713.75267991559,19.0,0
MAQ-011,2026-03-02 07:30:00,58.73953095243758,36.38330453547789,3.5615472300342694,79.06130987588686,24046.298978912517,148.0,0
MAQ-014,2026-03-02 08:00:00,82.65908606337334,57.65483177979289,4.381525775981024,88.36977861656936,24778.96097177502,42.0,0
MAQ-013,2026-03-02 08:30:00,64.56083574344625,48.50166817492675,0.325398119008358,50.49717282311711,27343.67522448916,8.0,0
MAQ-016,2026-03-02 09:00:00,63.282003823353094,30.83042891291481,2.4783075301161612,81.07672845250727,2854.2800578592046,159.0,0
MAQ-005,2026-03-02 09:30:00,99.3203877311687,67.08672811016712,10.928012150293423,34.946380960864026,28165.157413133682,6.0,1
MAQ-011,2026-03-02 10:00:00,75.2869374578307,44.85294728383967,1.9904687724659536,47.61012882580377,6268.4491969929995,98.0,0
MAQ-017,2026-03-02 10:30:00,75.08491765712239,47.685174134732755,6.097157873280364,67.51954433015673,27113.59488016337,214.0,0
MAQ-018,2026-03-02 11:00:00,64.45448882186838,46.67358074883248,18.291754617301816,78.26415259652842,5049.1008080726015,61.0,0
MAQ-013,2026-03-02 11:30:00,61.054424985448335,77.23861475435464,12.259306815122931,98.58024895794048,19228.64695101504,166.0,1
MAQ-014,2026-03-02 12:00:00,37.20390339974274,54.26350908807894,1.3208696236091548,60.198718692031896,15532.060196674052,90.0,0
MAQ-018,2026-03-02 12:30:00,84.53110797885337,56.42379676982479,5.74805044855222,47.68500556421871,38697.119630066365,27.0,0
MAQ-013,2026-03-02 13:00:00,76.72464558634569,47.068549221044854,5.998902203710225,46.65702244337142,25269.285713203815,47.0,0
MAQ-019,2026-03-02 13:30:00,67.31251010179881,63.33160280058829,5.122320492893332,51.24308109951414,3619.4159387274594,17.0,0
MAQ-003,2026-03-02 14:00:00,67.94159947245616,79.2877248721121,1.126908310377234,109.42053592950239,28065.36981137466,36.0,0
MAQ-007,2026-03-02 14:30:00,81.04216393391583,66.66149471475711,3.8089093385166546,80.13747162268916,7846.122131231431,38.0,0
MAQ-003,2026-03-02 15:00:00,46.67934890380221,67.36360530402742,3.7896688772761564,87.25063700724918,11517.399472262929,211.0,0
MAQ-002,2026-03-02 15:30:00,61.15178002669292,65.91214370591823,0.9812058349890207,60.220288256402114,15199.87731374121,193.0,0
MAQ-010,2026-03-02 16:00:00,52.95545705661205,30.155632420399062,2.591241565653445,64.96702635202509,31071.39506830513,84.0,0
MAQ-005,2026-03-02 16:30:00,96.57263923730119,39.22986102941551,3.934589792624581,78.98529011917047,37768.82945757697,173.0,1
MAQ-009,2026-03-02 17:00:00,83.1348329777995,51.31022691521573,3.038295324695705,54.88402488438121,36980.97355623455,49.0,0
MAQ-009,2026-03-02 17:30:00,36.95961038296954,41.93444723512194,5.388113523760349,59.173842269066476,6910.276908581111,153.0,0
MAQ-013,2026-03-02 18:00:00,47.29357560040037,35.83833355439204,2.5397337449100683,51.505913674723196,2510.497748043734,48.0,0
MAQ-019,2026-03-02 18:30:00,68.0148148996377,21.300836664329672,3.524771366658369,56.0501460048577,33158.467469252515,153.0,0
MAQ-017,2026-03-02 19:00:00,62.913396818913625,30.76247416358546,6.368213889127199,65.97957225006645,11599.908686977124,85.0,0
MAQ-008,2026-03-02 19:30:00,50.134266878846674,50.382539967833196,10.08150268113601,48.5657974767208,23354.761542534543,206.0,0
MAQ-007,2026-03-02 20:00:00,99.17143356475734,53.75032539726008,1.1036628385716516,70.71957958258773,39147.2358629288,200.0,1
MAQ-016,2026-03-02 20:30:00,74.68809870973868,40.72503202964964,5.245674034547803,70.69163491102233,7538.238014345606,80.0,0
MAQ-003,2026-03-02 21:00:00,77.12224484294637,56.420653828298065,2.2230901560000564,61.41502714287633,15056.750085088514,9.0,0
MAQ-011,2026-03-02 21:30:00,59.61977576151679,47.190994463649226,4.421912906743965,48.45080288873158,34717.19795123003,77.0,0
MAQ-009,2026-03-02 22:00:00,80.83411220767003,74.63032457272926,1.0249870019383642,67.09926097903723,26034.22382841385,67.0,0
MAQ-004,2026-03-02 22:30:00,64.29350858526982,52.090736247552925,7.485314430094729,54.901908740964174,37508.36496944041,102.0,0
MAQ-013,2026-03-02 23:00:00,65.7498523943875,67.53395586523088,1.6786254537788734,65.93188334212068,25305.60066685746,137.0,0
MAQ-007,2026-03-02 23:30:00,79.1650293973789,58.657847721304464,6.447802514104482,86.9625493480687,12212.441724828614,237.0,1
MAQ-004,2026-03-03 00:00:00,45.565036524095504,29.76272129360701,1.1617230622824999,39.941197657919346,32223.83336034728,15.0,0
MAQ-014,2026-03-03 00:30:00,93.95541789776473,53.36815283673084,0.8272574741869272,108.4697267378675,30394.623821351004,133.0,0
MAQ-004,2026-03-03 01:00:00,72.73583822085814,32.7587662120837,2.7538792004292207,63.54952816424519,37351.39574904666,41.0,0
MAQ-014,2026-03-03 01:30:00,89.21416313170636,53.053824912095415,3.8361885548047847,73.2367854781184,19099.0605953,131.0,0
MAQ-004,2026-03-03 02:00:00,53.86870365071772,41.58764528984759,12.991454550191103,49.9449981951633,20163.287556658957,152.0,0
MAQ-009,2026-03-03 02:30:00,56.152523139577106,61.875334602726554,3.767896765261428,87.84423099083295,13020.541704430849,194.0,0
MAQ-017,2026-03-03 03:00:00,52.571496676002816,30.837621925608378,1.317678110332588,62.4874706109866,10823.45754681068,134.0,0
MAQ-005,2026-03-03 03:30:00,73.75446508997258,55.264632855029866,5.741421129095944,57.11763380401653,39861.45998373785,42.0,1
MAQ-016,2026-03-03 04:00:00,70.98974952877369,65.30348048613749,8.338086111510025,53.489699574488526,39092.49509813138,219.0,0
MAQ-015,2026-03-03 04:30:00,63.033822711532295,,1.5973208830336714,59.6301594842161,21232.893873747,97.0,0
MAQ-019,2026-03-03 05:00:00,54.78896210672081,41.24498035808399,6.286230748459393,73.36694645905817,38207.91473631708,115.0,0
MAQ-004,2026-03-03 05:30:00,51.00105595403737,55.31951749972915,7.638973479605986,68.45621381261151,14310.602359497054,153.0,0
MAQ-015,2026-03-03 06:00:00,69.27274149294016,58.314645512408326,5.838485175692813,64.20280533779454,34014.77353057999,63.0,0
MAQ-019,2026-03-03 06:30:00,63.016198306171,82.84827303176982,1.905435550413244,50.7715716410036,25431.23949802888,237.0,0
MAQ-016,2026-03-03 07:00:00,59.715895114626065,28.336058906497534,3.866440460236068,49.61653052150048,28710.937954172605,10.0,0
MAQ-004,2026-03-03 07:30:00,93.20634229197414,38.60015418872112,4.417865765734644,55.782514348405385,28756.29700292929,37.0,0
MAQ-017,2026-03-03 08:00:00,68.76511482710899,105.48032486924944,7.336869883450028,74.20551424321428,25469.563135249908,237.0,0
MAQ-003,2026-03-03 08:30:00,89.05064400890387,50.08424888879245,2.0155804898460175,78.24519751540807,34107.88765167249,108.0,0
MAQ-012,2026-03-03 09:00:00,62.00121725975955,20.962111421741056,6.394938799552991,80.94088393796038,15741.328701223987,214.0,0
MAQ-010,2026-03-03 09:30:00,73.67164425697985,44.51409741973301,2.955964749549593,64.97066212922384,33982.639143427274,217.0,0
MAQ-011,2026-03-03 10:00:00,69.16785975615498,5.160282013641485,2.478494872840987,72.67123881835649,7418.265040429888,237.0,0
MAQ-011,2026-03-03 10:30:00,44.53566535722816,59.336572824210755,3.429058942399726,61.63098590234177,8078.380865982269,174.0,0
MAQ-001,2026-03-03 11:00:00,91.4250745939587,69.57612568500794,0.25319002027694554,30.154040181432634,28721.994493640927,163.0,0
MAQ-011,2026-03-03 11:30:00,67.97269589451376,38.59007722896244,0.383744553055734,60.68146420921204,30030.182624070734,147.0,0
MAQ-019,2026-03-03 12:00:00,81.1962732944944,46.526969399472875,0.5324375208178485,57.493467492844964,36101.812887215936,163.0,0
MAQ-009,2026-03-03 12:30:00,58.71956916307661,71.62577479664043,4.559810373142265,44.21909591141897,11059.847901708643,61.0,0
MAQ-006,2026-03-03 13:00:00,67.52733427630353,,2.7096701206079246,53.65211648494392,2337.1711502190583,195.0,0
MAQ-020,2026-03-03 13:30:00,56.99721460114968,31.21171818040818,1.9105104276868017,67.70182828581954,20348.121843735094,44.0,0
MAQ-002,2026-03-03 14:00:00,88.5399772414509,50.89392672911848,3.2006452063249418,42.33506428629848,35026.08456853402,115.0,0
MAQ-010,2026-03-03 14:30:00,74.67114021176013,41.45797292559727,6.497701298000366,50.78429057168381,38861.48756050945,89.0,1
MAQ-011,2026-03-03 15:00:00,75.50580290021333,49.71039584547542,3.0874093338850868,95.95804031105436,34327.26917866879,182.0,0
MAQ-010,2026-03-03 15:30:00,90.37276220657469,32.2524942506826,1.2844903800374239,32.94587348239388,19649.26234193695,61.0,0
MAQ-019,2026-03-03 16:00:00,87.34511945348535,58.85764274658714,14.369544053034069,61.336356807857904,34548.951219234135,49.0,1
MAQ-009,2026-03-03 16:30:00,81.48013804204427,52.3138044667602,3.326093900622965,41.6738126847183,8637.439862374535,194.0,0
MAQ-020,2026-03-03 17:00:00,48.67408979443806,64.88542889619458,7.684778518211721,49.96726404347781,36854.669084270856,116.0,0
MAQ-002,2026-03-03 17:30:00,59.56481320724974,58.607191008645266,5.876548473294216,61.04525540763772,22717.153844620087,172.0,0
MAQ-015,2026-03-03 18:00:00,54.94167795982971,58.72042130492842,2.3472119691165045,45.24847754742462,15635.607073503877,210.0,0
MAQ-012,2026-03-03 18:30:00,80.913005404387,28.966467618457955,9.984182408604475,76.47861230732856,23307.483168356437,200.0,1
MAQ-005,2026-03-03 19:00:00,72.55977912625077,,2.04568349479453,92.02301239544826,31381.92757370108,95.0,0
MAQ-005,2026-03-03 19:30:00,49.142313495541075,49.04440476752004,4.502258620894853,81.83356272205464,9680.848359314177,41.0,0
MAQ-015,2026-03-03 20:00:00,67.16883680483159,52.00123046230688,4.076744368458742,85.49226235441736,4165.004130472562,230.0,0
MAQ-013,2026-03-03 20:30:00,47.58831496421833,73.86875877503458,,37.40528641942372,29351.492136121036,74.0,0
MAQ-013,2026-03-03 21:00:00,69.2026526789536,42.05015998269589,8.879934589514072,60.13857956361733,38103.51175668363,184.0,1
MAQ-002,2026-03-03 21:30:00,45.16941244019223,79.321317912262,3.3928071526161716,74.34842134706864,25515.42586977216,184.0,0
MAQ-012,2026-03-03 22:00:00,77.9324124007692,81.00055538871567,3.8946056655017744,82.42381828229074,5789.0798181999635,106.0,0
MAQ-020,2026-03-03 22:30:00,75.6694393905111,68.5501198725587,4.03910421081209,100.06705985219651,25771.076241336563,39.0,0
MAQ-001,2026-03-03 23:00:00,98.61922740020321,37.34882540618641,,86.38079183257891,4753.6206376172495,113.0,1
MAQ-010,2026-03-03 23:30:00,82.71809934246014,15.64672157871523,7.292877953366354,82.92977247347768,12210.637645494484,34.0,0
MAQ-010,2026-03-04 00:00:00,63.65628616266246,74.41902845667894,0.7858373091338654,117.6719116107872,1360.7482778387607,84.0,0
MAQ-018,2026-03-04 00:30:00,82.27105139911728,57.004931103959436,2.1114941231609867,66.92618163214591,19551.314801107215,91.0,0
MAQ-006,2026-03-04 01:00:00,49.03504178582232,41.586445525213676,3.574670315749371,59.21883123516862,12922.032001765258,124.0,0
MAQ-010,2026-03-04 01:30:00,55.56291094478372,76.12412218760085,8.75667183078236,68.54715807320898,3991.1234048313404,44.0,0
MAQ-015,2026-03-04 02:00:00,74.99713798112666,39.49194014419943,9.334486212194486,46.69894488626398,12430.189361077804,203.0,1
MAQ-002,2026-03-04 02:30:00,37.62625505878109,47.36520535184303,3.241919564640784,66.35267571535614,25938.0477647049,18.0,0
MAQ-017,2026-03-04 03:00:00,69.44258822599176,64.4480265577059,2.0535680367803337,30.462956124450365,11634.354064468784,236.0,1
MAQ-017,2026-03-04 03:30:00,54.69605061822369,34.955149030932205,2.8999990021405986,54.409619268643894,5808.577483977908,75.0,0
MAQ-015,2026-03-04 04:00:00,71.51960582729896,53.029343627072784,3.6733707692225854,62.69332235868817,21837.41885452857,117.0,0
MAQ-013,2026-03-04 04:30:00,999.0,74.6044693104405,2.7454686123064453,83.99270581706087,30153.768096400676,210.0,1
MAQ-015,2026-03-04 05:00:00,76.36372206182783,58.799993385180336,7.816795985293208,87.22181088772723,33222.64011263767,157.0,1
MAQ-016,2026-03-04 05:30:00,70.28991135501084,77.45367406282625,2.537670675659817,45.72765870497837,18936.67481321444,13.0,0
MAQ-019,2026-03-04 06:00:00,91.00548875321996,75.40484244410797,1.6164536661482072,106.52066867927184,28471.789594856433,144.0,0
MAQ-009,2026-03-04 06:30:00,70.10101801152433,55.13929001958915,2.8513943493526277,67.96746956879005,33349.77716291967,135.0,0
MAQ-010,2026-03-04 07:00:00,58.47035792557801,,4.231065747468249,69.8008993206154,26948.280299811853,223.0,0
MAQ-013,2026-03-04 07:30:00,66.29671216259075,35.09609868612448,7.915775486969607,32.64613030023346,21138.129062823922,135.0,1
MAQ-004,2026-03-04 08:00:00,49.83645404474903,68.7400140229208,1.5059119566106505,52.59885219759886,2491.580748922024,238.0,0
MAQ-018,2026-03-04 08:30:00,76.0920588205816,27.095474434864833,4.250748952172325,85.99647623064956,11672.371546373486,127.0,0
MAQ-016,2026-03-04 09:00:00,78.84775369472908,49.1195334054349,4.346007314426186,68.39556925426197,12860.624782084493,46.0,0
MAQ-013,2026-03-04 09:30:00,107.03794055039226,61.09265104640258,4.948086411668825,67.15629452505748,15860.94891226976,121.0,1
MAQ-007,2026-03-04 10:00:00,60.67246014093393,81.45227252370718,2.53580290434427,69.54344341150963,38040.618861842086,220.0,1
MAQ-007,2026-03-04 10:30:00,65.98308139487226,44.64964546382055,4.888200441961169,36.13591389827903,8434.126159878431,4.0,0
MAQ-009,2026-03-04 11:00:00,61.363622133426766,43.41722123650367,5.772464272696361,63.06782893197023,21708.04094919102,95.0,0
MAQ-014,2026-03-04 11:30:00,73.18170551696836,54.05597620308099,2.513837332624767,93.16660710595244,39649.60245709939,11.0,0
MAQ-010,2026-02-07 12:30:00,53.61726509369563,63.58815168183047,3.3797086676983743,75.99627560742644,9197.343801165003,151.0,0
MAQ-009,2026-01-25 19:00:00,54.139198830050816,62.08148449324941,0.33945590333847603,81.7857071798733,9259.201785860118,18.0,0
MAQ-006,2026-02-07 20:30:00,38.350740296800424,84.61598802756332,9.745033756175665,21.981908649921785,33633.297400537114,141.0,0
MAQ-010,2026-01-06 05:30:00,35.863953944173716,44.90381636481113,1.9904399455191932,89.98524507543783,36723.76252209256,120.0,0
MAQ-003,2026-02-22 04:30:00,57.93775057637561,60.405281873941234,3.1819496747486546,56.60769038661988,5076.1690508604825,239.0,0
MAQ-012,2026-01-24 06:30:00,55.54337219148417,46.45915787031273,7.6270529807364795,61.01139973360723,27133.969632532768,16.0,0
MAQ-012,2026-01-30 09:30:00,59.837326814623495,99.06044956467233,7.7247317721998865,85.24591466338362,38834.31423257683,209.0,1
MAQ-019,2026-02-14 00:30:00,68.91381491754184,34.33360069351973,2.1232286091405257,62.12036100355681,8984.961481563336,125.0,0
MAQ-019,2026-01-09 12:00:00,64.43832745806907,93.7624226890758,2.8618412540568343,75.84825482381638,20331.113851384285,212.0,0
MAQ-012,2026-02-23 17:30:00,67.3935641595676,31.727169027971684,2.7741259220169234,93.24446057612984,34836.010883900446,110.0,0
